"i","Seed","R12","R15","R12R23","R12R25","R15R52","R15R52R23","R15R54","R12R23R34","R12R25R54","R15R52R23R34"
1,0.9800000000000004,0.009090909090909094,0.010909090909090913,0,0,0,0,0,0,0,0
2,0.9604000000000013,0.017895104895104902,0.02144895104895106,0.00006293706293706296,0.00004195804195804197,0.000025174825174825185,0,0.00012587412587412592,0,0,0
3,0.9411920000000021,0.026419532006455103,0.031629056481979584,0.00018619688004303396,0.00012413125336202264,0.00007452135556750944,1.510489510489511e-7,0.000373362022592792,6.293706293706297e-7,4.195804195804197e-7,0
4,0.9223681600000022,0.0346709821616254,0.041458664790830525,0.00036723936359498506,0.00024482624239665675,0.00014706435777713417,5.966665949435181e-7,0.0007383126743079412,2.491339429800969e-6,1.6608929532006462e-6,1.510489510489511e-9
5,0.9039207968000026,0.04265609745836191,0.0509468198489715,0.0006035968464625956,0.00040239789764173045,0.00024185581345546487,1.473086075656888e-6,0.0012166818834329087,6.163733065750819e-6,4.109155377167213e-6,7.477155459924692e-9
6,0.8858423808640031,0.05038137350754867,0.06010235649027948,0.0008928723219404752,0.0005952482146269834,0.00035797426284158937,2.909490095633108e-6,0.0018045298047671952,0.000012199701530376775,8.133134353584517e-6,2.2208016216493572e-8
7,0.8681255332467236,0.05785316252038608,0.06893390507976964,0.0012327377230040998,0.0008218251486693998,0.0004945241630113386,5.028240771726313e-6,0.0024980185335011893,0.00002112842474978153,0.000014085616499854352,5.1302917172824655e-8
8,0.8507630225817895,0.06507767633200919,0.07744989598751051,0.0016209322401459624,0.0010806214934306415,0.0006506352605250465,7.945103342077081e-6,0.0032934097459600695,0.00003345580197982253,0.000022303867986548352,1.015853248900878e-7
9,0.8337477621301539,0.07206098936283793,0.08565856396773654,0.002055260676966105,0.00137017378464407,0.0008254619781638435,0.00001176946387180659,0.004187062391969806,0.00004966512438128215,0.000033110082920854766,1.810363583108586e-7
10,0.817072806887551,0.07880904151892547,0.0935679524451276,0.0025335918427083987,0.0016890612284722658,0.0010181828154511756,0.000016604541102071586,0.005175430437751381,0.0000702177311509432,0.00004681182076729547,2.987309970289245e-7
11,0.8007313507498004,0.08532764103254498,0.10118591771018513,0.0030538569809507986,0.0020359046539671992,0.001227999762662609,0.00002254759258375792,0.006255060658272084,0.00009555364957802719,0.00006370243305201812,4.647764080496404e-7
12,0.7847167237348046,0.09162246724423058,0.10852013302559439,0.0036140482336742942,0.0024093654891161964,0.0014541377280332145,0.000029690115233895995,0.0074225904780049895,0.00012609221938753517,0.00008406147959169011,6.902523338872197e-7
13,0.7690223892601088,0.09769907332746319,0.11557809264542389,0.004212217139951456,0.0028081447599676373,0.0016958439778779252,0.00003811804044975632,0.00867474585906954,0.0001622327017242781,0.00010815513448285207,9.871534862261795e-7
14,0.7536419414749074,0.10356288895716828,0.12236711574897514,0.004846473168511302,0.003230982112340868,0.0019523875893462511,0.00004791192391252631,0.010008339235747508,0.00020435487312379266,0.00013623658208252845,1.3683338907237426e-6
15,0.7385691026454096,0.10921922292316864,0.12889435029105825,0.005514982283452739,0.0036766548556351588,0.0022230589155385777,0.00005914713020947855,0.011420267494389529,0.0002528196048089057,0.0001685464032059371,1.8474531298490057e-6
16,0.7237977205925018,0.11467326568971273,0.13516677677043268,0.006215965542393994,0.004143977028262662,0.002507169062717019,0.00007189401240061523,0.012907509997747894,0.0003079694276434331,0.0002053129517622887,2.438924431943791e-6
17,0.7093217661806519,0.11993009190217585,0.14119121191811693,0.006947697726360373,0.004631798484240248,0.0028040493793494077,0.00008621808665291119,0.014467126652791347,0.00037012908306737304,0.0002467527220449153,3.1578645559499434e-6
18,0.695135330857039,0.12499466284200982,0.14697431230723543,0.007708506000727217,0.005139004000484811,0.003113050956730504,0.00010218020206247853,0.01609625602107731,0.0004396060603309768,0.0002930707068873178,4.020045422479055e-6
19,0.6812326242398984,0.12987182883099468,0.1525225778860372,0.008496768606549243,0.005664512404366162,0.0034335441409298947,0.00011983670578223675,0.01779211347077618,0.000516691120338249,0.00034446074689216595,5.04184744310384e-6
20,0.6676079717551006,0.13456633158582496,0.15784235543568678,0.009310913581621406,0.006207275721080937,0.003764918055821324,0.00013923960356999375,0.019551989369461224,0.0006016588064037414,0.0004011058709358276,6.240214500926208e-6
21,0.6542558123199989,0.13908280652404187,0.16293984195439515,0.010149417510630135,0.006766278340420089,0.004106580136953366,0.00016043671586922175,0.02137324731679607,0.0006947679422199555,0.000463178628146637,7.632610536626146e-6
22,0.6411706960735993,0.1434257850223029,0.1678210879694266,0.0110108043037672,0.007340536202511466,0.004457955676026404,0.00018347182953224971,0.02325332241626986,0.0007962621173262568,0.0005308414115508379,9.236977695318364e-6
23,0.6283472821521274,0.1475996966279594,0.172492000778485,0.011893644003191624,0.00792909600212775,0.004818487375745845,0.00020838484529308562,0.025189719585147857,0.0009063701603639288,0.0006042467735759526,0.000011071695990640862
24,0.6157803365090854,0.15160887122489392,0.17695834762195298,0.012796551616737888,0.008531034411158591,0.005187634914826335,0.00023521192109462983,0.027180011901822683,0.0010253066003958452,0.0006835377335972301,0.000013155544443571718
25,0.603464729778904,0.1554575411545494,0.18122575878742644,0.013718185978281313,0.009145457318854208,0.0055648745229265,0.00026398561137264153,0.029221838989768295,0.001153272116563224,0.000768848077708816,0.000015507663654518018
26,0.5913954351833264,0.15914984329306386,0.18529973064795782,0.014657248634183842,0.009771499089455894,0.005949698565298387,0.00029473500239647415,0.031312905437315526,0.0012904539763460372,0.000860302650897358,0.000018147519768244433
27,0.57956752647966,0.16268982108540492,0.18918562863539162,0.015612482755255522,0.010408321836837015,0.0063416151369403454,0.0003274858437642997,0.03345097925248427,0.0014370264626878755,0.000958017641791917,0.000021094869792209176
28,0.567976175950067,0.16608142653738142,0.19288869015014823,0.016582672073678847,0.011055114715785897,0.006740147666046529,0.0003622606761482988,0.035633890352123394,0.0015931512902404308,0.001062100860160287,0.000024369728229852173
29,0.5566166524310661,0.16932852216639127,0.19641402740878328,0.0175666398443547,0.011711093229569798,0.007144834526550591,0.000399078955383095,0.0378595290846251,0.0017589780109772192,0.001172652007318146,0.00002799233499133516
30,0.545484319382445,0.1724348829117468,0.19976663023062294,0.018563247830140014,0.012375498553426675,0.007555228659565403,0.0004379571729885676,0.040125844785495676,0.001934644409420766,0.001289762939613844,0.00003198312454516611
31,0.5345746329947964,0.17540419800540272,0.2029513687647487,0.0195713953104584,0.013047596873638932,0.007970897203524832,0.0004789089732160743,0.04243084436507979,0.002120276887722166,0.0014135179251481109,0.00003636269627505179
32,0.5238831403349006,0.17824007280389445,0.20597299615857864,0.020590018112775835,0.013726678741850556,0.008391421132837718,0.0005219452667050626,0.04477259092774996,0.00231599084082675,0.0015439938938845003,0.000041151786007212536
33,0.5134054775282029,0.18094603058227868,0.2088361511692672,0.02161808766644427,0.014412058444296178,0.00881639490486818,0.0005670743408350382,0.04714920242188741,0.0025218910219545086,0.001681260681303006,0.00004637123867426316
34,0.5031373679776391,0.18352551429085145,0.21154536071911925,0.02265461007842637,0.01510307338561758,0.009245426115060356,0.0006143019668558969,0.04955885031999433,0.0027380718986189513,0.0018253812657459678,0.00005204198208261354
35,0.49307462061808666,0.18598188827540407,0.21410504239619102,0.023698625230424927,0.015799083486949948,0.009678135160029501,0.0006636315038777001,0.05199975832829185,0.002964617999403215,0.0019764119996021436,0.00005818500175117251
36,0.4832131282057252,0.1883184399617614,0.2165195069012243,0.0247492058969504,0.016499470597966928,0.01011415490844515,0.0007150639997991001,0.054470201125170974,0.003201604251707464,0.0021344028344716433,0.0000648213167899495
37,0.47354886564161075,0.1905383815053316,0.21879296044203903,0.025805456883870013,0.017203637922580003,0.010553130379535765,0.00076859828925178,0.0569685031278774,0.003449096310676968,0.0022993975404513125,0.00007197195678794051
38,0.4640778883287787,0.19264485140638263,0.22092950707648432,0.026866514186991302,0.017911009457994193,0.01099471842904787,0.0008242310886364768,0.05949303728682401,0.0037071508795156684,0.0024714339196771126,0.00007965793968045831
39,0.45479633056220325,0.19464091609174544,0.222933151005026,0.0279315441702425,0.018621029446828325,0.01143858744249624,0.0008819570883243993,0.06204222390693729,0.003975816021385582,0.0026505440142570546,0.00008790025056682308
40,0.4457004039509593,0.19652957146362995,0.22480779881402657,0.02899974276302139,0.01933316184201425,0.011884417035545169,0.0009417690420961327,0.06461452949545682,0.004255131463088007,0.0028367543087253378,0.00009671982145006707
41,0.43678639587194035,0.19831374441622612,0.2265572616707519,0.03007033467629323,0.020046889784195478,0.012331897761364266,0.0010036578538884424,0.06720846563561866,0.00454512889071822,0.0030300859271454803,0.0001061375118710284
42,0.42805066795450175,0.19999629432074884,0.2281852574711165,0.031142572637027247,0.02076171509135149,0.012780730824805506,0.0010676126619177436,0.0698225878856658,0.004845832237481152,0.003230554824987435,0.00011617409040991282
43,0.41948965459541193,0.20158001447957133,0.22969541294115994,0.03221573664056985,0.02147715776037989,0.013230627803251557,0.0011336209202473992,0.07245549470264022,0.005157257963851425,0.00343817197590095,0.00012685021702909025
44,0.41109986150350386,0.20306763355008006,0.23109126569322533,0.033289133220561186,0.022192755480374114,0.013681310373988571,0.0012016684778644346,0.07510582639042283,0.005479415330257123,0.003652943553504749,0.00013818642623156425
45,0.40287786427343414,0.20446181693886972,0.2323762662377909,0.03436209473600998,0.022908063157339974,0.014132510047959776,0.0012717396553297217,0.0777722640714985,0.005812306662462735,0.00387487110830849,0.0001502031110102086
46,0.3948203069879656,0.205765168166886,0.23355377995188692,0.035433978675149747,0.02362265245009982,0.014583967909759228,0.0013438173190641832,0.08045352868193455,0.006155927609822835,0.00410395173988189,0.0001629205075635058
47,0.3869239008482063,0.20698023020610976,0.23462708900500923,0.03650416697570746,0.024336111317138295,0.015035434363728102,0.0014178829533320967,0.08314837998907171,0.0065102673965743325,0.004340178264382888,0.00017635868075414765
48,0.37918542283124235,0.2081094867883656,0.2355993942434238,0.03757206536122345,0.025048043574148957,0.015486668886018832,0.0014939167299811444,0.0858556156314372,0.006875309066331407,0.004583539377554271,0.00019053751028746862
49,0.3716017143746178,0.2091553636868258,0.2364738170337368,0.03863710269306913,0.025758068462046077,0.015937439782495236,0.001571897575997446,0.08857407018039978,0.007251029719943641,0.004834019813295761,0.00020547667758728008
50,0.3641696800871255,0.21012022997076804,0.23725340106658718,0.039698730337816464,0.026465820225210965,0.016387523952339656,0.001651803238932443,0.09130261422309674,0.007637400746874332,0.005091600497916221,0.00022119565334725454
51,0.3568862864853832,0.21100639923413514,0.237941114121301,0.04075642154962054,0.027170947699747015,0.01683670665724082,0.0017336103502571564,0.09404015346617274,0.008034388050252497,0.0053562587001683305,0.00023771368573657898
52,0.3497485607556759,0.2118161307984336,0.23853984979232914,0.04180967086728373,0.027873113911522477,0.01728478129603884,0.0018172944866980296,0.09678562785988006,0.008441952265748702,0.005627968177165801,0.0002550497892391505
53,0.34275358954056256,0.21255163089049628,0.2390524291782735,0.04285799352567697,0.02857199568378464,0.01773154918470644,0.0019028302296072823,0.09953801074209924,0.008860048974421539,0.005906699316281025,0.0002732227341061308
54,0.33589851774975155,0.21321505379562503,0.23948160253428954,0.04390092488120056,0.0292672832541337,0.018176819341548064,0.001990191222419448,0.10229630800184855,0.009288628909678309,0.0061924192731188715,0.0002922510364022036
55,0.3291805473947567,0.21380850298661727,0.23983005088863724,0.04493801985097365,0.029958679900649092,0.018620408277500982,0.002079350226244542,0.10505955726185959,0.009727638158490315,0.0064850921056602085,0.0003121529486263981
56,0.32259693644686177,0.2143340322291716,0.24010038762413596,0.04596885236544818,0.03064590157696545,0.01906213979142514,0.0021702791736471026,0.1078268270798054,0.01017701835700005,0.0067846789046667,0.0003329464508888435
57,0.3161449977179246,0.2147936466641561,0.24029516002526405,0.046993014834149506,0.031328676556099666,0.019501844770270747,0.0022629492206591825,0.1105972161677762,0.010636706880654533,0.007091137920436355,0.00035464924262531455
58,0.3098220977635661,0.21518930386721513,0.24041685079162725,0.04801011762425217,0.03200674508283478,0.019939360994015116,0.002357330797074215,0.11336985262960617,0.011106637028996029,0.0074044246859973515,0.00037727873483190636
59,0.303625655808295,0.21552291488617828,0.24046787951850654,0.04901978855170575,0.0326798590344705,0.020374532945262473,0.002453393655067564,0.1161438932156634,0.011586738205238551,0.0077244921368256995,0.0004008520428026485
60,0.29755314269212924,0.21579634525672786,0.24045060414517994,0.05002167238463147,0.033347781589754315,0.020807211623402835,0.0025511069161884632,0.11891852259472308,0.012076936090755608,0.008051290727170405,0.00042538597935332415
61,0.29160207983828695,0.216011415996771,0.24036732237169928,0.05101543035871635,0.0340102869058109,0.02123725436322822,0.0026504391167669955,0.12169295264255206,0.012577152814601922,0.008384768543067947,0.0004508970485152088
62,0.28577003824152136,0.21616990457995355,0.24022027304478852,0.0520007397043376,0.034667159802891735,0.021664524657906616,0.002751358251778695,0.12446642174684089,0.013087307118189085,0.008724871412126056,0.0004774014396828788
63,0.28005463747669096,0.21627354588874415,0.24001163751351642,0.05297729318515544,0.0353181954567703,0.02208889198621638,0.0028538318172083477,0.1272381941281269,0.013607314515232461,0.009071543010154974,0.0005049150222006658
64,0.2744535447271572,0.21632403314750828,0.23974354095538267,0.05394479864791827,0.03596319909861218,0.022510231643945656,0.0029578268509535626,0.13000755917635978,0.014137087447084015,0.009424724964722677,0.0005334533403727492
65,0.2689644738326142,0.21632301883598323,0.2394180536734436,0.05490297858322953,0.03660198572215302,0.022928424579363633,0.003063309972307701,0.13277383080276803,0.014676535433563198,0.0097843569557088,0.0005630316088822848
66,0.26358518435596195,0.21627211558355686,0.23903719236509016,0.055851569697030964,0.03723437979802065,0.023343357232672318,0.0031702474200608058,0.13553634680669238,0.015225565219395493,0.01015037681293033,0.0005936647086053618
67,0.25831348066884274,0.21617289704474485,0.2386029213630791,0.056790322492562204,0.037860214995041476,0.023754921379349564,0.0032786050892562317,0.1382944682570588,0.0157840809163658,0.010522720610910537,0.0006253671828059698
68,0.253147211055466,0.216026898756253,0.23811715384940424,0.05771900086256174,0.0384793339083745,0.024163013977295957,0.0033883485666397666,0.14104757888817124,0.016351984141291423,0.010901322760860952,0.0006581532336985322
69,0.2480842668343568,0.21583561897600326,0.237581753042584,0.05863738169147941,0.039091587794319614,0.024567537017700036,0.0034994431648371445,0.1437950845095105,0.01692917414991704,0.011286116099944697,0.0006920367193649299
70,0.24312258149766977,0.21560051950449458,0.23699853335892862,0.05954525446747541,0.03969683631165028,0.024968397379538262,0.0036118539552949733,0.14653641242923263,0.017515547966831833,0.011677031977887893,0.0007270311510133013
71,0.23826012986771647,0.2153230264888621,0.236369261548339,0.06044242090398562,0.040294947269323755,0.02536550668762779,0.003725545800019253,0.14927101089106642,0.018111000511506586,0.012074000341004396,0.0007631496905662511
72,0.23349492727036228,0.21500453120999083,0.23569565780517765,0.06132869457063789,0.04088579638042526,0.025758781174152038,0.003840483382144827,0.15199834852431648,0.018715424720546443,0.012476949813697635,0.0008004051485664436
73,0.2288250287249551,0.21464639085303266,0.23497939685474067,0.06220390053330837,0.04146926702220558,0.02614814154358061,0.003956631235368291,0.15471791380668393,0.019328711666252822,0.012885807777501887,0.0008388099823878918
74,0.22424852815045615,0.21424992926166858,0.23422210901584936,0.06306787500311166,0.042045250002074444,0.02653351284090699,0.004073953772276092,0.15742921453962325,0.019950750671585905,0.013300500447723943,0.0008783762947415747
75,0.21976355758744714,0.21381643767645067,0.23342538124006845,0.06392046499412286,0.042613643329415245,0.026914824323128892,0.004192415311598773,0.16013177733595996,0.02058142942161702,0.013720952947744688,0.0009191158324643356
76,0.2153682864356983,0.21334717545755236,0.23259075812804805,0.06476152798963399,0.043174351993089326,0.027292009333897964,0.004311980104421559,0.16282514711949922,0.02122063407155825,0.014147089381038841,0.0009610399855803233
77,0.21106092070698443,0.2128433707922478,0.23171974292347572,0.06559093161675147,0.04372728774450098,0.027665005181266994,0.004432612359380732,0.1655088866363613,0.02186824935145459,0.014578832900969734,0.0010041597866245389
78,0.20683970229284487,0.21230622138743568,0.23081379848511502,0.06640855332914568,0.04427236888609711,0.028033753018464336,0.004554276266874526,0.16818257597778602,0.022524158667622106,0.015016105778414744,0.0010484859102183463
79,0.20270290824698808,0.21173689514751565,0.2298743482373969,0.06721428009776724,0.04480952006517815,0.028398197727626893,0.0046769360223165675,0.17084581211415273,0.023188244200913564,0.015458829467275715,0.0010940286728870915
80,0.19864885008204836,0.21113653083791903,0.22890277710002105,0.06800800810934929,0.04533867207289952,0.028758287806424355,0.004800555848459163,0.17349820843996885,0.023860387001891237,0.015906924667927497,0.001140798033110257
81,0.19467587308040743,0.21050623873459104,0.22790043239701374,0.06878964247251831,0.045859761648345536,0.029113975257508935,0.004925100016813118,0.17613939432958448,0.02454046708298473,0.01636031138865649,0.0011888035915948486
82,0.19078235561879947,0.20984710125971312,0.2268686247456805,0.0695590969313403,0.04637273128756019,0.029465215480726215,0.00505053286819004,0.17876901470339618,0.025228363507709912,0.016818909005139947,0.00123805459176298
83,0.18696670850642358,0.20916017360395028,0.22580862892588247,0.0703162935861326,0.04687752905742173,0.029811967168024197,0.005176818832392497,0.18138672960430788,0.025923954477023316,0.01728263631801555,0.0012885599204448804
84,0.1832273743362953,0.20844648433550156,0.2247216847300557,0.07106116262137555,0.04737410841425036,0.030154192200998856,0.005303922447076717,0.1839922137842219,0.026627117412884642,0.017751411608589767,0.0013403281087688054
85,0.17956282684956942,0.20770703599622609,0.22360899779438514,0.07179364204056142,0.047862428027040944,0.03049185555101607,0.005431808375811943,0.18658515630033792,0.027337729039098396,0.018225152692732272,0.0013933673332395726
86,0.1759715703125781,0.20694280568511186,0.2224717404115351,0.07251367740782198,0.04834245160521466,0.030824925181850864,0.00556044142535992,0.18916526012104237,0.02805566545950401,0.01870377697300268,0.001447685416997692
87,0.1724521389063266,0.20615474562934905,0.2213110523253308,0.07322122159617915,0.04881414773078611,0.031153371954786374,0.005689786562197426,0.19173224174117548,0.02878080223358223,0.019187201489054825,0.0015032898312512912
88,0.16900309612820008,0.20534378374326373,0.22012804150777632,0.0739162345422667,0.049277489694844474,0.03147716953611611,0.005819808928304171,0.19428583080646775,0.029513014449544024,0.019675342966362686,0.0015601876968732655
89,0.16562303420563618,0.20451082417536356,0.21892378491878745,0.07459868300737432,0.049732455338249555,0.03179629430699428,0.005950473856237826,0.19682576974694205,0.030252176794966692,0.02016811786331113,0.0016183857861563071
90,0.16231057352152356,0.203656747843741,0.21769932924900837,0.07526854034466848,0.05017902689644566,0.03211072527558029,0.006081746883517414,0.1993518134190819,0.030998163625040435,0.020665442416693627,0.0016778905247186854
91,0.1590643620510932,0.20278241296007532,0.2164556916460751,0.0759257862724477,0.05061719084829847,0.03242044399142452,0.006213593766335721,0.20186372875657044,0.03175084902848712,0.021167232685658083,0.0017387079935538596
92,0.15588307481007138,0.20188865554246901,0.21519386042467983,0.07657040665329297,0.05104693776886199,0.03272543446204384,0.006345980492620911,0.20436129442940976,0.032510106891211595,0.02167340459414107,0.0018008439312172167
93,0.15276541331386997,0.20097628991735025,0.21391479576078365,0.07720239327897713,0.05146826218598476,0.03302568307163621,0.006478873294466965,0.20684430051123298,0.033275810957744525,0.02218387397182969,0.0018643037361434258
94,0.14971010504759266,0.20004610921066773,0.2126194303703171,0.07782174366099978,0.05188116244066653,0.033321178501885124,0.006612238659952112,0.20931254815462663,0.0340478348905343,0.022698556593689537,0.0019290924690880955
95,0.14671590294664089,0.1990988858285997,0.21130867017270183,0.07842846082661749,0.05228564055107833,0.033611911654805315,0.006746043344363902,0.21176584927428413,0.034826052327144294,0.023217368218096203,0.0019952148556876166
96,0.14378158488770812,0.1981353719279944,0.20998339493951867,0.07902255312024162,0.05268170208016108,0.03389787557758272,0.006880254380849095,0.2142040262378153,0.03561033693541047,0.023740224623606986,0.0020626752891312558
97,0.14090595318995405,0.19715629987675545,0.20864445892864159,0.07960403401007916,0.05306935600671945,0.034179065389362266,0.0070148390905061,0.2166269115640405,0.036400562466612885,0.024267041644408596,0.002131477832939747
98,0.13808783412615505,0.19616238270437988,0.20729269150414936,0.08017292189989438,0.05344861459992959,0.03445547820993834,0.007149765091937213,0.21903434762860177,0.03719660280671368,0.024797735204475792,0.0022016262238448076
99,0.13532607744363206,0.19515431454285384,0.2059288977423213,0.08072923994577191,0.053819493297181276,0.03472711309030367,0.007285000310277471,0.22142618637672656,0.03799833202571262,0.02533222135047509,0.0022731238747641797
100,0.1326195558947595,0.19413277105810564,0.2045538590240155,0.08127301587776473,0.05418201058517648,0.03499397094501336,0.007420512985716519,0.22380228904298408,0.03880562442517034,0.0258704162834469,0.0023459738778669544
101,0.1299671647768644,0.19309840987221272,0.2031683336137237,0.08180428182631243,0.054536187884208276,0.035256054486321776,0.007556271681529433,0.22616252587787655,0.03961835458394799,0.026412236389298665,0.0024201790077241197
102,0.12736782148132714,0.1920518709765538,0.20177305722558897,0.08232307415331847,0.054882049435545636,0.0355133681600509,0.0076922452916320695,0.22850677588111182,0.04043639740221111,0.02695759826814075,0.002495741724539414
103,0.1248204650517007,0.19099377713609514,0.2003687435766673,0.08282943328777681,0.0552196221918512,0.03576591808314965,0.007828403047676053,0.23083492654140705,0.041259628143744294,0.027506418762496206,0.0025726641774557347
104,0.12232405575066674,0.18992473428499482,0.19895608492770828,0.08332340356584124,0.05554893571056082,0.036013711982904595,0.007964714525698191,0.23314687358267633,0.04208792247662206,0.02805861498441472,0.002650948207932495
105,0.11987757463565352,0.18884533191370548,0.19753575261172351,0.0838050330752328,0.055870022050155184,0.03625675913776342,0.008101149652338636,0.23544252071645758,0.04292115651228047,0.028614104341520327,0.002730595353189477
106,0.1174800231429405,0.18775614344775257,0.19610839755060747,0.08427437350388305,0.05618291566925535,0.03649507031973312,0.00823767871064183,0.23772177940043898,0.0437592068430328,0.02917280456202188,0.0028116068497128634
107,0.11513042268008172,0.1866577266183612,0.19467465076006749,0.08473147999271327,0.0564876533284755,0.03672865773831612,0.00837427234545381,0.23998456860294595,0.04460195057807163,0.029734633718714435,0.0028939836368192815
108,0.1128278142264802,0.18555062382510115,0.1932351238431164,0.08517641099245171,0.0567842739949678,0.03695753498594792,0.008510901568429168,0.24223081457325446,0.04544926537799876,0.03029951025199919,0.0029777263602738194
109,0.11057125794195065,0.1844353624907166,0.1917904094723747,0.08560922812439328,0.05707281874959551,0.03718171698490096,0.008647537762660563,0.2444604506175981,0.04630102948792328,0.030867352991948867,0.0030628353759581113
110,0.1083598327831117,0.18331245540830296,0.19034108186142462,0.08602999604500816,0.05735333069667209,0.037401219935620116,0.008784152686943363,0.2466734168807409,0.04715712176916721,0.03143808117944482,0.003149310753584717
111,0.10619263612744953,0.18218240108099065,0.18888769722545282,0.08643878231430786,0.05762585487620523,0.03761606126645583,0.00892071847968765,0.2488696601329881,0.048017421729617295,0.032011614486411544,0.0032371522804541504
112,0.1040687834049006,0.1810456840542917,0.18743079423141384,0.08683565726787934,0.05789043817858621,0.03782625958476198,0.009057207662489509,0.25104913356251257,0.04888180955276037,0.032587873035173597,0.003326359465251027
113,0.1019874077368026,0.17990277524126227,0.18597089443794143,0.08722069389249949,0.05814712926166631,0.038031834629325904,0.009193593143373186,0.253211796572875,0.049750166125439164,0.03316677741695946,0.003416931541875922
114,0.09994765958206657,0.1787541322406312,0.18450850272523017,0.08759396770524477,0.058395978470163167,0.038232807224099045,0.00932984821971541,0.2553576145856205,0.05062237306436416,0.03374824870957612,0.0035088674733096538
115,0.09794870639042529,0.1776001996480413,0.18304410771510476,0.08795555663601208,0.05863703775734137,0.03842919923319729,0.00946594658086285,0.2574865588478347,0.051498312741416606,0.034332208494277754,0.003602165955506808
116,0.09598973226261688,0.17644140936054678,0.18157818218149047,0.08830554091336917,0.058870360608912764,0.038621033517140656,0.009601862310453405,0.25959860624454745,0.05237786830777673,0.034918578871851166,0.0036968254213154365
117,0.09406993761736464,0.1752781808745083,0.1801111834514928,0.08864400295365465,0.059096001969103085,0.03880833389030279,0.009737569888451715,0.26169373911587235,0.05326092371691042,0.03550728247794029,0.0037928440444199704
118,0.09218853886501745,0.17411092157702324,0.17864355379729094,0.08897102725324932,0.05931401816883286,0.03899112507954134,0.009873044192909014,0.26377194507877416,0.05414736374644697,0.03609824249763132,0.0038902197433044877
119,0.09034476808771714,0.17294002703102626,0.17717572081904473,0.08928670028394237,0.059524466855961564,0.03916943268398092,0.010008260501457172,0.26583321685335826,0.05503707401897946,0.03669138267931965,0.003988950185233578
120,0.0885378727259629,0.17176588125419295,0.17570809781901067,0.08959111039131774,0.05972740692754515,0.03934328313592098,0.010143194492546486,0.267877552093578,0.055929941021818884,0.03728662734787927,0.00408903279024815
121,0.08676711527144369,0.1705888569917757,0.17424108416705866,0.08988434769608744,0.05992289846405828,0.03951270366284163,0.010277822246436547,0.2699049532222589,0.05682585212573206,0.03788390141715472,0.004190464735173615
122,0.08503177296601486,0.16940931598349912,0.17277506565777667,0.0901665039983004,0.06011100266553358,0.03967772225048087,0.010412120245949232,0.27191542727034035,0.05772469560269294,0.0384831304017953,0.00429324295763798
123,0.08333113750669456,0.1682276092246393,0.1713104148593472,0.090437672684357,0.06029178178957132,0.03983836760695747,0.010546065376992625,0.27390898572023775,0.05862636064267594,0.039084240428450635,0.0043973641600974726
124,0.08166451475656071,0.16704407722140888,0.16984749145437472,0.09069794863676094,0.060465299091173944,0.03999466912791422,0.010679634928864444,0.27588564435323015,0.05953073736951951,0.039687158246346346,0.004502824813867399
125,0.0800312244614295,0.16585905024076694,0.16838664257284028,0.09094742814654154,0.06063161876436102,0.04014665686265683,0.010812806594343284,0.27784542310078064,0.06043771685588712,0.040291811237258085,0.004609621163156043
126,0.07843059997220095,0.1646728485547711,0.166928203117355,0.09118620882828143,0.060790805885520945,0.04029436148126437,0.010945558469575793,0.27978834589969803,0.061347191137352534,0.0408981274249017,0.004717749229099476
127,0.07686198797275695,0.16348578267958572,0.16547249608088138,0.09141438953768549,0.06094292635845699,0.0404378142426476,0.011077869053767621,0.2817144405510521,0.062259053225635345,0.041506035483756906,0.004827204813795233
128,0.07532474821330182,0.16229815360925892,0.16401983285708666,0.09163207029162884,0.06108804686108589,0.04057704696353221,0.01120971724868583,0.2836237385827546,0.0631731971210122,0.04211546474734148,0.00493798350433291
129,0.0738182532490358,0.1611102530443779,0.16257051354349028,0.09183935219062281,0.06122623479374854,0.040712091988344294,0.011341082357980165,0.285516275115721,0.0640895178239285,0.04272634521595234,0.005050080676819768
130,0.0723418881840551,0.15992236361571022,0.1611248272375629,0.0920363373436392,0.06135755822909279,0.04084298215997612,0.011471944086330428,0.2873920887335305,0.06500791134583472,0.043338607563889825,0.00516349150039957
131,0.07089505042037403,0.15873475910293644,0.1596830523259318,0.09222312879523464,0.06148208586348976,0.040969750791410645,0.01160228253842698,0.2892512213555024,0.06592827471927111,0.043952183146180754,0.005278210941262874
132,0.06947714941196657,0.15754770464857729,0.15824545676684396,0.09239983045491801,0.06159988696994534,0.04109243163818356,0.011732078217791174,0.2910937181131093,0.06685050600722346,0.04456700400481565,0.005394233766647144
133,0.06808760642372728,0.15636145696721648,0.156812298366035,0.09256654702870513,0.06171103135247009,0.04121105887166256,0.011861312025442364,0.2929196272296498,0.06777450431177265,0.0451830028745151,0.005511554548825056
134,0.06672585429525275,0.15517626455011815,0.15538382504614873,0.0927233839528065,0.061815589301871,0.04132566705312344,0.011989965258417916,0.2947289999031041,0.0687001697820597,0.0458001131880398,0.0056301676690794795
135,0.06539133720934771,0.15399236786533588,0.15396027510984955,0.09287044732939465,0.061913631552929754,0.0414362911086035,0.012118019608152477,0.2965218901920981,0.06962740362158777,0.04641826908105851,0.005750067321663659
136,0.0640835104651608,0.15280999955340824,0.1525418774967662,0.09300784386439918,0.06200522924293277,0.04154296630451307,0.012245457158722573,0.29829835490490403,0.07055610809488172,0.04703740539658781,0.005871247517745183
137,0.0628018402558576,0.15162938461873401,0.15112885203440293,0.09313568080727878,0.06209045387151917,0.04164572822398622,0.012372260384962426,0.3000584534914052,0.07148618653352572,0.047657457689017135,0.005993702089332409
138,0.06154580345074048,0.15045074061671795,0.1497214096831513,0.09325406589272031,0.06216937726181352,0.041744612743952456,0.012498412150456719,0.301802247937956,0.0724175433415985,0.048278362227732324,0.006117424693182033
139,0.060314887381725725,0.14927427783677655,0.14831975277553255,0.09336310728421654,0.062242071522811006,0.0418396560129114,0.012623895705415866,0.3035298026650693,0.0733500840005257,0.04890005600035046,0.006242408814686601
140,0.059108589634091234,0.14810019948129097,0.14692407524979786,0.09346291351947514,0.0623086090129834,0.04193089442939285,0.012748694684439175,0.3052411844278639,0.07428371507336787,0.04952247671557857,0.00636864777174076
141,0.05792641784140944,0.146928701840593,0.14553456287801173,0.0935535934576124,0.062369062305074906,0.042018364621085255,0.012872793104171141,0.30693646221920773,0.07521834420856262,0.05014556280570841,0.006496134718585151
142,0.05676788948458129,0.14575997446406752,0.14415139348873995,0.09363525622808654,0.06242350415205766,0.04210210342461569,0.012996175360855941,0.30861570717549247,0.07615388014313874,0.050769253428759153,0.006624862649626862
143,0.05563253169488968,0.14459420032745385,0.14277473718446193,0.09370801118132614,0.062472007454217396,0.04218214786596509,0.013118826227795076,0.3102789924849779,0.0770902327054196,0.05139348847027973,0.006754824403235422
144,0.05451988106099192,0.1434315559964263,0.14140475655382412,0.09377196784101063,0.06251464522734039,0.04225853514150267,0.013240730852712917,0.3119263932986448,0.07802731281723287,0.052018208544821906,0.006886012665513373
145,0.0534294834397721,0.1422722117865325,0.14004160687884912,0.0938272358579604,0.06255149057197357,0.04233130259962402,0.013361874755034803,0.3135579866434966,0.07896503249564298,0.05264335499709531,0.0070184199740405025
146,0.05236089377097666,0.14111633191956693,0.13868543633721223,0.09387392496559525,0.06258261664373013,0.04240048772297746,0.0134822438230822,0.31517385133825254,0.07990330485422258,0.05326886990281505,0.007152038721590851
147,0.05131367589555716,0.13996407467645494,0.13733638619969504,0.09391214493692092,0.0626080966246139,0.042466128111263934,0.013601824311189241,0.3167740679113742,0.08084204410387853,0.05389469606925235,0.007286861159821673
148,0.05028740237764604,0.13881559254672118,0.13599459102292355,0.0939420055430041,0.06262800369533601,0.042528261464595644,0.013720602836744932,0.31835871852137065,0.08178116555324774,0.05452077703549849,0.007422879402933565
149,0.04928165433009314,0.13767103237461523,0.13466017883749515,0.0939636165128975,0.06264241100859828,0.04258692556739943,0.013838566377165056,0.31992788687932744,0.08272058560867779,0.05514705707245185,0.007560085431301014
150,0.04829602124349129,0.13653053550196495,0.13333327133159797,0.09397708749497741,0.06265139166331822,0.04264215827285079,0.013955702266797803,0.32148165817360624,0.08366022177380676,0.05577348118253783,0.007698471095072665
151,0.047330100818621476,0.13539423790782718,0.13201398403022235,0.09398252801965662,0.06265501867977102,0.04269399748782506,0.01407199819376693,0.32302011899666316,0.08459999264875653,0.05639999509917101,0.007838028117740644
152,0.046383498802249075,0.13426227034500404,0.13070242647006297,0.09398004746343731,0.06265336497562482,0.04274248115835247,0.014187442196756212,0.32454335727393496,0.0855398179289531,0.057026545285968726,0.007978748099678313
153,0.045455828826204116,0.13313475847349124,0.1293987023702083,0.09396975501426835,0.06264650334284551,0.04278764725556404,0.014302022661738764,0.32605146219474335,0.08647961840358748,0.05765307893572497,0.008120622521645875
154,0.04454671224968004,0.13201182299092343,0.1281029097987109,0.09395175963817291,0.06263450642544856,0.042829533762115755,0.01441572831865476,0.3275445241451688,0.08741931595373016,0.05827954396915343,0.008263642748263262
155,0.043655778004686445,0.1308935797600812,0.12681514133513083,0.09392617004711296,0.06261744669807526,0.04286817865907855,0.014528548238040907,0.32902263464284626,0.08835883355011188,0.05890588903340791,0.00840780003144981
156,0.04278266244459274,0.12978013993352147,0.1255354842291431,0.09389309466805777,0.0625953964453718,0.04290361991328207,0.01464047182761497,0.33048588627363623,0.08929809525058302,0.059532063500388664,0.008553085513830218
157,0.04192700919570088,0.1286716100753932,0.12426402055529598,0.09385264161322465,0.06256842774214973,0.042935895465100404,0.014751488828818512,0.3319343726301263,0.09023702619726359,0.06015801746484238,0.008699490232106368
158,0.041088469011786886,0.12756809228049817,0.12300082736400791,0.09380491865146051,0.06253661243430697,0.04296504321666818,0.01486158931332093,0.3333681882519182,0.09117555261339584,0.06078370174226388,0.008847005120394554
159,0.040266699631551196,0.12646968429065553,0.1217459768288866,0.09375003318073397,0.06250002212048927,0.04299110102051588,0.01497076367948773,0.33478742856765675,0.09211360179991045,0.06140906786660695,0.008995621013527763
160,0.03946136563892019,0.1253764796084278,0.1204995363904532,0.09368809220170808,0.06245872813447202,0.04301410666861329,0.015079002648815948,0.3361921898387593,0.09305110213171779,0.062034068087811846,0.00914532865032264
161,0.03867213832614182,0.12428856760826479,0.11926156889635263,0.09361920229236473,0.06241280152824312,0.043034097881810354,0.01518629726233947,0.337582569104803,0.09398798305373486,0.06265865536915656,0.009296118676810801
162,0.03789869555961901,0.12320603364512037,0.11803213273812888,0.09354346958365214,0.062362313055768066,0.04305111229966492,0.015292638877006937,0.33895866413053016,0.09492417507665851,0.06328278338443899,0.009447981649434195
163,0.03714072164842665,0.12212895916059627,0.11681128198464294,0.093460999736128,0.06230733315741863,0.04306518747064723,0.015398019162034857,0.34032057335443167,0.09585960977249504,0.06390640651499667,0.009600908038204264
164,0.03639790721545813,0.121057421786666,0.11559906651220903,0.09337189791757085,0.0622479319450472,0.04307636084271098,0.015502430095238391,0.3416683958388699,0.09679421976985632,0.06452947984657086,0.009754888229824612
165,0.03566994907114897,0.1199914954470303,0.1143955321315233,0.0932762687815336,0.06218417918768903,0.04308466975422135,0.015605863959342273,0.34300223122170304,0.09772793874903203,0.06515195916602133,0.009909912530776997
166,0.034956550089726,0.11893125045615542,0.11320072071145738,0.09317421644681309,0.062116144297875354,0.04309015142523031,0.015708313338274178,0.34432217966937445,0.09866070143684737,0.06577380095789823,0.010065971170370419
167,0.0342574190879315,0.11787675361604344,0.11201467029978805,0.09306584447781065,0.0620438963185404,0.043092842949089986,0.015809771113442818,0.3456283418314297,0.0995924436013155,0.06639496240087699,0.01022305430375316
168,0.03357227070617288,0.11682806831078357,0.11083741524093206,0.09295125586575899,0.06196750391050596,0.04309278128439495,0.01591023046000293,0.3469208187964273,0.1005231020460936,0.0670154013640624,0.010381152014887589
169,0.03290082529204944,0.11578525459893205,0.10966898629075433,0.09283055301079143,0.0618870353405276,0.043090003247244574,0.01600968484310927,0.34819971204920724,0.10145261460475119,0.06763507640316746,0.010540254319487618
170,0.03224280878620846,0.1147483693037672,0.10850941072851591,0.09270383770482997,0.06180255846988662,0.04308454550381669,0.016108128014161643,0.34946512342948516,0.10238092013485911,0.06825394675657273,0.01070035116791871
171,0.031597952610484314,0.11371746610146548,0.10735871246602657,0.0925712111152693,0.061714140743512835,0.04307644456324421,0.016205554007042926,0.3507171550917373,0.10330795851190741,0.0688719723412716,0.010861432448060327
172,0.030965993558274656,0.11269259560724318,0.1062169121540659,0.09243277376943444,0.061621849179622934,0.04306573677078634,0.016301957134351962,0.3519559094663453,0.1042336706230601,0.06948911374870673,0.011023487988130756
173,0.03034667368710918,0.11167380545950756,0.10508402728613483,0.09228862553979024,0.06152575035986013,0.043052458301286387,0.016397331983633162,0.3531814892219691,0.10515799836075444,0.07010533224050296,0.011186507559474276
174,0.029739740213367023,0.11066114040206039,0.10396007229959878,0.09213886562988123,0.06142591041992079,0.04303664515290821,0.01649167341360455,0.35439399722911685,0.10608088461615235,0.07072058974410156,0.011350480879310608
175,0.029144945409099707,0.10965464236439591,0.10284505867428162,0.09198359256098129,0.06132239504065417,0.043018333141143686,0.016584976550385953,0.35559353652488146,0.10700227327245117,0.07133484884830077,0.011515397613446653
176,0.028562046500917725,0.10865435054013423,0.10173899502856916,0.09182290415943269,0.061215269439621765,0.04299755789308363,0.016677236783728955,0.35678021027881546,0.10792210919806099,0.07194807279870731,0.011681247378950512
177,0.027990805570899377,0.10766030146363054,0.10064188721307869,0.09165689754465467,0.06110459836310309,0.0429743548419449,0.016768449763250166,0.3579541217599143,0.10884033823965532,0.07256022549310352,0.011848019746787801
178,0.027430989459481404,0.10667252908479961,0.09955373840195077,0.09148566911780248,0.060990446078534974,0.04294875922184649,0.016858611394669334,0.35911537430468055,0.10975690721510187,0.07317127147673455,0.012015704244420304
179,0.02688236967029178,0.10569106484219407,0.09847454918181742,0.09130931455105769,0.06087287636737178,0.0429208060628276,0.01694771783605372,0.3602640712862415,0.11067176390627989,0.0737811759375199,0.012184290358366998
180,0.026344722276885963,0.1047159377343742,0.09740431763850033,0.09112792877753154,0.060751952518354344,0.042890530186100985,0.017035765494070147,0.36140031608449324,0.11158485705179047,0.07438990470119362,0.012353767536727536
181,0.025817827831348263,0.1037471743896066,0.09634303944149132,0.09094160598176343,0.0606277373211756,0.04285796619953476,0.017122751020246053,0.3625242120572451,0.11249613633956579,0.07499742422637717,0.012524125191668237
182,0.02530147127472131,0.10278479913392759,0.0952907079262658,0.09075043959079691,0.06050029306053126,0.04282314849335638,0.0172086713072408,0.36363586251233926,0.11340555239938342,0.07560370159958893,0.012695352701870699
183,0.024795441849226895,0.10182883405760701,0.0942473141744795,0.09055452226581613,0.060369681510544074,0.04278611123607224,0.01729352348512853,0.36473537068071926,0.11431305679529138,0.07620870453019424,0.012867439414943107
184,0.02429953301224237,0.10087929908004717,0.09321284709209715,0.09035394589432602,0.06023596392955066,0.04274688837059691,0.017377304917693678,0.3658228396904248,0.11521860201794955,0.07681240134529968,0.013040374649794392
185,0.023813542351997532,0.09993621201315092,0.09218729348550096,0.09014880158286001,0.06009920105523999,0.04270551361058586,0.017460013198740323,0.36689837254148744,0.11612214147689282,0.07741476098459518,0.01321414769897133
186,0.023337271504957586,0.09899958862319216,0.09117063813562559,0.08993917965019937,0.059959453100132905,0.042662020436965806,0.017541646148416433,0.3679620720817048,0.11702362949272141,0.07801575299514758,0.013388747830958732
187,0.022870526074858444,0.09806944269122138,0.09016286387016542,0.08972516962108872,0.05981677974739246,0.042616442094656995,0.017622201809554063,0.3690140409832697,0.1179230212892234,0.07861534752614892,0.013564164292442896
188,0.022413115553361285,0.09714578607203816,0.08916395163389865,0.08950686022043244,0.05967124014695494,0.04256881158948174,0.017701678444026463,0.37005438172023314,0.11882027298543428,0.07921351532362285,0.013740386310538437
189,0.021964853242294066,0.09622862875176198,0.08817388055717225,0.08928433936795761,0.05952289291197172,0.042519161685253846,0.01778007452912309,0.3710831965467781,0.11971534158763861,0.0798102277250924,0.013917403094978702
190,0.021525556177448193,0.09531797890403175,0.08719262802259027,0.08905769417332869,0.05937179611555245,0.04246752490104348,0.017857388753943382,0.37210058747628394,0.12060818498131819,0.08040545665421212,0.014095203840269932
191,0.02109504505389924,0.09441384294486414,0.08622016972994756,0.08882701093170024,0.05921800728780015,0.04241393350861243,0.017933620015810208,0.37310665626115996,0.12149876192305148,0.08099917461536764,0.014273777727809366
192,0.020673144152821274,0.0935162255862001,0.08525647975944957,0.08859237511969384,0.05906158341312921,0.04235841953001448,0.01800876741670378,0.3741015043734286,0.12238703203236848,0.08159135468824565,0.014453113927967469
193,0.020259681269764854,0.09262512988816819,0.0843015306332586,0.08835387139178598,0.05890258092785731,0.04230101473535619,0.01808283025971683,0.37508523298603763,0.12327295578356541,0.08218197052237694,0.014633201602134506
194,0.01985448764436957,0.0917405573100928,0.08335529337540531,0.0881115835770939,0.05874105571806259,0.04224175064071311,0.0181558080455318,0.3760579429548829,0.12415649449748327,0.08277099633165551,0.014814029904731674
195,0.019457397891482178,0.0908625077602748,0.08241773757010401,0.08786559467654667,0.058577063117697774,0.04218065850619669,0.01822770046892076,0.3770197348015221,0.1250376103332542,0.08335840688883614,0.014995587985186992
196,0.019068249933652543,0.08999097964457181,0.08148883141850895,0.08761598686042926,0.05841065790695284,0.04211776933416744,0.01829850741526873,0.37797070869656174,0.12591626628001967,0.08394417752001311,0.0151778649898762
197,0.018686884934979494,0.08912596991380402,0.08056854179394846,0.0873628414662874,0.05824189431085826,0.04205311386758977,0.01836822895712105,0.3789109644436984,0.12679242614862396,0.08452828409908264,0.015360850064028887
198,0.018313147236279914,0.08826747411001169,0.07965683429567258,0.08710623899718163,0.05807082599812108,0.04198672258852411,0.018436865350755376,0.3798406014643978,0.12766605456328683,0.08511070304219122,0.015544532353600097
199,0.017946884291554322,0.08741548641158962,0.07875367330114925,0.08684625912027913,0.057897506080186074,0.04191862571675221,0.018504417032778966,0.38075971878319403,0.12853711695325865,0.08569141130217243,0.01572890100710765
200,0.017587946605723246,0.08656999967732318,0.0778590220169433,0.08658298066577196,0.05772198711051463,0.04184885320853126,0.01857088461675169,0.3816684150135919,0.12940557954446144,0.0862703863629743,0.01591394517743544
201,0.01723618767360879,0.08573100548935016,0.0769728425282117,0.0863164816261111,0.05754432108407405,0.04177743475547302,0.018636268889835363,0.3825667883445566,0.13027140935111917,0.08684760623407944,0.016099654023602958
202,0.016891463920136626,0.08489849419507228,0.07609509584684786,0.08604683915554548,0.05736455943703031,0.04170439978354375,0.01870057080946985,0.3834549365275744,0.13113457416738028,0.08742304944492019,0.016286016712501312
203,0.016553634641733903,0.08407245494803947,0.07522574195830699,0.0857741295699559,0.057182753046637266,0.04162977745218136,0.018763791500076413,0.38433295686426877,0.13199504255893574,0.08799669503929049,0.01647302242059601
204,0.01622256194889923,0.08325287574782961,0.07436473986714374,0.08549842834697355,0.056998952231315694,0.041553596653525905,0.01882593224978874,0.3852009461945569,0.1328527838546353,0.08856852256975686,0.016660660335596773
205,0.015898110709921257,0.08243974347894605,0.07351204764129297,0.0852198101263734,0.0568132067509156,0.041475886011759694,0.018886994507212006,0.3860590008853316,0.13370776813810503,0.08913851209207002,0.01684891965809466
206,0.015580148495722836,0.08163304394875469,0.07266762245512316,0.08493834871073315,0.05662556580715542,0.04139667388255366,0.018946979878210445,0.38690721681965423,0.13455996623936878,0.08970664415957917,0.017037789603166778
207,0.01526854552580839,0.08083276192448192,0.07183142063129229,0.08465411706634797,0.056436078044231966,0.04131598835261631,0.019005890122723662,0.3877456893864441,0.1354093497264761,0.09027289981765073,0.017227259401948882
208,0.01496317461529223,0.0800388811692942,0.07100339768143427,0.08436718732439244,0.05624479154959495,0.04123385723934205,0.019063727151612125,0.38857451347065125,0.1362558908971396,0.09083726059809305,0.017417318303176117
209,0.014663911122986392,0.07925138447747983,0.0701835083457043,0.08407763078232056,0.05605175385488036,0.04115030809055546,0.019120493023532057,0.3893937834438986,0.13709956277038352,0.091399708513589,0.01760795557469224
210,0.014370632900526665,0.07847025370875284,0.06937170663121035,0.0837855179054953,0.055857011936996846,0.04106536818434837,0.01917618994184007,0.3902035931555798,0.13794033907820671,0.0919602260521378,0.01779916050492756
211,0.014083220242516141,0.07769546982169859,0.06856794584935738,0.0834909183290394,0.055660612219359584,0.040979064529006605,0.01923082025152776,0.39100403592440147,0.13877819425726168,0.09251879617150777,0.01799092240434596
212,0.013801555837665824,0.07692701290638018,0.0677721786521308,0.08319390085989924,0.05546260057326614,0.04089142386302339,0.01928438643618652,0.3917952045303556,0.13961310344055208,0.09307540229370136,0.018183230606861236
213,0.013525524720912516,0.07616486221612451,0.06698435706734436,0.08289453347911364,0.05526302231940908,0.04080247265519632,0.019336891115002797,0.39257719120711093,0.14044504244915107,0.09363002829943402,0.0183760744712231
214,0.01325501422649427,0.07540899619850619,0.06620443253287779,0.08259288334428029,0.05506192222952018,0.04071223710480517,0.01938833703978395,0.393350087634811,0.1412739877839422,0.09418265852262811,0.018569443382373128
215,0.012989913941964396,0.0746593925255475,0.06543235592992837,0.08228901679221176,0.05485934452814116,0.040620743141867595,0.01943872709201494,0.39411398493326727,0.142099916617385,0.09473327774492331,0.018763326752770967
216,0.012730115663125112,0.07391602812315169,0.06466807761530044,0.08198299934177421,0.05465533289451612,0.04052801642747007,0.019488064279945996,0.3948689736555357,0.1429228067853071,0.09528187119020472,0.018957714023691116
217,0.012475513349862622,0.0731788791997871,0.06391154745275625,0.08167489569690137,0.05444993046460089,0.04043408235417133,0.019536351735711357,0.395615143781866,0.14374263677872484,0.09582842451914989,0.019152594666490576
218,0.01222600308286538,0.07244792127443866,0.06316271484345085,0.08136476974977704,0.05424317983318467,0.04033896604647574,0.01958359271247927,0.3963525847140132,0.14455938573569385,0.09637292382379589,0.01934795818384769
219,0.01198148302120808,0.07172312920384356,0.062421528755473486,0.08105268458417922,0.05403512305611946,0.04024269236137408,0.019629790581633333,0.39708138526989917,0.14537303343319163,0.09691535562212773,0.01954379411097248
220,0.01174185336078392,0.07100447720902699,0.06168793775251717,0.08073870247897942,0.05382580165265293,0.040145285888949236,0.019674948829985245,0.3978016336786161,0.14618356027903343,0.09745570685268892,0.019740092016788814
221,0.011507016293568244,0.07029193890115373,0.060961890021697863,0.08042288491179059,0.05361525660786037,0.040046770953044424,0.01971907105701909,0.39851341757576053,0.14699094730382323,0.09799396486921545,0.019936841505088666
222,0.011276875967696887,0.06958548730671132,0.06024333340054405,0.08010529256275759,0.05340352837517171,0.039947171611991614,0.019762160972167164,0.3992168239990878,0.14779517615294113,0.09853011743529405,0.020134032215658855
223,0.011051338448342949,0.06888509489203952,0.05953221540317713,0.07978598531848416,0.05319065687898943,0.03984651165939784,0.019804222392117442,0.39991193938447867,0.1485962290785687,0.09906415271904577,0.020331653825380526
224,0.010830311679376097,0.06819073358722122,0.05882848324570247,0.07946502227609036,0.05297668151739357,0.03974481462498725,0.019845259238152654,0.40059884956220765,0.14939408893175354,0.09959605928783566,0.0205296960493017
225,0.01061370544578858,0.06750237480934901,0.05813208387083069,0.07914246174739482,0.05276164116492989,0.039642103775496644,0.01988527553352105,0.4012776397535042,0.15018873915451444,0.10012582610300959,0.02072814864168323
226,0.010401431336872815,0.06681998948518188,0.05744296397174808,0.07881836126321637,0.05254557417547758,0.039538402115622505,0.019924275400838822,0.40194839456739845,0.1509801637719884,0.10065344251465888,0.02092700139701844
227,0.010193402710135371,0.06614354807320554,0.056761070015254794,0.07849277757778932,0.052328518385192875,0.03943373238901742,0.019962263059524168,0.4026111979978416,0.15176834738462056,0.10117889825641366,0.02112624415102683
228,0.00998953465593267,0.06547302058511033,0.05608634826418911,0.07816576667328747,0.05211051111552497,0.0393281170793339,0.01999924282326303,0.4032661334210946,0.15255327516039846,0.10170218344026559,0.02132586678162207
229,0.009789743962814025,0.0648083766066997,0.055418744799155276,0.07783738376445151,0.051891589176300996,0.03922157841131372,0.020035219097506406,0.40391328359337364,0.15333493282713134,0.10222328855142084,0.0215258592098547
230,0.009593949083557747,0.06414958531824239,0.054758205539572495,0.07750768330331492,0.0516717888688766,0.03911413835192081,0.020070196376999225,0.4045527306487485,0.15411330666477585,0.10274220444318384,0.021726211400829764
231,0.009402070101886597,0.06349661551428103,0.054104676264061985,0.07717671898402345,0.051451145989348954,0.039005818611515995,0.020104179243340757,0.40518455609728204,0.154888383497809,0.1032589223318726,0.021926913364599756
232,0.009214028699848869,0.06284943562290962,0.053458102630188555,0.07684454374774362,0.05122969583182907,0.03889664064507166,0.020137172362576446,0.40580884082340585,0.15566015068764924,0.1037734337917661,0.022127955157033162
233,0.009029748125851896,0.06220801372453202,0.0528184301935731,0.07651120978765556,0.05100747319177036,0.03878662565342474,0.02016918048282111,0.40642566508452344,0.1564285961251267,0.10428573075008439,0.022329326880658928
234,0.008849153163334861,0.06157231757011335,0.05218560442639166,0.07617676855402576,0.0507845123693505,0.03867579458456628,0.02020020843191345,0.4070351085098338,0.15719370822300324,0.1047958054820021,0.02253101868548714
235,0.008672170100068167,0.060942314598936065,0.05155957073527661,0.07584127075935553,0.05056084717290367,0.03856416813496594,0.020230261115101712,0.40763725009936913,0.1579554759085435,0.1053036506056956,0.022733020769806274
236,0.008498726698066809,0.06031797195587204,0.05094027447863506,0.07550476638360076,0.05033651092240049,0.03845176675092986,0.02025934351276049,0.4082321682232377,0.15871388861613706,0.10580925907742464,0.02293532338095729
237,0.008328752164105478,0.05969925650818181,0.0503276609833993,0.07516730467945926,0.05011153645297282,0.03833861062999036,0.020287460678138462,0.40881994062106813,0.15946893627997305,0.10631262418664865,0.023137916816084896
238,0.008162177120823372,0.059086134861852,0.049721675561223595,0.07482893417772131,0.04988595611848085,0.03822471972232595,0.02031461773513702,0.40940064440164575,0.16022060932676765,0.10681373955117837,0.02334079142286628
239,0.007998933578406907,0.05847857337748147,0.04912226352414151,0.07448970269268,0.04965980179511997,0.0381101137322102,0.020340819876119607,0.4099743560427368,0.16096889866854486,0.10731259911236318,0.02354393760021765
240,0.007838954906838775,0.057876538185726814,0.04852937019969755,0.0741496573275973,0.04943310488506484,0.03799481211948804,0.020366072359751672,0.41054115139109226,0.16171379569547165,0.10780919713031438,0.023747345798978848
241,0.007682175808702001,0.05727999520231731,0.04794294094556655,0.07380884448022251,0.04920589632014832,0.037878834101078104,0.020390380508871084,0.41110110566262725,0.1624552922687476,0.10830352817916503,0.023951006522576365
242,0.007528532292527964,0.0566889101426494,0.04736292116367392,0.0734673098483594,0.04897820656557291,0.03776219865249986,0.020413749708388843,0.4116542934427684,0.16319338071354983,0.1087955871423665,0.024154910327665074
243,0.007377961646677408,0.056103248535970485,0.046789256313829644,0.07312509843547876,0.048750065623652486,0.03764492450942411,0.020436185403219953,0.41220078868696464,0.16392805381203343,0.10928536920802223,0.024359047824748962
244,0.007230402413743863,0.0555229757391616,0.04622189192688863,0.07278225455637301,0.04852150303758198,0.037527030169245634,0.0204576930962443,0.41274066472135496,0.1646593047963882,0.10977286986425876,0.02456340967878116
245,0.007085794365468992,0.05494805695012838,0.04566077361744947,0.07243882184284962,0.04829254789523306,0.03740853389267683,0.02047827834629733,0.4132739942435883,0.16538712734195193,0.11025808489463458,0.024767986609743605
246,0.006944078478159611,0.05437845722080949,0.045105847096103886,0.07209484324946047,0.04806322883297363,0.037289453705361034,0.020497946766190416,0.4138008493237896,0.16611151556038042,0.11074101037358691,0.024972769393206577
247,0.00680519690859642,0.05381414146981139,0.04455705818124825,0.07175036105926377,0.047833574039509164,0.03716980739950449,0.020516704020760678,0.4143213014056677,0.16683246399287502,0.11122164266191664,0.02517774886086848
248,0.0066690929704244966,0.05325507449467843,0.0440143528104688,0.07140541688961598,0.04760361125974397,0.03704961253552573,0.020534555824950097,0.414835421307759,0.16754996760346766,0.11169997840231173,0.025382915901076088
249,0.006535711111016009,0.05270122098380662,0.0434776770515117,0.07106005169799066,0.047373367798660436,0.03692888644372135,0.020551507941913752,0.4153432792248029,0.16826402177236383,0.11217601451490918,0.02558826145932559
250,0.00640499688879569,0.0521525455280097,0.0429469771128487,0.07071430578782173,0.04714287052521448,0.03680764622594713,0.020567566181156943,0.4158449447292434,0.16897462228934373,0.11264974819289578,0.025793776538744727
251,0.006276896951019779,0.05160901263174549,0.04242219935384926,0.0703682188143682,0.046912145876245454,0.0366859087573134,0.020582736396701055,0.4163404867728532,0.16968176534722196,0.11312117689814792,0.025999452200556297
252,0.006151359011999389,0.051070586724010845,0.04190329029456933,0.07002182979059814,0.04668121986039875,0.036563690687893786,0.020597024485277924,0.4168299736884745,0.17038544753536564,0.11359029835691037,0.026205279564523308
253,0.006028331831759405,0.050537232168912816,0.04139019662516704,0.06967517709308915,0.046450118062059426,0.03644100844444619,0.020610436384552507,0.4173134731918734,0.17108566583327162,0.11405711055551436,0.026411249809376088
254,0.0059077651951242195,0.05000891327592387,0.04088286521495525,0.06932829846794304,0.04621886564529535,0.03631787823214529,0.02062297807137366,0.41779105238370223,0.17178241760420251,0.11452161173613495,0.026617354173221613
255,0.005789609891221736,0.04948559430982867,0.040381243121100585,0.06898123103671232,0.0459874873578082,0.03619431603632539,0.020634655560052794,0.4182627777515671,0.17247570058888195,0.1149838003925879,0.02682358395393535
256,0.005673817693397302,0.04896723950036973,0.039885277596978394,0.06863401130233632,0.04575600753489087,0.036070337624233055,0.02064547490067022,0.4187287151721952,0.17316551289924909,0.11544367526616599,0.027029930509535876
257,0.0055603413395293585,0.04845381305159914,0.03939491610019296,0.06828667515508474,0.04552445010338982,0.03594595854678838,0.020655442177408917,0.4191889299136987,0.17385185301227246,0.11590123534151489,0.027236385258542578
258,0.005449134512738772,0.04794527915094354,0.03891010630027187,0.0679392578785065,0.04529283858567099,0.03582119414035425,0.02066456350691556,0.4196434866379317,0.17453471976382331,0.1163564798425488,0.027442939680316667
259,0.005340151822483997,0.047441601977989016,0.03843079608604344,0.06759179415538182,0.045061196103587865,0.03569605952851275,0.02067284503668853,0.42009244940293483,0.1752141123426084,0.1168094082284055,0.027649585315385822
260,0.005233348786034321,0.046942745712992846,0.03795693357270574,0.06724431807367562,0.044829545382450396,0.03557056962384793,0.02068029294349272,0.4205358816654661,0.1758900302841622,0.11726002018944139,0.02785631376575271
261,0.005128681810313637,0.046448674545128556,0.037488467108595644,0.06689686313249035,0.04459790875499355,0.035444739129734164,0.02068691343180088,0.42097384628361273,0.17656247346489895,0.11770831564326589,0.028063116695187636
262,0.005026108174107368,0.045959352680470834,0.03702534528166606,0.06654946224801633,0.04436630816534421,0.03531858254212944,0.020692712732261278,0.4214064055194811,0.17723144209622385,0.11815429473081583,0.028269985829505646
263,0.004925586010625223,0.04547474434972652,0.036567516925679416,0.06620214775947789,0.04413476517298525,0.035192114151372814,0.020697697100191443,0.4218336210419618,0.17789693671870402,0.11859795781246928,0.02847691295682826
264,0.004827074290412721,0.044994813815717884,0.03611493112612508,0.06585495143507353,0.04390330095671567,0.035065348043985374,0.020701872814097765,0.4222555539295658,0.1785589581962988,0.11903930546419914,0.028683889927830174
265,0.004730532804604468,0.04451952538062419,0.035667537225868545,0.06550790447790854,0.04367193631860567,0.03493829810447406,0.0207052461742207,0.4226722646733288,0.17921750771064954,0.1194783384737663,0.028890908655971152
266,0.004635922148512379,0.044048843392987515,0.03522528483053962,0.06516103753191839,0.04344069168794557,0.03481097801713768,0.020707823501105338,0.42308381317978105,0.1798725867554286,0.11991505783695235,0.02909796111771336
267,0.004543203705542134,0.04358273225448848,0.034788123813666964,0.06481438068778142,0.0432095871251876,0.03468340126787456,0.02070961113419711,0.4234902587739796,0.1805241971307478,0.1203494647538318,0.02930503935272441
268,0.004452339631431295,0.04312115642649756,0.03435600432156616,0.0644679634888193,0.042978642325879515,0.03455558114599116,0.020710615430462386,0.42389166020259883,0.1811723409376256,0.12078156062508368,0.02951213546406638
269,0.00436329283880267,0.04266408043640762,0.03392887677798806,0.06412181493688378,0.04274787662458917,0.03442753074601113,0.02071084276303371,0.42428807563707843,0.1818170205725138,0.12121134704834247,0.029719241618371004
270,0.004276026982026619,0.04221146888375287,0.03350669188853432,0.06377596349822853,0.042517308998819,0.03429926296948427,0.02071029951987944,0.42467956267682444,0.18245823872188266,0.12163882581458836,0.029926350046001342
271,0.00419050644238609,0.0417632864461196,0.03308940064484665,0.06343043710936454,0.04228695807290967,0.034170790526794746,0.02070899210249755,0.42506617835246135,0.18309599835686494,0.12206399890457655,0.030133453041200138
272,0.00410669631353837,0.0413194978848539,0.0326769543285762,0.06308526318289788,0.04205684212193189,0.034042125938968236,0.020706926924633343,0.42544797912913274,0.1837303027279586,0.12248686848530564,0.030340542962225114
273,0.004024562387267605,0.040880068050571323,0.03226930451513941,0.06274046861334866,0.04182697907556575,0.03391328153947729,0.02070411041102082,0.42582502090984703,0.18436115535978756,0.12290743690652496,0.030547612231471448
274,0.0039440711395222535,0.040444961888473456,0.03186640307726641,0.06239607978294989,0.041597386521966574,0.0337842694760446,0.020700548996147476,0.4261973590388679,0.18498856004592104,0.12332570669728062,0.030754653335581656
275,0.0038651897167318082,0.040014144443476236,0.031468202188348,0.06205212256742521,0.04136808171161679,0.03365510171244356,0.02069624912304227,0.4265650483051441,0.18561252084375054,0.12374168056250028,0.03096165882554313
276,0.0037878859223971746,0.03958758086515466,0.031074654325586974,0.061708622341744256,0.04113908156116282,0.03352579003029585,0.02069121724208651,0.42692814294577885,0.1862330420694248,0.12415536137961644,0.031168621316773552
277,0.0037121282039492337,0.03916523641250858,0.030685712272959544,0.061365603985854805,0.04091040265723652,0.03339634603086543,0.020685459809847418,0.4272866966495356,0.18685012829284223,0.12456675219522807,0.03137553348919442
278,0.0036378856398702497,0.038747076458554,0.03030132912399242,0.06102309189039055,0.040682061260260347,0.033266781136848604,0.020678983287934136,0.4276407625603775,0.18746378433270078,0.12497585622180044,0.03158238808729289
279,0.0035651279270728477,0.03833306649474433,0.029921458284360897,0.060681109962353555,0.04045407330823569,0.033137106594159804,0.020671794141875886,0.427990393281039,0.1880740152516047,0.12538267683440305,0.03178917792017223
280,0.0034938253685313915,0.03792317213522591,0.02954605347431334,0.06033968163077056,0.04022645442051369,0.033007333473712604,0.020663898840022087,0.4283356408766278,0.18868082635122824,0.1257872175674854,0.03199589586159099
281,0.0034239488611607642,0.03751735912093198,0.02917506873092711,0.05999882985232211,0.039999219901548054,0.032877472673195664,0.02065530385246414,0.42867655687825446,0.18928422316753593,0.12618948211169054,0.03220253484999121
282,0.00335546988393755,0.03711559332351919,0.02880845841020106,0.059658577116943806,0.039772384744629186,0.032747534918843246,0.020646015649978672,0.42901319228668816,0.18988421146605916,0.12658947431070602,0.03240908788851585
283,0.0032883604862588003,0.03671784074915074,0.028446177188989483,0.05931894545339873,0.03954596363559914,0.03261753076719988,0.020636040702991944,0.4293455975760367,0.1904807972372286,0.12698719815815232,0.03261554804501563
284,0.003222593276533625,0.03632406754213003,0.028088180066782247,0.0589799564348204,0.03931997095654692,0.03248747060687896,0.020625385480565223,0.4296738226974481,0.1910739866917626,0.1273826577945083,0.03282190845204555
285,0.0031581414110029545,0.03593423998838863,0.027734422367335844,0.058641631184225405,0.03909442078948359,0.03235736466031488,0.020614056449400845,0.429997917082834,0.1916637862561108,0.12777585750407378,0.033028162306851204
286,0.003094978582782897,0.03554832451883242,0.027384859740159896,0.05830399037999507,0.0388693269199967,0.03222722298550838,0.020602060072868727,0.43031792964861104,0.19225020256795305,0.12816680171196862,0.03323430287134521
287,0.0030330790111272403,0.03516628771254952,0.02703944816186357,0.0579670542613255,0.03864470284088365,0.03209705547776493,0.02058940281005309,0.43063390879945906,0.192833242471753,0.12855549498116858,0.0334403234720739
288,0.002972417430904696,0.03478809629988349,0.026698143937366147,0.05763084263364528,0.038420561755763506,0.03196687187142571,0.02057609111481915,0.4309459024320959,0.19341291301436628,0.12894194200957743,0.033646217500174436
289,0.0029129690822866034,0.03441371716537558,0.026360903700976122,0.05729537487400033,0.03819691658266687,0.03183668174159107,0.02056213143489951,0.4312539579390655,0.19398922144070274,0.12932614762713507,0.03385197841132263
290,0.002854709700640873,0.03404311735057909,0.026027684417342798,0.05696066993640523,0.037973779957603475,0.03170649450583608,0.020547530211000063,0.4315581222125383,0.19456217518944274,0.12970811679296174,0.03405759972567162
291,0.002797615506628057,0.03367626405674956,0.025698443382284483,0.05662674635716057,0.03775116423810704,0.031576319425918015,0.02053229387592508,0.43185844164812304,0.19513178188880678,0.13008785459253777,0.03426307502778162
292,0.0027416631964954957,0.033313124647413754,0.025373138223497186,0.05629362226013569,0.03752908150675712,0.03144616560947547,0.020516428853721336,0.43215496214868787,0.1956980493523784,0.13046536623491883,0.03446839796654087
293,0.002686829932565587,0.03295366665082083,0.025051726901147597,0.05596131536201643,0.03730754357467762,0.031316042011718996,0.020499941558840974,0.4324477291281897,0.19626098557497976,0.1308406570499864,0.03467356225507809
294,0.0026330933339142764,0.032597857762278734,0.024734167708354102,0.05562984297751733,0.03708656198501155,0.03118595743711287,0.02048283839532288,0.43273678751551053,0.19682059872859992,0.13121373248573318,0.0348785616706665
295,0.0025804314672359923,0.03224566584637893,0.024420419271559454,0.055299222024557934,0.03686614801637195,0.031055920541047933,0.02046512575599233,0.43302218175829926,0.1973768971583751,0.1315845981055833,0.035083390054619724
296,0.0025288228378912733,0.03189705893911237,0.02411044055079862,0.05496946902940267,0.03664631268626844,0.030925939831505243,0.020446810021678693,0.4333039558268173,0.19792988937862066,0.131953259585747,0.03528804131217965
297,0.002478246381133449,0.03155200524987967,0.023804190839865257,0.054640600131764035,0.03642706675450935,0.030796023670710358,0.020427897560450936,0.43358215321778804,0.1984795840689147,0.13231972271260967,0.035492509412396435
298,0.0024286814535107813,0.031210473163398353,0.023501629766380188,0.05431263108986864,0.03620842072657909,0.03066618027677809,0.02040839472687069,0.433856816958248,0.19902599007023233,0.13268399338015477,0.035696788388000944
299,0.0023801078244405673,0.030872431241509943,0.02320271729176511,0.05398557728548579,0.03599038485699052,0.030536417725347535,0.02038830786126265,0.4341279896093985,0.199569116381131,0.13304607758742057,0.03590087233526965
300,0.0023325056679517567,0.030537848224889533,0.022907413711124775,0.053659453728918304,0.0357729691526122,0.030406743951207217,0.020367643289002108,0.4343957132704573,0.20010897215398588,0.13340598143599047,0.03610475541388228
301,0.0022858555545927214,0.030206693034660646,0.022615679653040704,0.05333427506395528,0.035556183375970184,0.03027716674991026,0.02034640731981933,0.43466002958250866,0.20064556669127506,0.1337637111275166,0.0363084318467723
302,0.002240138443500868,0.02987893477391785,0.022327476079279474,0.05301005557278645,0.0353400370485243,0.030147693779379352,0.0203246062471206,0.4349209797323514,0.2011789094419146,0.1341192729612763,0.03651189591997049
303,0.0021953356746308517,0.029554542729159715,0.02204276428441855,0.052686809180878015,0.03512453945391868,0.03001833256150141,0.02030224634732567,0.4351786044563431,0.20170900999764246,0.13447267333176152,0.0367151419824417
304,0.0021514289611382353,0.029233486371634587,0.021761505895392504,0.05236454946180957,0.03490969964120638,0.029889090483711828,0.02027933387922142,0.4354329440442402,0.20223587808945123,0.1348239187263007,0.036918164445914954
305,0.0021084003819154713,0.028915735358601598,0.021483662870962424,0.05204328964207203,0.03469552642804802,0.029759974800568155,0.020255875083331477,0.43568403834303326,0.20275952358406932,0.13517301572271276,0.03712095778470717
306,0.002066232374277164,0.028601259534509274,0.021209197501111252,0.05172304260582624,0.03448202840388416,0.02963099263531312,0.02023187618130157,0.43593192676077513,0.20327995648049005,0.13551997098699323,0.03732351653554049
307,0.002024907726791622,0.02829002893209403,0.0209380724063677,0.051403820899622275,0.034269213933081515,0.02950215098142688,0.020207343375300432,0.43617664827040337,0.2037971869065483,0.13586479127103207,0.0375258352973535
308,0.0019844095722557904,0.02798201377340084,0.020670250537061313,0.05108563673707901,0.03405709115805267,0.029373456704168393,0.02018228284743599,0.4364182414135538,0.20431122511554453,0.13620748341036287,0.037727908731106506
309,0.001944721380810676,0.027677184470728255,0.020405695172511226,0.05076850200352408,0.03384566800234938,0.02924491654210583,0.02015670075918664,0.436656744304366,0.2048220814829153,0.1365480543219434,0.03792973155958087
310,0.0019058269531944628,0.02737551162749995,0.020144369920151034,0.05045242826059388,0.03363495217372925,0.02911653710863591,0.02013060325084741,0.4368921946332796,0.20532976650295054,0.1368865110019669,0.03813129856717273
311,0.0018677104141305743,0.02707696603906483,0.019886238714592185,0.05013742675079371,0.0334249511671958,0.028988324893492137,0.02010399644099075,0.43712462967081983,0.20583429078555648,0.1372228605237042,0.03833260459968121
312,0.0018303562058479645,0.026781518693427854,0.019631265816628208,0.04982350840201776,0.03321567226801184,0.02886028626424178,0.020076886425941794,0.4373540862713728,0.20633566505306442,0.13755711003537616,0.03853364456409111
313,0.0017937490817310053,0.026489140771913493,0.01937941581218205,0.04951068383202901,0.033007122554686,0.028732427467771625,0.020049279279267827,0.43758060087694933,0.20683390013708458,0.13788926675805627,0.03873441342835053
314,0.0017578741000963854,0.026199803649763792,0.019130653611198693,0.04919896335289889,0.03279930890193258,0.02860475463176234,0.02002118105128178,0.43780420952093607,0.20732900697540488,0.1382193379836031,0.038934906221143206
315,0.0017227166180944586,0.02591347889667299,0.018884944446485245,0.04888835697540673,0.03259223798360447,0.028477273766151456,0.019992597768559536,0.4380249478318345,0.20782099660893386,0.13854733107262243,0.03913511803165602
316,0.00168826228573257,0.02563013827726049,0.018642253872500535,0.04857887441339886,0.032385916275599225,0.028349990764584897,0.01996353543347085,0.4382428510369863,0.20830988017868793,0.1388732534524585,0.03933504400934162
317,0.0016544970400179189,0.025349753751484072,0.01840254776409628,0.04827052508810744,0.03218035005873828,0.028222911405857,0.019934000023723652,0.43845795396628434,0.20879566892282192,0.13919711261521447,0.03953467936367633
318,0.001621407099217561,0.025072297474995082,0.018165792315211787,0.04796331813242895,0.03197554542161929,0.028096041355339,0.01990399749192156,0.43867029105587013,0.20927837417370299,0.13951891611580186,0.03973401936391356
319,0.00158897895723321,0.024797741799437327,0.017931954037524095,0.04765726239516232,0.031771508263441536,0.027969386166395913,0.019873533765134378,0.4388798963518149,0.20975800735502728,0.13983867157001806,0.039933059338832774
320,0.001557199378088546,0.024526059272691393,0.017700999759055466,0.0473523664452068,0.03156824429680452,0.027842951281791824,0.01984261474448141,0.4390868035137863,0.2102345799789789,0.14015638665265248,0.04013179467648412
321,0.0015260553905267766,0.024257222639066038,0.01747289662274,0.04704863857571952,0.03136575905047967,0.027716742035083508,0.019811246304727345,0.43929104581869843,0.21070810364343098,0.14047206909562052,0.04033022082392893
322,0.0014955342827162412,0.023991204839438247,0.017247612084951167,0.04674608680823278,0.031164057872155176,0.027590763652002408,0.019779434293890574,0.43949265616434546,0.21117859002918818,0.14078572668612532,0.040528333286976206
323,0.001465623597061917,0.023727979011343544,0.017025113913991963,0.04644471889673118,0.03096314593115411,0.027465021251824897,0.01974718453286368,0.43969166707301804,0.2116460508972705,0.14109736726484687,0.040726127629915114
324,0.0014363111251206795,0.02346751848901811,0.016805370188549395,0.046144542331688555,0.030763028221125692,0.027339519848730853,0.019714502815045994,0.4398881106951026,0.21211049808623783,0.1414069987241584,0.04092359947524375
325,0.0014075849026182667,0.023209796803394172,0.016588349296114854,0.04584556434406487,0.030563709562709904,0.027214264353150507,0.019681394905987918,0.4400820188126628,0.21257194350955472,0.14171462900636966,0.04112074450339421
326,0.0013794332045659015,0.022954787682050143,0.01637401993137203,0.045547791909263106,0.030365194606175393,0.02708925957309956,0.01964786654304694,0.4402734228430026,0.21303039915299538,0.14202026610199675,0.041317558452454085
327,0.0013518445404745842,0.022702465049116948,0.016162351094553894,0.04525123175104621,0.030167487834030792,0.02696451021550259,0.01961392343505507,0.4404623538422107,0.213485877072088,0.1423239180480585,0.04151403711788455
328,0.001324807649665093,0.022452803025141944,0.015953312089770143,0.044955890345414244,0.029970593563609486,0.026840020887504697,0.019579571261997535,0.44064884250868636,0.21393838938959844,0.14262559292639881,0.041710176352235104
329,0.0012983114966717915,0.02220577592691174,0.015746872523306737,0.04466177392444185,0.02977451594962789,0.026715796097771444,0.01954481567470259,0.4408329191866452,0.21438794829305258,0.14292529886203492,0.04190597206485508
330,0.0012723452667383563,0.021961358267235297,0.015543002301898767,0.04436888848007605,0.029579258986717358,0.02659184025777706,0.019509662294542193,0.4410146138696065,0.214834566032297,0.1432230440215312,0.042101420221602105
331,0.0012468983614035906,0.021719524754688593,0.015341671630978153,0.04407723976789461,0.02938482651192973,0.026468157683080935,0.019474116713143433,0.44119395620385915,0.21527825491709776,0.14351883661139836,0.04229651684454753
332,0.0012219603941755195,0.021480250293322078,0.015142851012897404,0.04378683331082505,0.029191222207216688,0.0263447525945924,0.019438184492110485,0.4413709754919089,0.2157190273147767,0.14381268487651766,0.04249125801167896
333,0.0011975211862920094,0.021243509982332195,0.014946511245130809,0.04349767440282441,0.02899844960188293,0.026221629119823835,0.019401871162756934,0.44154570069590393,0.21615689564788496,0.14410459709858983,0.042685639856600066
334,0.0011735707625661698,0.02100927911569815,0.014752623418454281,0.04320976811252001,0.02880651207501333,0.026098791294132118,0.019365182225848307,0.44171816044104006,0.2165918723919132,0.14439458159460866,0.04287965856822763
335,0.0011500993473148467,0.0207775331817851,0.014561158915105076,0.04292311928681118,0.02861541285787411,0.025976243061948373,0.019328123151354615,0.44188838301894523,0.2170239700730384,0.1446826467153588,0.04307331039048612
336,0.0011270973603685504,0.02054824786291492,0.014372089406922578,0.04263773255443235,0.028425155036288223,0.025853988277996155,0.01929069937821276,0.44205639639104255,0.2174532012659065,0.14496880084393754,0.04326659162199967
337,0.00110455541316118,0.020321399034905614,0.014185386853471307,0.04235361232947744,0.028235741552984948,0.025732030708498,0.01925291631409861,0.44222222819189166,0.21787957859145082,0.14525305239430042,0.04345949861578179
338,0.0010824643048979571,0.020096962766580545,0.014001023500147241,0.04207076281488586,0.028047175209923895,0.025610374032370407,0.019214779335208612,0.44238590573250863,0.2183031147147456,0.14553540980983026,0.043652027778922776
339,0.001060815018799998,0.019874915319248444,0.013818971876268562,0.04178918800589025,0.02785945867059349,0.02548902184240729,0.01917629378605075,0.44254745600366413,0.21872382234289445,0.1458158815619295,0.043844175572274866
340,0.0010395987184239985,0.0196552331461553,0.013639204793151893,0.04150889169342615,0.027672594462284088,0.025367977646451927,0.019137464979244685,0.4427069056791595,0.21914171422295334,0.14609447614863544,0.044035938510135375
341,0.0010188067440555192,0.01943789289190911,0.013461695342174975,0.041229877467503735,0.02748658497833581,0.025247244868557412,0.01909829819533095,0.4428642811190805,0.2195568031398876,0.14637120209325827,0.044227313159927825
342,0.0009984306091744093,0.019222871391878497,0.013286416892826865,0.04095214872054191,0.02730143248036126,0.025126826850135703,0.019058798682588984,0.4430196083730287,0.21996910191456262,0.14664606794304164,0.044418296141881135
343,0.0009784619969909218,0.0190101456715661,0.013113343090746552,0.04067570865066488,0.027117139100443242,0.025006726851095257,0.01901897165686391,0.4431729131833305,0.22037862340176803,0.14691908226784525,0.044608884128707026
344,0.0009588927570511036,0.01879969294595774,0.012942447855750942,0.04040056026496138,0.026933706843307578,0.02488694805096733,0.01897882230140184,0.44332422098822377,0.22078538048827467,0.1471902536588497,0.044799073845275664
345,0.0009397149019100818,0.0185914906188482,0.01277370537985313,0.04012670638270686,0.02675113758847123,0.024767493550020947,0.018938355766693626,0.4434735569250209,0.22118938609092428,0.14745959072728276,0.044988862068289684
346,0.0009209206038718804,0.01838551628214459,0.012607090125271805,0.03985414963854874,0.02656943309236582,0.024648366370366635,0.018897577170326814,0.44362094583324996,0.22159065315475135,0.14772710210316747,0.04517824562595662
347,0.0009025021917944433,0.01818174771514805,0.012442576822432657,0.039582892485655025,0.026388594990436675,0.024529569457048907,0.018856491596845746,0.44376641225777225,0.22198919465113684,0.14799279643409113,0.04536722139765988
348,0.0008844521479585551,0.01798016288381475,0.012280140467962606,0.03931293719882642,0.02620862479921761,0.02441110567912761,0.01881510409761958,0.44390998045187724,0.22238502357599338,0.1482566823839955,0.04555578631362834
349,0.0008667631049993844,0.01778073993999693,0.012119756322677637,0.039044285877572256,0.0260295239183815,0.024292977830748144,0.018773419690718152,0.44405167438035376,0.22277815294798164,0.14851876863198768,0.04574393735460454
350,0.0008494278428993969,0.017583457220664792,0.01196139990956503,0.03877694044915036,0.025851293632766902,0.024175188632200605,0.01873144336079546,0.4441915177225385,0.22316859580675738,0.14877906387117149,0.04593167155151172
351,0.0008324392860414091,0.017388293247110054,0.011805047011760723,0.03851090267157115,0.025673935114380764,0.024057740730967937,0.01868918005898071,0.4443295338753412,0.2235563652112489,0.14903757680749916,0.046118985985119675
352,0.0008157905003205817,0.017195226724131887,0.01165067367052253,0.038246174136566204,0.025497449424377466,0.023940636702763116,0.01864663470277671,0.44446574595624605,0.2239414742379646,0.14929431615864297,0.04630587778570948
353,0.0007994746903141705,0.01700423653920601,0.011498256183199912,0.037982756272521456,0.0253218375150143,0.02382387905255543,0.01860381217596552,0.44460017680629055,0.22432393597933026,0.14954929065288675,0.04649234413273724
354,0.0007834851965078875,0.016815301761637605,0.011347771101200992,0.03772065034737536,0.025147100231583567,0.023707470215585946,0.018560717328521197,0.4447328489930198,0.22470376354205548,0.14980250902803688,0.0466783822544969
355,0.0007678154925777306,0.01662840164169885,0.011199195227957457,0.03745985747148217,0.024973238314321442,0.023591412558372125,0.0185173549765295,0.44486378481341826,0.22508097004552924,0.15005398003035272,0.04686398942778211
356,0.0007524591827261767,0.016443515609751633,0.011052505616887986,0.03720037860044065,0.024800252400293762,0.023475708379701796,0.018473729902114436,0.4449930062968177,0.22545556862024407,0.15030371241349594,0.0470491629775474
357,0.0007374099990716536,0.016260623275356205,0.010907679569360815,0.03694221453788837,0.024628143025258908,0.023360359911616405,0.0184298468533715,0.4451205352077818,0.22582757240624848,0.1505517149374989,0.04723390027656855
358,0.000722661799090221,0.016079704426366383,0.010764694632656042,0.03668536593826195,0.024456910625507963,0.023245369320383694,0.018385710544307484,0.4452463930489667,0.22619699455162737,0.15079799636775149,0.047418198745102266
359,0.0007082085631084166,0.015900739028011927,0.010623528597928223,0.03642983330952341,0.024286555539682265,0.023130738707459828,0.018341325654786713,0.44537060106395887,0.22656384821101,0.15104256547400657,0.04760205585054534
360,0.0006940443918462483,0.015723707221968714,0.010484159498169842,0.036175617015852875,0.024117078010568574,0.023016470110441056,0.018296696830483603,0.44549318024008877,0.22692814654410523,0.1512854310294034,0.047785469107093206
361,0.0006801635040093237,0.015548589325417328,0.010346565606176163,0.03592271728030798,0.023948478186871975,0.022902565504004956,0.018251828682841413,0.4456141513112215,0.22728990271426375,0.15152660180950908,0.047968436075398045
362,0.0006665602339291375,0.01537536583009057,0.010210725432512007,0.0356711341874501,0.02378075612496672,0.02278902680084133,0.01820672578903703,0.4457335347605235,0.22764912988706681,0.1517660865913778,0.04815095436222646
363,0.0006532290292505548,0.015204017401310558,0.010076617723480927,0.03542086768593776,0.023613911790625164,0.02267585585257285,0.018161392691951706,0.4458513508232063,0.22800584122894132,0.15200389415262747,0.04833302162011683
364,0.0006401644486655442,0.015034524877015896,0.009944221459097282,0.035171917591087454,0.02344794506072496,0.022563054450665445,0.018115833900147628,0.44596761948924646,0.2283600499058007,0.15224003327053373,0.04851463554703635
365,0.0006273611596922336,0.014866869266779454,0.009813515851061657,0.03492428358740207,0.023282855724934708,0.0224506243273286,0.018070053887850143,0.4460823605060822,0.22871176908171156,0.152474512721141,0.04869579388603782
366,0.000614813936498389,0.014701031750817314,0.009684480340740103,0.034677965231067295,0.023118643487378188,0.022338567156405538,0.018024057094935615,0.4461955933812867,0.22906101191758557,0.15270734127839034,0.048876494424916324
367,0.000602517657768422,0.014536993678989339,0.0095570945971476,0.03443296195241613,0.022955307968277407,0.022226884554253427,0.01797784792692469,0.4463073373852183,0.22940779156989624,0.1529385277132641,0.04905673499586568
368,0.0005904673046130536,0.014374736569791902,0.009431338514936178,0.0341892730583619,0.022792848705574582,0.02211557808061363,0.017931430754980965,0.44641761155364684,0.2297521211894204,0.1531680807929469,0.04923651347513493
369,0.0005786579585207928,0.014214242109343234,0.009307192212388085,0.03394689773479991,0.02263126515653326,0.02200464923947211,0.01788480991591484,0.4465264346903577,0.23009401392000403,0.15339600928000263,0.04941582778268474
370,0.0005670847993503773,0.01405549215036184,0.009184636029414406,0.03370583504897814,0.02247055669931874,0.021894099479910018,0.017837989712192522,0.4466338253697314,0.23043348289735202,0.15362232193156797,0.04959467588184389
371,0.0005557431033633701,0.013898468711138473,0.009063650525559484,0.03346608395183701,0.022310722634557995,0.021783930196944593,0.01779097441195006,0.4467398019393015,0.2307705412478418,0.15384702749856116,0.04977305577896581
372,0.0005446282412961028,0.013743153974502065,0.008944216478011505,0.03322764328031883,0.02215176218687921,0.02167414273236037,0.017743768249012224,0.44684438252228875,0.23110520208736016,0.15407013472490674,0.04995096552308531
373,0.0005337356764701812,0.013589530286780083,0.008826314879619612,0.03299051175964681,0.021993674506431197,0.02156473837553085,0.017696375422916265,0.4469475850201119,0.23143747852016333,0.15429165234677553,0.050128403205575434
374,0.0005230609629407779,0.013437580156753679,0.00870992693691784,0.032754688005574205,0.021836458670382794,0.021455718364230634,0.017648800098940286,0.44704942711487666,0.2317673836377598,0.15451158909183985,0.050305366959804594
375,0.0005125997436819625,0.01328728625460808,0.008595034068156234,0.03252017052660368,0.021680113684402445,0.02134708388543814,0.017601046408136267,0.447149926271841,0.23209493051781555,0.15472995367854367,0.050481854960794
376,0.0005023477488083234,0.013138631410878593,0.008481617901339411,0.032286957726177234,0.02152463848411815,0.021238836076128947,0.01755311844736753,0.4472490997418582,0.23242013222308158,0.1549467548153877,0.05065786542487536
377,0.0004923007938321572,0.012991598615392588,0.008369660272272901,0.03205504790483693,0.021370031936557947,0.021130976024059882,0.01750502027935063,0.44734696456379675,0.23274300180034335,0.15516200120022888,0.05083339660934903
378,0.0004824547779555144,0.012846171016207861,0.0082591432226175,0.03182443926235667,0.021216292841571102,0.021023504768543845,0.017456755932701483,0.44744353756693833,0.2330635522793917,0.15537570151959446,0.05100844681214254
379,0.0004728056823964044,0.012702331918547716,0.008150048997951962,0.03159512989984531,0.021063419933230198,0.020916423301215546,0.01740832940198573,0.44753883537335315,0.23338179667201528,0.15558786444801018,0.051183014371469555
380,0.00046334956874847643,0.01256006478373311,0.008042360045844224,0.031367117821821416,0.02091141188121427,0.02080973256678814,0.017359744647773165,0.44763287440025257,0.23369774797101373,0.1557984986473425,0.05135709766548941
381,0.0004540825773735072,0.012419353228112225,0.00793605901393147,0.031140400938259816,0.0207602672921732,0.0207034334638009,0.017311005596696162,0.44772567086231996,0.23401141914923193,0.15600761276615463,0.051530695111967145
382,0.00044500092582603734,0.012280181021987751,0.00783112874800922,0.030914977066610304,0.020609984711073524,0.020597526845357938,0.017262116141512004,0.4478172407740192,0.23432282315861452,0.15621521543907635,0.05170380516793411
383,0.00043610090730951693,0.012142532088542253,0.007727552290129712,0.030690843933788733,0.02046056262252581,0.020492013519858118,0.017213080141169033,0.4479075999518808,0.23463197292928062,0.15642131528618708,0.05187642632934923
384,0.0004273788891633267,0.012006390502761886,0.007625312876709755,0.030467999178140755,0.020311999452093825,0.020386894251716192,0.017163901420876492,0.4479967640167669,0.2349388813686185,0.15662592091241234,0.052048557130760925
385,0.0004188313113800604,0.011871740490358777,0.007524393936648283,0.030246440351378467,0.020164293567585635,0.020282169762075225,0.017114583772178026,0.44808474839611356,0.23524356136039992,0.15682904090693328,0.05222019614496969
386,0.00041045468515245933,0.011738566426692357,0.007424779089453803,0.030026164920490244,0.02001744328032682,0.020177840729510423,0.017065130953028695,0.4481715683261518,0.2355460257639137,0.15703068384260913,0.05239134198269147
387,0.0004022455914494103,0.01160685283568995,0.00732645214338191,0.02980717026962398,0.01987144684641598,0.020073907790724408,0.01701554668787547,0.448257238854107,0.2358462874131186,0.1572308582754124,0.052561993292221755
388,0.00039420067962042226,0.011476584388766847,0.007229397093583064,0.029589453701944057,0.019726302467962697,0.019970371541234017,0.016965834667741063,0.4483417748403768,0.23614435911581486,0.15742957274387656,0.05273214875910051
389,0.00038631666602801393,0.011347745903746155,0.00713359812026078,0.029373012441462232,0.01958200829430815,0.01986723253604873,0.016915998550311055,0.44842519096068734,0.2364402536528343,0.15762683576855618,0.05290180710577792
390,0.000378590332707454,0.011220322343778708,0.007039039586840412,0.029157843634842775,0.01943856242322851,0.01976449129034073,0.016866041960024235,0.4485075017082288,0.2367339837772489,0.15782265585149927,0.053070967091281035
391,0.0003710185260533052,0.011094298816263217,0.00694570603814866,0.028943944353182045,0.019295962902121357,0.01966214828010678,0.016815968488166036,0.4485887213957693,0.23702556221359733,0.15801704147573156,0.05323962751088128
392,0.0003635981555322394,0.01096966057176696,0.006853582198603966,0.028731311593762816,0.019154207729175202,0.019560203942821867,0.016765781692965016,0.4486688641577479,0.23731500165712915,0.15821000110475278,0.05340778719576294
393,0.0003563261924215948,0.010846393002947215,0.0067626529704179145,0.028519942281783575,0.019013294854522373,0.01945865867808479,0.016715485099692298,0.44874794395234713,0.2376023147730668,0.15840154318204452,0.05357544501269259
394,0.00034919966857316326,0.010724481643473685,0.006672903431807776,0.028309833272063066,0.018873222181375368,0.019357512848255706,0.016665082200763882,0.4488259745635443,0.2378875141958846,0.15859167613058975,0.05374259986368951
395,0.00034221567520170015,0.010603912166952102,0.0065843188352203265,0.028100981350720332,0.01873398756714688,0.019256766779085728,0.016614576455845777,0.448902969603142,0.23817061252860525,0.1587804083524035,0.05390925068569715
396,0.0003353713616976663,0.010484670385849243,0.006496884605567029,0.02789338323683049,0.01859558882455365,0.019156420760338647,0.016563971291961833,0.4489789425127792,0.23845162234211245,0.15896774822807497,0.05407539645025561
397,0.00032866393446371304,0.010366742250419562,0.006410586338470705,0.027687035584056528,0.01845802372270434,0.019056475046404845,0.016513270103604247,0.44905390656592037,0.23873055617448075,0.15915370411632052,0.05424103616317523
398,0.00032209065577443896,0.010250113847633621,0.006325409798523791,0.027481934982257327,0.018321289988171542,0.0189569298569075,0.016462476252846633,0.4491278748698258,0.2390074265303213,0.15933828435354755,0.05440616886421127
399,0.00031564884265895035,0.010134771400108525,0.006241340917558274,0.02727807795907222,0.018185385306048137,0.01885778537730111,0.01641159306945961,0.449200860367501,0.23928224588014388,0.15952149725342926,0.054570793626739736
400,0.0003093358658057715,0.010020701265040536,0.0061583657929273825,0.02707546098148225,0.018050307320988158,0.018759041759462438,0.01636062385102882,0.44927287583962666,0.2395550266597346,0.15970335110648975,0.05473490955743433
401,0.00030314914848965623,0.009907889933140051,0.006076470685799136,0.026874080457348477,0.01791605363823231,0.018660699122273958,0.016309571863075308,0.44934393390646815,0.23982578126954943,0.15988385417969964,0.054898515795944625
402,0.0002970861655198633,0.00979632402756911,0.005995642019461805,0.0266739327369275,0.017782621824618323,0.01856275755219985,0.0162584403391782,0.4494140470297658,0.2400945220741229,0.16006301471608195,0.05506161151457538
403,0.00029114444220946616,0.009685990302881605,0.005915866377641363,0.02647501411436447,0.017650009409576305,0.01846521710385464,0.016207232481099617,0.4494832275146057,0.2403612614014922,0.16024084093432814,0.05522419591796716
404,0.0002853215533652769,0.009576875643966344,0.005837130502830991,0.026277320829163852,0.017518213886109225,0.01836807780056453,0.016155951458911747,0.4495514875112708,0.24062601154263583,0.1604173410284239,0.055386268242778154
405,0.0002796151222979715,0.00946896706499313,0.005759421294632699,0.026080849067638134,0.017387232711758748,0.018271339634921523,0.016104600411126015,0.44961883901707267,0.24088878475092745,0.16059252316728498,0.055547827757367274
406,0.0002740228198520122,0.009362251708362003,0.005682725808111105,0.025885594964334784,0.017257063309556512,0.018175002569330377,0.016053182444824284,0.4496852938781646,0.24114959324160384,0.16076639549440255,0.05570887376147853
407,0.00026854236345497204,0.00925671684365578,0.005607031252159422,0.025691554603441635,0.017127703068961077,0.018079066536548498,0.016001700635792024,0.44975086379133505,0.24140844919124718,0.1609389661274981,0.055869405585926776
408,0.00026317151618587283,0.009152349866596056,0.005532324987877702,0.02549872402017099,0.016999149346780647,0.017983531440218806,0.015950158028653395,0.449815560305783,0.2416653647372816,0.16111024315818773,0.056029422592284696
409,0.00025790808586215555,0.009049138298002756,0.0054585945269633816,0.025307099202122638,0.016871399468081746,0.017888397155395672,0.015898557637008173,0.4498793948248739,0.2419203519774833,0.16128023465165553,0.05618892417257123
410,0.00025274992414491264,0.008947069782757415,0.005385827530114133,0.025116676090626046,0.01674445072708402,0.01779366352906398,0.015846902443570465,0.4499423786078773,0.24217342296950453,0.16144894864633635,0.05634790974894131
411,0.0002476949256620144,0.008846132088770272,0.005314011805443085,0.02492745058206195,0.01661830038804129,0.0176993303806514,0.015795195400309145,0.45000452277168634,0.24242458973041078,0.1616163931536072,0.05650637877337702
412,0.0002427410271487742,0.00874631310595132,0.0052431353069064095,0.024739418529163587,0.016492945686109046,0.017605397502533898,0.015743439428589964,0.4500658382925184,0.2426738642362314,0.16178257615748762,0.056664330727380106
413,0.00023788620660579894,0.008647600845185401,0.005173186132743314,0.02455257574229777,0.0163683838281985,0.017511864660534632,0.015691637419319268,0.45012633600759816,0.24292125842152304,0.1619475056143487,0.05682176512166601
414,0.00023312848247368298,0.008549983437311497,0.005104152523928442,0.024366917990726076,0.01624461199381737,0.017418731594416217,0.015639792233089284,0.45018602661682217,0.24316678417894602,0.1621111894526307,0.0569786814958592
415,0.00022846591282420938,0.008453449132106265,0.005036022862636698,0.024182441003846356,0.01612162733589756,0.017325998018366477,0.015587906700324889,0.45024492068440597,0.24341045335885328,0.16227363557256888,0.05713507941819009
416,0.00022389659456772523,0.008357986297271972,0.00496878567072051,0.023999140472414783,0.015999426981609843,0.017233663621477747,0.015535983621431838,0.4503030286405133,0.24365227776889176,0.16243485184592785,0.05729095848519334
417,0.00021941866267637087,0.00826358341742889,0.004902429608199524,0.023817012049748672,0.015878008033165768,0.017141728068219775,0.015484025766946387,0.45036036078286773,0.2438922691736159,0.16259484611574396,0.05744631832140766
418,0.00021503028942284358,0.008170229093112257,0.0048369434717627415,0.02363605135291031,0.015757367568606857,0.0170501909989063,0.015432035877686242,0.4504169272783469,0.24413043929411338,0.1627536261960756,0.057601158579077126
419,0.00021072968363438683,0.008077912039773897,0.004772316193283087,0.023456253963871986,0.015637502642581305,0.01695905203015539,0.015380016664902817,0.45047273816455957,0.24436679980764248,0.16291119987176167,0.05775547893785399
420,0.00020651508996169914,0.007986621086788567,0.00470853683834441,0.02327761543066247,0.015518410287108295,0.016868310755343573,0.01532797081043472,0.45052780335140513,0.2446013623472812,0.1630675748981875,0.05790927910450302
421,0.00020238478816246534,0.007896345176465133,0.004645594604780901,0.02310013126849515,0.015400087512330083,0.016777966745053843,0.015275900966862436,0.4505821326226168,0.2448341385015878,0.16322275900105856,0.058062558812607364
422,0.0001983370923992161,0.007807073363062642,0.0045834788212289245,0.022923796960878033,0.015282531307252005,0.01668801954751763,0.015223809757664134,0.45063573563728737,0.24506513981427275,0.16337675987618186,0.058215317822275986
423,0.00019437035055123187,0.007718794811811353,0.004522178945691228,0.022748607960705842,0.015165738640470544,0.016598468689050745,0.015171699777372599,0.4506886219313785,0.24529437778388152,0.16352958518925437,0.058367555919852626
424,0.00019048294354020732,0.00763149879793882,0.004461684564113545,0.0225745596913344,0.015049706460889583,0.01650931367448342,0.015119573591733177,0.45074080091921337,0.2455218638634886,0.16368124257565908,0.058519272917626354
425,0.00018667328466940325,0.007545174705701079,0.004401985388973531,0.022401647547637557,0.01493443169842502,0.016420553987584477,0.015067433737862746,0.4507922818949532,0.24574760946040194,0.16383173964026798,0.05867046865354369
426,0.00018293981897601528,0.007459812027419005,0.004343071257882039,0.022229866897046806,0.014819911264697852,0.01633218909147968,0.015015282724409626,0.4508430740340567,0.24597162593587832,0.16398108395725222,0.058821142990922316
427,0.00017928102259649504,0.007375400362519897,0.004284932132196697,0.022059213080573854,0.014706142053715884,0.016244218429064376,0.014963123031714407,0.4508931863947246,0.2461939246048488,0.1641292830698992,0.05897129581816641
428,0.00017569540214456525,0.0072919294165843555,0.004227558095647754,0.02188968141381633,0.014593120942544202,0.016156641423410438,0.01491095711197165,0.4509426279193268,0.24641451673565454,0.16427634449043638,0.059120927048483554
429,0.00017218149410167414,0.007209389000398508,0.004170939352976167,0.021721267187946827,0.014480844791964534,0.016069457478167622,0.014858787389392395,0.45099140743581506,0.2466334135497927,0.16442227569986181,0.05927003661960327
430,0.00016873786421964067,0.007127769029011617,0.0041150662285839,0.0215539656706855,0.01436931044712365,0.01598266597795933,0.014806616260367477,0.4510395336591186,0.24685062622167217,0.16456708414778146,0.05941862449349719
431,0.00016536310693524792,0.007047059520799144,0.0040599291651963925,0.02138777210725642,0.014258514738170929,0.01589626628877292,0.014754446093631558,0.4510870151925253,0.247066165878379,0.1647107772522527,0.05956669065610087
432,0.00016205584479654316,0.006967250596531293,0.0040055187225371625,0.02122268172132785,0.014148454480885215,0.015810257758344583,0.01470227923042788,0.4511338605290468,0.24728004359945158,0.1648533623996344,0.05971423511703718
433,0.00015881472790061239,0.006888332478447089,0.003951825576014498,0.02105868971593671,0.014039126477291122,0.01572463971653883,0.01465011798467367,0.4511800780527684,0.24749227041666486,0.16499484694444327,0.059861257909341464
434,0.00015563843334260016,0.0068102954893340326,0.0038988405154202063,0.020895791274397363,0.01393052751626489,0.015639411475722703,0.014597964643126167,0.4512256760401839,0.24770285731382422,0.1651352382092162,0.0600077590891882
435,0.00015252566467574818,0.006733130051613363,0.0038465544436403635,0.020733981561194933,0.013822654374129937,0.015554572331134721,0.014545821465549242,0.4512706626615156,0.2479118152265682,0.16527454348437884,0.06015373873561946
436,0.00014947515138223332,0.006656826686430961,0.0037949583753780296,0.020573255722863382,0.013715503815242239,0.015470121561248622,0.014493690684880559,0.45131504598201916,0.24811915504218013,0.16541277002812013,0.060299196950274955
437,0.00014648564835458873,0.006581376012753938,0.0037440434358878743,0.0204136088888485,0.013609072592565651,0.015386058428132005,0.014441574507399245,0.4513588339632735,0.24832488759940877,0.16554992506627256,0.06044413385712376
438,0.00014355593538749697,0.006506768746472939,0.0036938008597226656,0.020255036172356005,0.013503357448237321,0.015302382177799877,0.014389475112894044,0.4514020344644568,0.24852902368829724,0.16568601579219822,0.06058854960219775
439,0.00014068481667974707,0.0064329956995101654,0.003644221989491572,0.02009753267118495,0.013398355114123284,0.015219092040563207,0.014337394654831902,0.4514446552436074,0.2487315740500208,0.1658210493666806,0.06073244435332669
440,0.00013787112034615217,0.006360047778933186,0.003595298274630223,0.019941093468546632,0.013294062312364406,0.0151361872313725,0.014285335260526963,0.4514867039588707,0.24893254937673265,0.16595503291782182,0.06087581829987501
441,0.00013511369793922913,0.006287915986074516,0.003547021270182476,0.019785713633869165,0.013190475755912761,0.015053666950156488,0.014233299031309928,0.45152818816973184,0.24913196031141813,0.16608797354094545,0.06101867165248028
442,0.0001324114239804446,0.00621659141565702,0.0034993826355938316,0.01963138822358791,0.013087592149058592,0.01497153038215597,0.014181288042697767,0.45156911533823396,0.2493298174477568,0.16621987829850457,0.06116100464279338
443,0.00012976319550083576,0.006146065254925135,0.0034523741335164455,0.019478112281921967,0.012985408187947961,0.014889776698252866,0.014129304344563725,0.45160949283018315,0.24952613132999268,0.16635075421999515,0.06130281752322036
444,0.0001271679315908191,0.00607632878278195,0.0034059876286256677,0.019325880841636844,0.012883920561091214,0.01480840505529454,0.014077349961307606,0.45164932791633905,0.24972091245281192,0.16648060830187464,0.061444110566665995
445,0.00012462457295900277,0.006007373368932145,0.0033602150864480654,0.01917468892479358,0.012783125949862372,0.014727414596413448,0.014025426892026297,0.4516886277735924,0.24991417126122828,0.16660944750748555,0.06158488406627907
446,0.00012213208149982282,0.005939190473030807,0.003315048572200855,0.019024531543484408,0.01268302102898959,0.014646804451342152,0.013973537110684515,0.4517273994861283,0.2501059181504762,0.16673727876698416,0.06172513833519933
447,0.00011968943986982643,0.005871771643838141,0.0032704802496426873,0.01887540370055516,0.01258360246703676,0.014566573736723792,0.013921682566285723,0.45176565004657676,0.25029616346591105,0.16686410897727405,0.06186487370630618
448,0.00011729565107242999,0.005805108518380084,0.0032265023799357253,0.018727300390314644,0.012484866926876413,0.01448672155641801,0.013869865183043208,0.45180338635714956,0.2504849175029166,0.16698994500194442,0.062004090531969036
449,0.00011494973805098143,0.00573919282111482,0.003183107320518944,0.01858021659923105,0.012386811066154019,0.014407247001802431,0.013818086860551283,0.4518406152307642,0.25067219050681977,0.16711479367121318,0.062142789183799466
450,0.00011265074328996185,0.005674016363105217,0.0031402875239925944,0.01843414730661569,0.012289431537743778,0.014328149152069737,0.013766349473956585,0.45187734339215474,0.25085799267281206,0.16723866178187471,0.06228097005240498
451,0.00011039772842416268,0.005609571041197199,0.0030980355370137623,0.018289087485294106,0.012192724990196057,0.014249427074520378,0.013714654874129437,0.45191357747897,0.25104233414587823,0.16736155609725215,0.062418633547144546
452,0.00010818977385567945,0.005545848837204025,0.003056343999202954,0.018145032102264837,0.012096688068176546,0.01417107982485098,0.013663004887835265,0.4519493240428586,0.2512252250207312,0.1674834833471541,0.06255578009588585
453,0.00010602597837856588,0.005482841817096512,0.003015205642061646,0.018001976119345908,0.01200131741289726,0.014093106447438499,0.013611401317906018,0.4519845895505417,0.2514066753417538,0.16760445022783588,0.0626924101447642
454,0.00010390545881099458,0.00542054213019919,0.0029746132879007263,0.01785991449380927,0.011906609662539503,0.014015505975620164,0.01355984594341159,0.4520193803848732,0.2515866951029473,0.16772446340196484,0.06282852415794327
455,0.0001018273496347747,0.005358942008392376,0.00293455984877976,0.017718842179003325,0.011812561452668874,0.01393827743196929,0.013508340519831194,0.4520537028458875,0.2517652942478854,0.16784352949859024,0.06296412261737738
456,0.00009979080264207922,0.005298033765320193,0.0028950383254570068,0.0175787541249637,0.011719169416642458,0.013861419828566967,0.013456886779224698,0.45208756315183496,0.25194248266967545,0.16796165511311692,0.0630992060225757
457,0.00009779498658923764,0.005237809795604504,0.002856041806350131,0.017439645279012435,0.01162643018600828,0.013784932167269696,0.013405486430403853,0.45212096744020563,0.2521182702109251,0.16807884680728336,0.06323377489036794
458,0.00009583908685745294,0.0051782625740647735,0.0028175634665075153,0.017301510586345725,0.011534340390897142,0.013708813439973037,0.013354141159103432,0.4521539217687405,0.2522926666637152,0.16819511110914342,0.06336782975467198
459,0.00009392230512030389,0.005119384654943849,0.0027795965665901217,0.017164344990610408,0.011442896660406932,0.013633062628871293,0.013302852628152236,0.45218643211643095,0.2524656817695787,0.1683104545130524,0.06350137116626302
460,0.00009204385901789786,0.005061168671139647,0.0027421344518638226,0.0170281434344693,0.011352095622979527,0.013557678706713273,0.013251622477643941,0.452218504384507,0.2526373252194848,0.16842488347965648,0.06363439969254454
461,0.00009020298183753994,0.005003607333442744,0.002705170551202127,0.016892900860155574,0.011261933906770376,0.013482660637054215,0.01320045232510778,0.4522501443974131,0.25280760665382945,0.16853840443588627,0.06376691591732098
462,0.0000883989222007892,0.004946693429779865,0.0026686983760992344,0.016758612210016316,0.01117240814001087,0.013408007374503894,0.013149343765679028,0.4522813579037731,0.252976535662431,0.16865102377495397,0.06389892044057205
463,0.00008663094375677344,0.004890419824463251,0.0026327115196933377,0.0166252724270454,0.011083514951363591,0.013333717864970946,0.013098298372269262,0.4523121505773435,0.25314412178453116,0.1687627478563541,0.06403041387822885
464,0.00008489832488163798,0.004834779457445905,0.0025972036558001054,0.016492876455405845,0.010995250970270555,0.013259791045903488,0.013047317695736395,0.4523425280179553,0.2533103745088016,0.16887358300586772,0.06416139686195153
465,0.00008320035838400527,0.004779765343582691,0.0025621685379562673,0.016361419240941796,0.010907612827294523,0.013186225846526069,0.012996403265054452,0.4523724957524453,0.25347530327335566,0.1689835355155704,0.06429187003890889
466,0.00008153635121632521,0.00472537057189729,0.0025275999984732296,0.01623089573168026,0.010820597154453498,0.013113021188072966,0.012945556587483064,0.4524020592355755,0.25363891746576506,0.16909261164384334,0.06442183407155944
467,0.00007990562419199875,0.0046715883048549876,0.0024934919475006457,0.016101300878322747,0.01073420058554849,0.013040175984017927,0.01289477914873667,0.45243122385094253,0.25380122642308184,0.16920081761538788,0.06455128963743427
468,0.00007830751170815883,0.004618411777641274,0.0024598383720998646,0.015972629634726978,0.010648419756484643,0.012967689140300359,0.012844072413153412,0.45245999491187516,0.2539622394318651,0.16930815962124338,0.06468023742892164
469,0.00007674136147399569,0.004565834297446256,0.0024266333353271862,0.015844876958378763,0.010563251305585834,0.012895559555548018,0.01279343782386368,0.45248837766232247,0.25412196572821233,0.16941464381880822,0.06480867815305318
470,0.00007520653424451577,0.0045138492427548565,0.0023938709753268477,0.015718037810854218,0.010478691873902804,0.012823786121296255,0.012742876802958332,0.45251637727773014,0.2542804144977961,0.1695202763318641,0.0649366125312918
471,0.0000737024035596255,0.004462450062642775,0.0023615455044336607,0.01559210715827244,0.010394738105514953,0.012752367722203846,0.012692390751656527,0.45254399886590696,0.2544375948759046,0.16962506325060311,0.06506404129932139
472,0.00007222835548843302,0.004411630276078209,0.0023296512082852296,0.01546707997173878,0.010311386647825847,0.01268130323626547,0.012641981050473185,0.45257124746788113,0.25459351594748736,0.16972901063165827,0.06519096520683795
473,0.00007078378837866441,0.0043613834712292986,0.0022981824449436715,0.015342951227778857,0.010228634151852566,0.012610591535020843,0.012591649059386046,0.45259812805874594,0.25474818674720473,0.16983212449813653,0.06531738501734269
474,0.00006936811261109116,0.004311703304777298,0.002267133644026764,0.015219715908763426,0.010146477272508945,0.012540231483760586,0.01254139611800231,0.45262464554849524,0.25490161625948254,0.16993441083965505,0.06544330150793655
475,0.00006798075035886938,0.004262583501235423,0.0022364993058484445,0.01509736900332425,0.010064912668882828,0.012470221941728853,0.012491223545724852,0.4526508047828494,0.2550538134185702,0.17003587561238015,0.06556871546911658
476,0.00006662113535169201,0.004214017852273382,0.002206274000568584,0.0149759055067611,0.009983937004507394,0.012400561762322744,0.012441132641917976,0.4526766105440708,0.25520478710860345,0.17013652473906898,0.06569362770457382
477,0.00006528871264465823,0.004166000216047551,0.0021764523673519606,0.014855320421439996,0.009903546947626659,0.012331249793288581,0.012391124686072733,0.4527020675517696,0.25535454616367104,0.17023636410911405,0.065818039030993
478,0.00006398293839176509,0.004118524516536779,0.002147029113536358,0.014735608757182848,0.009823739171455226,0.012262284876915048,0.012341200937971737,0.45272718046370053,0.25550309936788546,0.1703353995785903,0.06594195027785373
479,0.00006270327962392982,0.004071584742883797,0.0021179990138097088,0.014616765531648583,0.009744510354432382,0.012193665850223256,0.01229136263785351,0.45275195387654904,0.2556504554554573,0.17043363697030486,0.06606536228723345
480,0.00006144921403145127,0.004025174948742208,0.002089356909396213,0.014498785770705909,0.009665857180470598,0.012125391545153784,0.012241611006576314,0.45277639232670835,0.2557966231107738,0.17053108207384918,0.06618827591361198
481,0.00006022022975082227,0.003979289251629034,0.00206109770725135,0.014381664508797834,0.009587776339198549,0.0120574607887507,0.012191947245781473,0.4528005002910475,0.25594161096848084,0.1706277406456539,0.06631069202367774
482,0.00005901582515580586,0.003933921832282797,0.002033216379265711,0.014265396789298057,0.009510264526198697,0.011989872403342622,0.012142372538056162,0.4528242821876697,0.25608542761356884,0.17072361840904587,0.06643261149613557
483,0.000057835508652689776,0.0038890669340271044,0.0020057079614775775,0.014149977664859342,0.009433318443239554,0.011922625206720872,0.012092888047095657,0.45284774237666114,0.2562280815814618,0.17081872105430787,0.06655403522151612
484,0.00005667879847963603,0.003844718862139718,0.0019785675532941692,0.014035402197754013,0.009356934798502668,0.011855718012314727,0.012043494917865025,0.45287088516083196,0.2563695813581104,0.17091305423874026,0.06667496410198707
485,0.00005554522251004331,0.0038008719832270817,0.0019517903167214823,0.013921665460206671,0.00928111030680444,0.011789149629363825,0.011994194276760264,0.4528937147864469,0.25650993538008793,0.17100662358672528,0.06679539905116573
486,0.000054434318059842455,0.003757520724604273,0.0019253714756026507,0.013808762534719254,0.009205841689812828,0.011722918863087768,0.011944987231768844,0.45291623544394755,0.25664915203469,0.17109943468979333,0.06691534099393333
487,0.00005334563169864563,0.0037146595736803623,0.0018993063148647494,0.013696688514388553,0.009131125676259027,0.011657024514852938,0.011895874872629683,0.45293845126866605,0.2567872396600372,0.17119149310669146,0.06703479086625101
488,0.00005227871906467274,0.0036722830773491433,0.0018735901797739638,0.0135854385032163,0.009056959002144193,0.011591465382336585,0.011846858270992503,0.4529603663415298,0.25692420654518106,0.17128280436345406,0.0671537496149773
489,0.000051233144683379314,0.0036303858413852135,0.0018482184751990578,0.01347500761641194,0.008983338410941285,0.011526240259688198,0.011797938480576597,0.452981984689758,0.2570600609302132,0.1713733739534755,0.06727221819768722
490,0.000050208481789711775,0.003588962529845373,0.0018231866648830573,0.01336539098068818,0.008910260653792112,0.01146134793768822,0.01174911653732896,0.45300331028754875,0.2571948110063773,0.1714632073375849,0.06739019758249298
491,0.00004920431215391756,0.0035480078644753157,0.0017984902707230816,0.013256583734549458,0.00883772248969963,0.011396787203904128,0.0117003934595818,0.453024347056759,0.2573284649161842,0.17155230994412282,0.06750768874786628
492,0.00004822022591083923,0.0035075166241215804,0.0017741248720582452,0.013148581028573409,0.008765720685715598,0.01133255684284391,0.011651770248209407,0.453045098867575,0.2574610307535297,0.1716406871690198,0.0676246926824621
493,0.00004725582139262249,0.0034674836441487373,0.001750086104965557,0.01304137802568544,0.008694252017123618,0.01126865563610698,0.011603247886784376,0.4530655695391756,0.25759251656381543,0.17172834437587697,0.0677412103849442
494,0.00004631070496477008,0.003427903815861779,0.0017263696615637438,0.012934969901426537,0.008623313267617684,0.011205082362532565,0.011554827341733173,0.45308576284038665,0.2577229303440723,0.17181528689604822,0.06785724286381205
495,0.00004538449086547471,0.003388772085933683,0.0017029712893249244,0.012829351844214392,0.008552901229476254,0.011141835798345594,0.011506509562491036,0.45310568249032773,0.2578522800430866,0.17190152002872439,0.06797279113722939
496,0.00004447680104816524,0.00335008345583812,0.001679886790394063,0.012724519055597943,0.008483012703731954,0.011078914717300116,0.0114582954816562,0.4531253321590507,0.2579805735615287,0.17198704904101914,0.0680878562328543
497,0.000043587265027201954,0.0033118329812872787,0.001657112020916125,0.012620466750505458,0.008413644500336964,0.0110163178908203,0.011410186015143438,0.45314471546817064,0.25810781875208466,0.17207187916805647,0.06820243918767085
498,0.000042715519726657944,0.0032740157716747704,0.0016346428903708699,0.012517190157486239,0.008344793438324151,0.010954044088139032,0.011362182062336926,0.45316383599148885,0.25823402341958973,0.17215601561305985,0.06831654104782228
499,0.000041861209332124806,0.003236626989523591,0.0016124753609152004,0.012414684518946048,0.008276456345964025,0.01089209207643413,0.01131428450624239,0.4531826972556085,0.2583591953211646,0.1722394635474431,0.06843016286844565
500,0.00004102398514548234,0.0031996618499391003,0.0015906054467330047,0.012312945091376367,0.00820863006091757,0.010830460620962254,0.011266494213638572,0.4532013027405421,0.25848334216635405,0.17232222811090275,0.06854330571350807
501,0.000040203505442572705,0.0031631156200669997,0.0015690292133924142,0.012211967145577566,0.008141311430385035,0.010769148485190479,0.01121881203522796,0.4532196558803121,0.2586064716172678,0.17240431441151194,0.06865597065564445
502,0.00003939943533372128,0.0031269836185562638,0.0015477427772104101,0.0121117459668761,0.008074497311250725,0.010708154430925626,0.011171238805786823,0.45323776006354355,0.25872859128872355,0.17248572752581579,0.06876815877599673
503,0.00003861144662704688,0.003091261215027005,0.0015267423046247037,0.012012276855335806,0.008008184570223861,0.010647477218441326,0.011123775344314508,0.45325561863404984,0.2588497087483923,0.17256647249892829,0.0688798711640546
504,0.000037839217694505985,0.0030559438295432325,0.0015060240115728246,0.011913555125963404,0.007942370083975593,0.010587115606602889,0.01107642245418201,0.4532732348914109,0.25896983151694564,0.17264655434463053,0.06899110891749774
505,0.00003708243334061589,0.0030210269320904803,0.0014855841628783437,0.0118155761089083,0.00787705073927219,0.010527068352989978,0.011029180923279808,0.4532906120915444,0.2590889670682053,0.17272597804547027,0.06910187314203955
506,0.00003634078467380359,0.0029865060420582673,0.0014654190716441634,0.011718335149656766,0.007812223433104501,0.010467334214017143,0.01098205152416495,0.4533077534472699,0.25920712282929437,0.17280474855286299,0.06921216495127236
507,0.00003561396898032753,0.0029523767277273567,0.0014455250986528043,0.011621827609220602,0.007747885072813725,0.01040791194505222,0.010935035014207404,0.45332466212886574,0.25932430618079094,0.17288287078719403,0.06932198546651401
508,0.000034901689600721,0.002918634605761792,0.0014258986517736208,0.011526048864320355,0.00768403257621356,0.010348800300532644,0.010888132135735643,0.4533413412646195,0.25944052445688315,0.17296034963792217,0.06943133581665609
509,0.000034203655808706586,0.002885275340705666,0.0014065361853768752,0.011430994307563195,0.007620662871708786,0.010289998034079694,0.010841343616181482,0.4533577939413707,0.25955578494552634,0.1730371899636843,0.06954021713801345
510,0.000033519582692532465,0.002852294644484596,0.001387434199754605,0.011336659347615526,0.00755777289841034,0.010231503898610701,0.010794670168224146,0.4533740232050481,0.259670094888602,0.1731133965924014,0.06964863057417527
511,0.00003284919103868181,0.0028196882759118735,0.0013685892405482152,0.011243039409370418,0.007495359606246935,0.01017331664644924,0.010748112489933568,0.45339003206119904,0.25978346148207815,0.17318897432138552,0.0697565772758575
512,0.00003219220721790818,0.002787452040199256,0.0013499978981827247,0.011150129934109949,0.007433419956073289,0.010115435029433347,0.010701671264912928,0.4534058234755131,0.25989589187617185,0.173263927917448,0.06986405840075684
513,0.00003154836307355004,0.0027555817884723642,0.001331656807307607,0.011057926379662537,0.007371950919775014,0.010057857799021784,0.010655347162440399,0.4534214003743383,0.26000739317551297,0.17333826211700873,0.06997107511340597
514,0.00003091739581207907,0.0027240734172906595,0.00131356264624415,0.010966424220555335,0.007310949480370214,0.010000583706398362,0.010609140837610125,0.45343676564519186,0.2601179724393096,0.17341198162620647,0.07007762858503037
515,0.00003029904789583751,0.002692922868171961,0.001295712136439279,0.010875618948161794,0.007250412632107853,0.009943611502574381,0.010563052931472415,0.4534519221372639,0.26022763668151516,0.17348509112101018,0.07018371999340647
516,0.000029693066937920778,0.0026621261271214773,0.0012781020419257666,0.010785506070844443,0.007190337380562953,0.009886939938489178,0.010517084071173136,0.4534668726619151,0.2603363928709968,0.17355759524733125,0.0702893505227212
517,0.000029099205599162384,0.0026316792241653157,0.0012607291687887748,0.010696081114092993,0.007130720742728654,0.009830567765108841,0.01047123487009234,0.4534816199931681,0.26044424793170523,0.17362949862113689,0.07039452136343294
518,0.00002851722148717915,0.0026015782328884358,0.0012435903646386554,0.010607339620657824,0.007071559747105207,0.009774493733523085,0.01042550592798207,0.45349616686819266,0.26055120874284615,0.17370080582856418,0.07049923371213386
519,0.00002794687705743557,0.002571819269977019,0.0012266825180899522,0.010519277150678935,0.007012851433785948,0.009718716595040344,0.010379897831103387,0.4535105159877847,0.2606572821390527,0.17377152142603522,0.07060348877141367
520,0.00002738793951628687,0.002542398494765219,0.0012100025582465362,0.010431889281810448,0.00695459285454029,0.009663235101281076,0.010334411152362595,0.45352467001683955,0.2607624749105595,0.17384164994037307,0.0707072877497247
521,0.000026840180725961147,0.002513312108786258,0.0011935474541928108,0.010345171609340719,0.006896781072893803,0.009608048004269343,0.010289046451446656,0.4535386315848194,0.2608667938033776,0.17391119586891848,0.07081063186124834
522,0.000026303377111441936,0.0024845563553278415,0.0011773142144909281,0.010259119746308139,0.006839413164205417,0.009553154056522633,0.010243804274957805,0.4535524032862139,0.26097024551947096,0.17398016367964741,0.0709135223257628
523,0.00002577730956921311,0.002456127518991855,0.0011612998866839478,0.010173729323612712,0.006782486215741799,0.009498552011140015,0.010198685156547363,0.45356598768099654,0.26107283671693404,0.17404855781128947,0.07101596036851238
524,0.00002526176337782887,0.0024280219252583125,0.0011455015568048832,0.010088995990123452,0.0067259973267489595,0.0094442406218886,0.010153689617048729,0.4535793872950737,0.2611745740101702,0.1741163826734469,0.07111794722007785
525,0.0000247565281102723,0.002400235940053522,0.0011299163488915668,0.010004915412781697,0.0066699436085211235,0.009390218643288355,0.010108818164609573,0.45359260462072915,0.2612754639700714,0.17418364264671438,0.07121948411624833
526,0.000024261397548066868,0.0023727659693224385,0.0011145414245072782,0.009921483276700404,0.0066143221844669284,0.009336484830695298,0.010064071294823207,0.4536056421170625,0.2613755131241992,0.17425034208279958,0.07132057229789443
527,0.000023776169597105535,0.002345608458605169,0.0010993739822670724,0.009838695285259479,0.006559130190172978,0.009283037940383064,0.010019449490859146,0.45361850221042216,0.2614747279569662,0.17431648530464425,0.07142121301084266
528,0.000023300646205163432,0.0023187598926176006,0.0010844112573697485,0.009756547160197228,0.006504364773464811,0.00922987672962292,0.009974953223592853,0.45363118729483287,0.26157311490981877,0.17438207660654598,0.07152140750575126
529,0.000022834633281060176,0.002292216794836116,0.0010696505211353986,0.009675034641697992,0.006450023094465321,0.00917699995676219,0.009930582951734662,0.4536436997324179,0.2616706803814207,0.17444712025428064,0.07162115703798719
530,0.000022377940615438995,0.0022659757270863663,0.0010550890805484782,0.009594153488476032,0.006396102325650681,0.00912440638130116,0.00988633912195789,0.45365604185381564,0.2617674307278377,0.17451162048522528,0.07172046286750454
531,0.000021930381803130224,0.0022400332891360695,0.001040724277806339,0.009513899477855716,0.0063425996519038035,0.009072094763968466,0.009842222169026117,0.45366821595859125,0.26186337226272244,0.1745755815084818,0.07181932625872411
532,0.00002149177416706762,0.0022143861182918004,0.0010265534898731665,0.0094342684058481,0.006289512270565394,0.009020063866794978,0.009798232515919667,0.45368022431564287,0.26195851125750097,0.17463900750500083,0.07191774848041438
533,0.00002106193868372628,0.0021890308889997425,0.0010125741280392626,0.009355256087223948,0.006236837391482625,0.008968312453186224,0.00975437057396124,0.4536920691636029,0.26205285394155947,0.1747019026277065,0.07201573080557358
534,0.000020640699910051756,0.002163964312450367,0.0009987836374856184,0.009276858355583246,0.00618457223705549,0.00891683928799335,0.009710636742940745,0.4537037527112341,0.2621464065024317,0.1747642710016213,0.07211327451131319
535,0.000020227885911850733,0.00213918313618701,0.0009851794968537173,0.0091990710634213,0.00613271404228086,0.008865643137582665,0.009667031411239297,0.45371527713782045,0.26223917508598754,0.17482611672399187,0.0722103808787426
536,0.000019823328193613728,0.0021146841437183162,0.0009717592178205154,0.009121890082191459,0.006081260054794299,0.008814722769903754,0.0096235549559524,0.4537266445935534,0.26233116579662175,0.17488744386441468,0.07230705119285499
537,0.000019426861629741453,0.0020904641541345153,0.0009585203446785393,0.009045311302364517,0.006030207534909671,0.008764076954556225,0.009580207743012298,0.45373785719991283,0.26242238469744367,0.17494825646496262,0.07240328674241452
538,0.000019038324397146623,0.002066520021727499,0.000945460453921049,0.00896933063348488,0.00597955375565658,0.00871370446285507,0.009536990127309512,0.45374891705004367,0.2625128378104673,0.17500855854031172,0.07249908881984464
539,0.0000186575579092037,0.0020428486356146736,0.0009325771538322089,0.008893944004223529,0.00592929600281568,0.00866360406789468,0.009493902452813547,0.4537598262091273,0.26260253111680215,0.17506835407786828,0.07259445872111774
540,0.00001828440675101964,0.002019446919366546,0.000919868084082213,0.008819147362427856,0.005879431574951899,0.00861377454461154,0.00945094505269278,0.45377058671474846,0.2626914705568444,0.17512764703789643,0.07268939774564587
541,0.00001791871861599925,0.001996311830638025,0.0009073309153273095,0.008744936675168423,0.00582995778344561,0.008564214669845598,0.00940811824943352,0.4537812005772571,0.26277966203046865,0.17518644135364594,0.0727839071961728
542,0.00001756034424367927,0.001973440360803396,0.0008949633488146724,0.008671307928782694,0.0057808719525217905,0.008514923222400357,0.009365422354958259,0.45379166978012625,0.26286711139722035,0.1752447409314804,0.07287798837866713
543,0.000017209137358805686,0.0019508295345949428,0.0008827631159920646,0.008598257128915814,0.0057321714192772035,0.008465898983101681,0.009322857670743078,0.4538019962803049,0.26295382447650817,0.1753025496510056,0.07297164260221671
544,0.000016864954611629582,0.001928476409745186,0.0008707279781222426,0.008525780300558467,0.005683853533705639,0.008417140734855359,0.009280424487934258,0.4538121820085664,0.26303980704779734,0.17535987136519837,0.07306487117892414
545,0.000016527655519397,0.0019063780766327076,0.0008588557259020475,0.008453873488081888,0.005635915658721252,0.008368647262703432,0.009238123087464047,0.4538222288698524,0.26312506485080295,0.17541670990053543,0.07315767542380348
546,0.000016197102409009062,0.0018845316579315275,0.0008471441790861328,0.008382532755270065,0.0055883551701800364,0.008320417353879292,0.009195953740165628,0.4538321387436128,0.2632096035856838,0.17547306905712265,0.07325005665467813
547,0.000015873160360828886,0.0018629343082640078,0.0008355911861152763,0.008311754185349199,0.005541169456899459,0.0082724497978616,0.009153916706887248,0.45384191348414066,0.2632934289132365,0.17552895260882445,0.07334201619207978
548,0.000015555697153612314,0.0018415832138572485,0.0008241946237492249,0.008241533881014458,0.005494355920676298,0.008224743386427003,0.009112012238605546,0.4538515549209035,0.26337654645508995,0.17558436430339344,0.07343355535914865
549,0.000015244583210540075,0.0018204755922029494,0.0008129523967040233,0.008171867964454094,0.0054479119763027216,0.008177296913701709,0.009070240576538052,0.45386106485886984,0.2634589617939001,0.1756393078626002,0.07352467548153471
550,0.000014939691546329287,0.0017996086917207036,0.0008018624372937748,0.008102752577370958,0.005401835051580631,0.008130109176211892,0.009028601952254882,0.4538704450788318,0.2635406804735446,0.17569378698236324,0.07361537788730009
551,0.00001464089771540271,0.001778979791424697,0.0007909227050767859,0.008034183881001468,0.005356122587334305,0.008083178972932991,0.008987096587789603,0.45387969733772365,0.26362170799931833,0.17574780533287904,0.07370566390682264
552,0.000014348079761094662,0.0017585862005937828,0.0007801311865060446,0.007966158056132086,0.005310772037421384,0.008036505105337878,0.008945724695749306,0.45388882336893616,0.26370204983812834,0.1758013665587524,0.07379553487270053
553,0.000014061118165872774,0.0017384252584448992,0.0007694858945839841,0.007898671303113338,0.005265780868742218,0.007990086377443943,0.00890448647942384,0.4538978248826266,0.26378171141868967,0.1758544742791266,0.07388499211965803
554,0.000013779895802555328,0.0017184943338098052,0.000758984868521484,0.007831719841871438,0.005221146561247619,0.007943921595859089,0.008863382132894266,0.4539067035660257,0.2638606981317208,0.17590713208781403,0.07397403698445226
555,0.000013504297886504227,0.0016987908248151,0.0007486261734010605,0.00776529991191756,0.005176866607945034,0.007898009569826675,0.008822411841140479,0.4539154610837394,0.2639390153301395,0.17595934355342652,0.0740626708057812
556,0.000013234211928774149,0.0016793121585655026,0.0007384078998441993,0.0076994077723547966,0.005132938514903192,0.007852349111269408,0.008781575780148035,0.4539240990780479,0.2640166683292587,0.17601111221950597,0.0741508949241926
557,0.000012969527690198674,0.0016600557908303584,0.0007283281636827824,0.007634039701882856,0.005089359801255232,0.007806939034832202,0.00874087411701417,0.4539326191691999,0.26409366240698223,0.176062441604655,0.07423871068199409
558,0.000012710137136394703,0.0016410192057333456,0.0007183851056345642,0.007569191998800545,0.005046127999200359,0.0077617781579240154,0.008700307010053022,0.45394102295570393,0.26417000280400105,0.17611333520266756,0.07432611942316422
559,0.000012455934393666816,0.0016221999154453545,0.0007085768909826507,0.007504860981006078,0.005003240654004048,0.007716865300758705,0.008659874608900036,0.4539493120146151,0.26424569472398907,0.17616379648265956,0.07441312249326475
560,0.000012206815705793486,0.0016035954598805078,0.0006989017092589336,0.007441042985995254,0.004960695323996832,0.007672199286394882,0.008619577054615588,0.4539574879018187,0.2643207433337991,0.1762138288891996,0.07449972123935375
561,0.00001196267939167762,0.0015852034063952955,0.0006893577739314396,0.007377734370857552,0.004918489580571697,0.007627778940774803,0.008579414479787802,0.4539655521523101,0.2643951537636591,0.17626343584243956,0.0745859170098999
562,0.000011723425803844073,0.0015670213494907983,0.0006799433220955429,0.007314931512270174,0.004876621008180112,0.0075836030927623034,0.008539387008634573,0.4539735062804708,0.26446893110736763,0.17631262073824527,0.07467171115469778
563,0.000011488957287767193,0.0015490469105179673,0.0006706566141690031,0.007252630806490102,0.00483508720432673,0.0075396705741797975,0.0084994947571048,0.45398135178034116,0.26454208042249033,0.17636138694832706,0.07475710502478412
564,0.000011259178142011855,0.0015312777373859352,0.0006614959335907814,0.007190828669344171,0.004793885779562777,0.007495980219844339,0.008459737832978832,0.4539890901258893,0.26461460673055526,0.17640973782037034,0.07484209997235518
565,0.000011033994579171625,0.0015137115042733326,0.0006524595865235912,0.0071295215362172475,0.004753014357478161,0.00745253086760279,0.00842011633596811,0.4539967227712769,0.2646865150172487,0.17645767667816598,0.07492669735068497
566,0.000010813314687588199,0.0014963459113425765,0.0006435459015601422,0.0070687058620385055,0.004712470574692333,0.007409321358366073,0.008380630357814046,0.45400425115112136,0.2647578102326109,0.17650520682174076,0.07501089851404465
567,0.000010597048393836439,0.0014791786844571123,0.0006347532294330343,0.007008378121265877,0.004672252080843913,0.007366350536142554,0.008341279982386101,0.45401167668075476,0.2648284972912313,0.17655233152748767,0.07509470481762279
568,0.000010385107425959722,0.0014622075749015722,0.0006260799427282579,0.0069485348078686905,0.004632356538579122,0.007323617248070544,0.008302065285779096,0.454019000756479,0.26489858107244396,0.17659905404829612,0.07517811761744665
569,0.000010177405277440531,0.001445430359104832,0.0006175244356022617,0.006889172435308553,0.00459278162353903,0.007281120344449956,0.008262986336409728,0.45402622475581816,0.2649680664205227,0.1766453776136819,0.07526113827030444
570,9.973857171891723e-6,0.0014288448383659347,0.0006090851235025437,0.006830287536518501,0.004553525024345662,0.007238858678773107,0.008224043195112331,0.45403335003776746,0.26503695814487577,0.1766913054299173,0.07534376813366854
571,9.774380028453894e-6,0.0014124488385828555,0.0006007604428917263,0.006771876663880464,0.004514584442586971,0.007196831107754706,0.008185235915233846,0.45404037794303864,0.26510526102024096,0.17673684068016074,0.07542600856561966
572,9.578892427884823e-6,0.001396240209984081,0.0005925488509750744,0.0067139363892010796,0.004475957592800714,0.007155036491361005,0.008146564542728036,0.4540473097943028,0.26517297978687976,0.1767819865245866,0.075507860924772
573,9.387314579327131e-6,0.00138021682686298,0.000584448825431416,0.006656463303685882,0.004437642202457248,0.007113473692838166,0.008108029116248921,0.4540541468964295,0.2652401191507718,0.1768267461005146,0.07558932657019929
574,9.199568287740594e-6,0.0013643765873149326,0.0005764588641474269,0.0065994540179119205,0.0043996360119412745,0.007072141578739825,0.00806962966724346,0.454060890536723,0.2653066837838086,0.17687112252253917,0.07567040686136178
575,9.015576921985788e-6,0.0013487174129772014,0.0005685774849552379,0.006542905161798828,0.004361936774532546,0.0070310390189538795,0.008031366220043464,0.4540675419851555,0.26537267832398775,0.1769151188826586,0.07575110315803421
576,8.835265383546076e-6,0.0013332372487715105,0.0005608032253733283,0.006486813384578374,0.004324542256385577,0.006990164886728514,0.007993238791956753,0.45407410249459734,0.26543810737560575,0.17695873825040392,0.07583141682023464
577,8.65856007587516e-6,0.001317934062649312,0.000553134642350665,0.0064311753547625465,0.004287450236508359,0.006949518058697465,0.007955247393357557,0.45408057330104395,0.2655029755094515,0.17700198367296777,0.0759113492081542
578,8.485388874357658e-6,0.0013028058453397125,0.00054557031201405,0.006375987760110185,0.004250658506740119,0.00690909741490455,0.007917392027776166,0.45408695562384027,0.26556728726299916,0.17704485817533286,0.07599090168208777
579,8.31568109687051e-6,0.001287850610100035,0.0005381088294186386,0.006321247307592205,0.004214164871728132,0.0068689018388274625,0.00787967269198783,0.45409325066590195,0.26563104714060026,0.17708736476040027,0.07607007560236553
580,8.149367474933103e-6,0.0012730663924689922,0.0005307488083015912,0.006266950723355437,0.00417796714890362,0.006828930217400848,0.007842089376100918,0.4540994596139338,0.2656942596136762,0.17712950640911754,0.07614887232928541
581,7.986380125434443e-6,0.0012584512500224438,0.0005234888808388202,0.006213094752685129,0.004142063168456748,0.006789181441038677,0.007804642063644313,0.454105583638645,0.26575692912090976,0.17717128608060656,0.07622729322304642
582,7.826652522925757e-6,0.0012440032621317168,0.0005163276974047979,0.006159676159966126,0.0041064507733107455,0.00674965440365592,0.007767330731654102,0.45411162389496246,0.2658190600684366,0.17721270671229114,0.07630533964368286
583,7.670119472467243e-6,0.0012297205297244615,0.0005092639263353872,0.006106691728642761,0.004071127819095169,0.006710348002689534,0.007730155350759497,0.4541175815222402,0.26588065683003625,0.17725377122002425,0.0763830129509994
584,7.516717083017899e-6,0.0012156011750480199,0.0005022962536936598,0.006054138261177502,0.004036092174118331,0.006671261139118786,0.007693115885268039,0.45412345764446715,0.26594172374732267,0.1772944824982152,0.076460314504507
585,7.366382741357543e-6,0.0012016433414352835,0.0004954233830386672,0.0060020125790083674,0.004001341719338907,0.006632392717484904,0.007656212293250071,0.45412925337047133,0.26600226512993447,0.17733484341995637,0.07653724566335968
586,7.219055086530395e-6,0.0011878451930730147,0.0004886440351971285,0.005950311522505143,0.003966874348336758,0.006593741645910083,0.0076194445266224795,0.45413496979412177,0.26606228525572456,0.17737485683714976,0.07661380778629218
587,7.074673984799788e-6,0.0011742049147726093,0.00048195694803800034,0.005899031950924443,0.003932687967282958,0.006555306836115846,0.007582812531231715,0.45414060799452793,0.26612178837094963,0.17741452558063314,0.0766900022315584
588,6.933180505103795e-6,0.0011607207117432768,0.0004753608762498958,0.005848170742363624,0.003898780494909079,0.006517087203440777,0.007546316246936093,0.454146169036236,0.26618077869045886,0.17745385246030598,0.07676583035687072
589,6.794516895001721e-6,0.001147390809367614,0.00046885459112131655,0.0057977247937135955,0.0038651498624757267,0.006479081666857631,0.0075099556076873766,0.45415165396942353,0.2662392603978825,0.17749284026525508,0.07684129351934008
590,6.658626557101691e-6,0.0011342134529795506,0.00046243688032366617,0.005747691020610543,0.0038317940137403586,0.006441289148989842,0.007473730541611648,0.45415706383009025,0.26629723764581964,0.17753149176387983,0.07691639307541695
591,6.525454025959659e-6,0.0011211869076446412,0.0004561065476970103,0.005698066357386604,0.003798710904924399,0.006403708576127419,0.007437640971089471,0.45416239964024785,0.2663547145560257,0.17756980970401723,0.07699113038083306
592,6.3949449454404676e-6,0.0011083094579426838,0.0004498624130385517,0.005648847757019508,0.003765898504679669,0.006366338878242264,0.007401686812835341,0.4541676624081059,0.26641169521959956,0.17760779681306646,0.07706550679054396
593,6.26704604653166e-6,0.0010955794077526393,0.00044370331189378634,0.005600032191081224,0.003733354794054146,0.006329178989002899,0.007365867977976441,0.45417285312825634,0.26646818369716974,0.17764545579811325,0.07713952365867231
594,6.141705125601032e-6,0.0010829950800398326,0.0004376280953503101,0.005551616649685623,0.0037010777664570785,0.006292227845788636,0.007330184372130694,0.45417797278185507,0.26652418401908057,0.1776827893460538,0.07721318233845208
595,6.018871023089014e-6,0.00107055481664541,0.0004316356298342424,0.005503598141435196,0.003669065427623461,0.006255484389703175,0.007294635895484119,0.45418302233680136,0.2665797001855774,0.17771980012371838,0.07728648418217339
596,5.898493602627237e-6,0.0010582569780780329,0.00042572479690923694,0.005455973693366851,0.0036373157955778973,0.00621894756558765,0.007259222442867497,0.4541880027479148,0.2666347361669918,0.1777564907779946,0.07735943054112823
597,5.780523730574695e-6,0.0010460999433077858,0.0004198944930780468,0.0054087403508968,0.003605826900597863,0.006182616322033146,0.007223943903832348,0.4541929149571099,0.2666892959039255,0.17779286393595037,0.07743202276555691
598,5.664913255963206e-6,0.0010340821095622748,0.00041414362958661435,0.0053618951777645784,0.003574596785176382,0.006146489611392665,0.0071888001627262235,0.4541977598935685,0.26674338330743447,0.17782892220495636,0.07750426220459523
599,5.5516149908439445e-6,0.001022201892124897,0.00040847113223065496,0.00531543525597621,0.003543623503984136,0.006110566389792587,0.007153791098767317,0.4542025384739098,0.2667970022592121,0.17786466817280813,0.0775761502062225
600,5.4405826910270695e-6,0.0010104577241352608,0.0004028759411647041,0.0052693576857465434,0.003512905123831025,0.006074845617143594,0.007118916586118399,0.4542072516023586,0.26685015661177186,0.17790010440784798,0.07764768811721016
601,5.331771037206529e-6,0.0009988480563917304,0.00039735701071359845,0.005223659585440784,0.0034824397236271855,0.006039326257151112,0.007084176493960076,0.4542119001709105,0.2669028501886293,0.1779352334590863,0.07771887728307135
602,5.225135616462401e-6,0.00098737135715608,0.00039191330918636154,0.005178338091515242,0.0034522253943434908,0.006004007277325237,0.007049570686563382,0.4542164850594957,0.2669550867844837,0.17797005785632256,0.07778971904801095
603,5.120632904133155e-6,0.0009760261119602329,0.00038654381869246423,0.0051333903584573235,0.0034222602389715456,0.0059688876489901775,0.0070150990233617,0.45422100713614016,0.26700687016539887,0.178004580110266,0.07786021475487659
604,5.018220246050494e-6,0.0009648108234150651,0.00038124753496043183,0.005088813558724783,0.003392542372483185,0.005933966347293219,0.006980761359022024,0.45422546725712504,0.26705820406898345,0.1780388027126557,0.07793036574511021
605,4.917855841129484e-6,0.0009537240110212539,0.00037602346715876877,0.005044604882684255,0.0033630699217894995,0.005899242351213215,0.006946557543515563,0.45422986626714373,0.2671090922045707,0.17807272813638053,0.07800017335870044
606,4.819498724306895e-6,0.0009427642109821518,0.00037087063771917297,0.005000761538549098,0.003333841025699395,0.005864714643568608,0.006912487422187687,0.4542342049994571,0.26715953825339755,0.17810635883559842,0.0780696389341356
607,4.723108749820758e-6,0.0009319299760186627,0.0003657880821620118,0.00495728075231656,0.0033048538348777034,0.00583038221102501,0.0068785508358272214,0.4542384842760462,0.26720954586878304,0.1781396972458554,0.07813876380835748
608,4.628646574824345e-6,0.000921219875186103,0.0003607748489240324,0.004914159767704293,0.0032761065118028588,0.005796244044102311,0.0068447476207351,0.4542427049077634,0.2672591186763062,0.1781727457842042,0.07820754931671575
609,4.53607364332786e-6,0.0009106324936930276,0.0003558299991882781,0.00487139584608623,0.003247597230724151,0.005762299137181368,0.0068110776087923625,0.45424686769448175,0.26730826027398324,0.17820550684932224,0.0782759967929231
610,4.445352170461304e-6,0.0009001664327219985,0.00035095260671618583,0.0048289862664278585,0.0032193241776185696,0.005728546488510252,0.006777540627527527,0.4542509734252416,0.2673569742324441,0.17823798282162948,0.07834410756901103
611,4.356445127052079e-6,0.0008898203092522805,0.0003461417576818353,0.004786928325220886,0.0031912855501472544,0.005694985100210074,0.006744136500183313,0.4542550228783961,0.26740526409510834,0.17827017606340567,0.0784118829752863
612,4.269316224511038e-6,0.0008795927558844407,0.000341396550508326,0.004745219336417346,0.003163479557611562,0.0056616139782803875,0.00671086504578274,0.454259016821754,0.2674531333783606,0.17830208891890714,0.07847932434028813
613,4.183929900020819e-6,0.0008694824206668361,0.0003367160957062543,0.0047038566313631425,0.003135904420908759,0.0056284321326041855,0.0066777260791945955,0.45426295601272143,0.26750058557172474,0.17833372371448325,0.07854643299074596
614,4.1002513020204034e-6,0.0008594879669239671,0.00033209951571426587,0.0046628375587310505,0.0031085583724873643,0.005595438576952498,0.0066447194111982745,0.4542668411984411,0.26754762413803834,0.17836508275869234,0.0786132102515379
615,4.018246275979997e-6,0.000849608073086681,0.0003275459447416568,0.0046221594844532135,0.00308143965630214,0.005562632328988585,0.006611844848548007,0.45427067311593,0.2675942525136257,0.1783961683424172,0.07867965744564989
616,3.937881350460399e-6,0.0008398414325242037,0.0003230545286129998,0.004581819791653128,0.0030545465277687493,0.00553001241027175,0.006579102194036458,0.4542744524922155,0.2676404741084702,0.17842698273898022,0.07874577589413537
617,3.859123723451194e-6,0.0008301867533779845,0.0003186244246147689,0.004541815880577149,0.0030278772537180964,0.005497577846260765,0.006546491246557724,0.4542781800444687,0.26768629230638674,0.17845752820425792,0.07881156691607573
618,3.7819412489821735e-6,0.0008206427583973328,0.0003142548013439391,0.004502145168525533,0.0030014301123503524,0.005465327666316927,0.006514011801169711,0.4542818564801373,0.2677317104651925,0.1784878069767951,0.0788770318285413
619,3.706302424002531e-6,0.0008112081847768298,0.0003099448385585364,0.0044628050897830285,0.0029752033931886826,0.005433260903706742,0.006481663649155916,0.4542854824970759,0.2677767319168778,0.1785178212779186,0.07894217194655301
620,3.6321763755224818e-6,0.0008018817839954972,0.00030569372703011363,0.004423793095549038,0.002949195397032689,0.005401376595604252,0.006449446578086597,0.45428905878367465,0.2678213599677756,0.17854757331185048,0.07900698858304457
621,3.5595328480120343e-6,0.0007926623216577042,0.00030150066839812896,0.004385106653867363,0.0029234044359115717,0.005369673783093003,0.006417360371879357,0.45429258601898653,0.2678655978987311,0.17857706526582082,0.07907148304882544
622,3.4883421910517965e-6,0.0007835485773357967,0.00029736487502620313,0.00434674324955555,0.00289782883303703,0.005338151511167672,0.006385404810859121,0.4542960648728527,0.26790944896526975,0.17860629931017993,0.07913565665254424
623,3.418575347230762e-6,0.0007745393444144283,0.0002932855698602322,0.004308700384133858,0.002872466922755902,0.005306808828735341,0.006353579671817536,0.45429949600602604,0.2679529163977653,0.1786352775985103,0.07919951070065283
624,3.350203840286148e-6,0.0007656334299365792,0.00028926198628833304,0.00427097557575385,0.0028473170505025633,0.005275644788616453,0.006321884728071773,0.4543028800702937,0.2679960034016066,0.17866400226773788,0.07926304649737101
625,3.2831997634804268e-6,0.0007568296544512436,0.00028529336800259844,0.004233566359126641,0.002822377572751091,0.005244658447545419,0.006290319749522754,0.45430621770859697,0.26803871315736416,0.1786924754382429,0.07932626534465173
626,3.2175357682108196e-6,0.000748126851862768,0.0002813789688626396,0.004196470285450806,0.002797646856967201,0.0052138488661709215,0.006258884502712799,0.45430950955515087,0.2680810488209554,0.1787206992139704,0.07938916854214696
627,3.1531850528466045e-6,0.0007395238692818248,0.000277518052760894,0.004159684922339963,0.0027731232815599726,0.005183215109055886,0.006227578750882696,0.4543127562355608,0.2681230135238099,0.17874867568254008,0.0794517573871741
628,3.090121351789673e-6,0.0007310195668780045,0.0002737098934896763,0.0041232078537500536,0.002748805235833366,0.005152756244677153,0.006196402254028205,0.4543159583669388,0.2681646103730333,0.17877640691535568,0.07951403317468292
629,3.0283189247538813e-6,0.0007226128177340088,0.00026995377460995064,0.004087036679906324,0.002724691119937546,0.005122471345424835,0.006165354768955985,0.45431911655801743,0.2682058424515708,0.178803894967714,0.0795759971972232
630,2.9677525462588044e-6,0.0007143025077014289,0.0002662489893218032,0.0040511690172300345,0.0027007793448200197,0.005092359487601387,0.006134436049338975,0.45432223140926287,0.26824671281836987,0.17883114187891339,0.07963765074491276
631,2.9083974953336284e-6,0.0007060875352580916,0.0002625948403365934,0.004015602498264898,0.002677068332176595,0.005062419751420366,0.006103645845771193,0.45432530351298583,0.26828722450854214,0.17885814967236158,0.07969899510540615
632,2.8502295454269564e-6,0.0006979668113669594,0.00025899063975076307,0.003980334771603267,0.002653556514402174,0.005032651221004929,0.006072983905822003,0.45432833345345125,0.2683273805335248,0.17888492035568335,0.07976003156386387
633,2.793224954518419e-6,0.0006899392593365648,0.00025543570892128304,0.003945363501812083,0.0026302423345413847,0.005003052984386016,0.006042449974089812,0.45433132180698677,0.2683671838812408,0.17891145592082736,0.07982076140292209
634,2.7373604554280524e-6,0.0006820038146829672,0.00025192937834271595,0.003910686369358599,0.0026071242462390627,0.0049736241335002875,0.00601204379225523,0.4543342691420897,0.26840663751625893,0.17893775834417278,0.079881185902663
635,2.682613246319492e-6,0.0006741594249932131,0.00024847098752587605,0.0038763010705358952,0.0025842007136905936,0.004944363764187769,0.0059817650991336796,0.4543371760195321,0.2684457443799525,0.17896382958663518,0.07994130634058555
636,2.6289609813931037e-6,0.0006664050497902858,0.000245059884878065,0.0038422053173881817,0.002561470211592118,0.004915270976189241,0.005951613630727469,0.45434004299246517,0.2684845073906579,0.17898967159377208,0.08000112399157688
637,2.576381761765243e-6,0.0006587396603995293,0.00024169542758486505,0.003808396837635925,0.0025389312250906136,0.004886344873143362,0.0059215891202773294,0.45434287060652145,0.26852292944383177,0.179015286295888,0.08006064012788416
638,2.5248541265299385e-6,0.0006511622398165299,0.00023837698149346866,0.0037748733746007933,0.0025165822497338593,0.004857584562583544,0.005891691298313417,0.4543456593999166,0.2685610134122081,0.1790406756081389,0.08011985601908694
639,2.4743570439993414e-6,0.0006436717825764405,0.00023510392099752685,0.0037416326871304384,0.0024944217914202893,0.004828989155934566,0.005861919892705784,0.45434840990354924,0.26859876214595413,0.17906584143063625,0.08017877293207008
640,2.424869903119356e-6,0.0006362672946247347,0.00023187562892349562,0.0037086725495231246,0.002472448366348747,0.004800557768508953,0.005832274628714333,0.4543511226410992,0.26863617847282545,0.17909078564855047,0.08023739213099713
641,2.37637250505697e-6,0.0006289477931893727,0.00022869149641846308,0.0036759907514522182,0.0024506605009681427,0.004772289519503107,0.005802755229038244,0.45435379812912524,0.2686732651983207,0.17911551013221394,0.08029571487728428
642,2.3288450549558316e-6,0.0006217123066543665,0.00022555092283943742,0.0036435850978905455,0.002429056731927028,0.004744183531993208,0.00577336141386488,0.4543564368771608,0.2687100251058352,0.17914001673722363,0.08035374242957466
643,2.282268153856716e-6,0.0006145598744347283,0.00022245331564407826,0.003611453409034632,0.0024076356060230854,0.004716238932930879,0.005744092900918191,0.4543590393878089,0.2687464609568141,0.17916430730454289,0.0804114760437133
644,2.2366227907795822e-6,0.0006074895468527892,0.0002193980902828527,0.003579593520228834,0.002386395680152553,0.004688454853138626,0.005714949405506594,0.4543616061568355,0.26878257549090445,0.1791883836606031,0.08046891697272249
645,2.1918903349639917e-6,0.0006005003850158725,0.0002163846700925979,0.0035480032818893726,0.002365335521259579,0.004660830427305062,0.005685930640570359,0.45436413767326184,0.26881837142610676,0.17921224761740462,0.08052606646677755
646,2.148052528264713e-6,0.0005935914606953079,0.00021341248619147343,0.003516680559428281,0.002344453706285518,0.004633364793979907,0.005657036316728486,0.45436663441945524,0.26885385145892565,0.1792359009726172,0.08058292577318325
647,2.105091477699419e-6,0.0005867618562067729,0.00021048097737528444,0.0034856232331772733,0.00232374882211818,0.004606057095568777,0.00562826614232508,0.454369096871219,0.26888901826451994,0.17925934550968006,0.08063949613635053
648,2.062989648145431e-6,0.0005800106642919466,0.00020758959001515963,0.0034548291983115473,0.0023032194655410294,0.004578906478327769,0.005599619823475242,0.45437152549788107,0.26892387449685173,0.17928258299790126,0.08069577879777379
649,2.021729855182523e-6,0.0005733369880014632,0.0002047377779565659,0.00342429636477353,0.0022828642431823513,0.004551912092357837,0.005571097064110456,0.45437392076238126,0.26895842278883486,0.17930561519255667,0.08075177499600854
650,1.9812952580788735e-6,0.0005667399405791508,0.0002019250024196434,0.003394022657196574,0.0022626817714643806,0.004525073091598974,0.005542697566023499,0.45437628312135764,0.2689926657524826,0.1793284438349885,0.08080748596664965
651,1.941669352917296e-6,0.0005602186453475418,0.00019915073190084417,0.003364006014828618,0.0022426706765524096,0.004498388633824195,0.005514421028912858,0.45437861302523164,0.2690266059790546,0.17935107065270314,0.08086291294230988
652,1.9028359658589502e-6,0.0005537722355946421,0.0001964144420758573,0.003334244391455815,0.0022228295943038743,0.004471857880633329,0.005486267150426674,0.454380910918292,0.26906024603920287,0.17937349735946867,0.080918057152599
653,1.864779246541773e-6,0.000547399854461946,0.00019371561570380517,0.003304735755326143,0.0022031571702174264,0.0044454799974466275,0.005458235626206207,0.45438317723877747,0.26909358848311743,0.1793957256554117,0.08097291982410328
654,1.8274836616109375e-6,0.0005411006548336824,0.00019105374253269378,0.0032754780890730025,0.0021836520593819997,0.004419254153498187,0.005430326149928825,0.45438541241895863,0.2691266358406707,0.17941775722711387,0.08102750218036534
655,1.7909339883787196e-6,0.0005348737992272804,0.00018842831920610204,0.0032464693896388135,0.0021643129264258738,0.004393179521829197,0.005402538413350526,0.4543876168852186,0.2691593906215614,0.17943959374770768,0.08108180544186462
656,1.755115308611147e-6,0.0005287184596850418,0.00018583884917109357,0.0032177076681986143,0.002145138445465741,0.004367255279281005,0.005374872106347996,0.4543897910581326,0.2691918553154578,0.17946123687697194,0.08113583082599812
657,1.7200130024389253e-6,0.000522633817667006,0.00018328484258733598,0.0031891909500836786,0.002126127300055784,0.004341480606488021,0.005347326916960202,0.45439193535254613,0.26922403239213977,0.1794826882614266,0.0811895795470616
658,1.6856127423901473e-6,0.0005166190639449963,0.00018076581623741202,0.003160917274705152,0.002107278183136766,0.004315854687870448,0.005319902531429528,0.45439405017765283,0.2692559243016406,0.17950394953442717,0.0812430528162312
659,1.651900487542345e-6,0.0005106733984978345,0.0001782812934383075,0.0031328846954777195,0.0020885897969851446,0.004290376711626851,0.005292598634242455,0.4543961359370709,0.2692875334743876,0.17952502231625853,0.0812962518415455
660,1.618862477791499e-6,0.0005047960304077112,0.00017583080395406077,0.0031050912797433118,0.002070060853162206,0.004265045869726563,0.0052654149081697915,0.4543981930289183,0.2693188623213424,0.1795459082142284,0.08134917782788792
661,1.5864852282356697e-6,0.0004989861777577001,0.00017341388390955948,0.003077535108694855,0.002051690072463235,0.0042398613579019435,0.005238351034306453,0.4544002218458871,0.2693499132341398,0.17956660882276002,0.08140183197696962
662,1.554755523670957e-6,0.0004932430675304029,0.00017103007570546942,0.003050214277300075,0.0020334761848667155,0.004214822375640477,0.0052114066921108,0.4544022227753167,0.2693806885852268,0.17958712572348465,0.08145421548731269
663,1.5236604131975395e-6,0.00048756593550771483,0.0001686789279342813,0.003023126894225362,0.0020154179294835733,0.0041899281261767235,0.005184581559443535,0.45440419619926714,0.2694111907279998,0.17960746048533333,0.0815063295542338
664,1.4931872049335888e-6,0.0004819540261716969,0.0001663599952974611,0.0029962710817597,0.0019975140545064655,0.004165177816484127,0.00515787531260616,0.45440614249458944,0.26944142199694204,0.17962761466462815,0.08155817536982823
665,1.4633234608349183e-6,0.0004764065926065439,0.00016407283852368993,0.0029696449757386765,0.0019797633171591165,0.004140570657266677,0.005131287626379003,0.4544080620329967,0.26947138470775966,0.1796475898051732,0.08160975412295429
666,1.4340569916182207e-6,0.0004709228964016368,0.00016181702428817946,0.002943246725468566,0.0019621644836457096,0.0041161058629504395,0.005104818174058813,0.4544099551811336,0.26950108115751703,0.1796673874383448,0.08166106699921809
667,1.4053758517858565e-6,0.0004655022075556676,0.0001595921251330489,0.002917074493650507,0.001944716329100337,0.00409178265167494,0.005078466627495928,0.4544118223006446,0.2695305136247717,0.17968700908318125,0.08171211518095868
668,1.3772683347501396e-6,0.00046014380438182475,0.00015739771938875065,0.002891126456304772,0.0019274176375365137,0.004067600245284428,0.005052232657131018,0.45441366374824227,0.26955968436970823,0.17970645624647225,0.08176289984723364
669,1.3497229680551368e-6,0.0004548469734140287,0.00015523339109653025,0.002865400802695137,0.001910267201796757,0.004043557869319003,0.005026115932031415,0.45441547987577374,0.2695885956342713,0.17972573042284762,0.08181342217380495
670,1.3227285086940348e-6,0.0004496110093142058,0.00015309872993190813,0.0028398957352533598,0.001893263823502239,0.004019654753005619,0.005000116119927015,0.45441727103028634,0.2696172496422982,0.17974483309486558,0.08186368333312527
671,1.2962739385201541e-6,0.00044443521478058944,0.00015099333112916956,0.0028146094695037705,0.0018764063130025127,0.003995890129248967,0.004974232887245779,0.4544190375540932,0.26964564859965073,0.1797637657331006,0.08191368449432454
672,1.2703484597497517e-6,0.0004393189004570377,0.00014891679540685022,0.002789540233987983,0.001859693489325321,0.003972263234622232,0.004948465899148815,0.45442077978483697,0.26967379469434577,0.17978252979623063,0.081963426823197
673,1.2449414905547567e-6,0.0004342613848433563,0.00014686872889420438,0.002764686270189729,0.001843124180126485,0.003948773309357745,0.00492281481956506,0.4544224980555532,0.26970169009668565,0.1798011267311239,0.08201291148218849
674,1.2200426607436624e-6,0.00042926199420661635,0.00014484874305864312,0.002740045832459824,0.0018266972216398818,0.003925419597337509,0.004897279311225556,0.4544241926947327,0.26972933695938756,0.17981955797292515,0.08206213963038414
675,1.1956418075287897e-6,0.00042432006249345583,0.00014285645463413016,0.0027156171879412715,0.0018104114586275134,0.003902201346083619,0.004871859035697325,0.4544258640263834,0.26975673741771217,0.17983782494514156,0.08211111242349639
676,1.1717289713782139e-6,0.0004194349312433551,0.00014089148555052294,0.002691398616494506,0.0017942657443296697,0.0038791178067485803,0.004846553653416854,0.4544275123700907,0.2697838935895916,0.17985592905972783,0.08215983101385337
677,1.1482943919506502e-6,0.00041460594950287435,0.00013895346286384682,0.002667388410622784,0.0017782589404151884,0.003856168234105513,0.0048213628237231765,0.4544291380410778,0.26981080757575654,0.17987387171717112,0.08220829655038753
678,1.125328504111638e-6,0.00040983247374084495,0.00013704201868749036,0.00264358487539773,0.0017623899169318192,0.0038333518865382578,0.004796286204890578,0.45443074135026473,0.26983748145986275,0.17989165430657528,0.08225651017862476
679,1.1028219340294054e-6,0.00040511386776450193,0.00013515679012430983,0.0026199863283850357,0.0017466575522566896,0.0038106680260313838,0.004771323454160902,0.45443232260432653,0.26986391730861675,0.1799092782057446,0.08230447304067366
680,1.0807654953488179e-6,0.00040044950263654956,0.00013329741919963117,0.0025965910995703243,0.0017310607330468819,0.003788115918160098,0.004746474227775481,0.454433882105751,0.2698901171719006,0.17992674478126716,0.08235218627521528
681,1.0591501854418418e-6,0.0003958387565931485,0.000131463552795138,0.002573397531285182,0.0017155983541901202,0.0037656948320800594,0.004721738181006687,0.45443542015289556,0.2699160830828963,0.17994405538859762,0.08239965101749303
682,1.0379671817330057e-6,0.0003912810149628155,0.0001296548425836339,0.0025504039781333596,0.001700269318755572,0.0037434040405171063,0.004697114968189101,0.4544369370400431,0.26994181705820913,0.17996121137213952,0.0824468683993031
683,1.017207838098346e-6,0.00038677567008622534,0.00012787094496466824,0.002527608806917153,0.0016850725379447676,0.0037212428197568887,0.004672604242750312,0.4544384330574575,0.2699673210979905,0.17997821406532707,0.08249383954898498
684,9.968636813363792e-7,0.00038232212123690543,0.0001261115210010136,0.0025050103965639633,0.001670006931042641,0.003699210449634419,0.004648205657241351,0.45443990849143784,0.26999259718605967,0.1799950647907065,0.08254056559141248
685,9.769264077096521e-7,0.0003779197745428134,0.0001243762363559848,0.0024826071380530407,0.0016550714253686925,0.003677306213523538,0.004623918863366744,0.4544413636243725,0.2700176472900253,0.18001176486001694,0.0825870476479849
686,9.573878795554593e-7,0.0003735680429087881,0.00012266476123158743,0.0024603974343424223,0.0016402649562282802,0.0036555293983262945,0.004599743512014217,0.45444279873479193,0.27004247336140585,0.18002831557427063,0.08263328683661857
687,9.382401219643505e-7,0.00036926634593986447,0.00012097677030748647,0.002438379700296059,0.001625586466864038,0.003633879294462256,0.004575679253284033,0.45444421409742153,0.2700670773357493,0.18004471822383292,0.0826792842717387
688,9.194753195250642e-7,0.00036501410986544333,0.00011931194268078326,0.0024165523626111436,0.0016110349084074277,0.003612355195857731,0.004551725736517966,0.45444560998323275,0.2700914611327523,0.18006097408850155,0.08272504106427155
689,9.010858131345636e-7,0.0003608107674643063,0.000117669961806591,0.002394913859745639,0.0015966092398304248,0.003590956399934925,0.004527882610327933,0.4544469866594944,0.2701156266563784,0.18007708443758563,0.08277055832163673
690,8.830640968718729e-7,0.0003566557579904668,0.00011605051543939825,0.0023734626418460123,0.0015823084278973403,0.0035696822076010225,0.004504149522624263,0.45444834438982296,0.27013957579497583,0.18009305052998395,0.08281583714774
691,8.654028149344363e-7,0.00035254852709984907,0.00011445329557521022,0.0023521971706751783,0.0015681314471167845,0.0035485319232371995,0.0044805261206436265,0.45444968343423187,0.2701633104213943,0.18010887361426292,0.08286087864296625
692,8.480947586357479e-7,0.00034848852677778376,0.00011287799839445764,0.002331115919540656,0.0015540772796937697,0.003527504854687565,0.004457012050976613,0.45445100404918076,0.27018683239310104,0.18012455492873408,0.08290568390417269
693,8.311328634630335e-7,0.00034447521526731435,0.00011132432420566356,0.002310217373222942,0.0015401449154819602,0.0035066003132480416,0.004433606959594973,0.45445230648762386,0.27021014355229644,0.18014009570153103,0.08295025402468245
694,8.145102061937731e-7,0.0003405080569983034,0.0001097919773898579,0.0022895000279041016,0.0015263333519360666,0.0034858176136551814,0.004410310491878511,0.45445359099905697,0.2702332457260287,0.18015549715068585,0.0829945900942784
695,7.982200020698981e-7,0.0003365865225173303,0.00010828066634573023,0.002268962391096587,0.0015126415940643905,0.0034651560740749186,0.004387122292641657,0.4544548578295653,0.2702561407263077,0.18017076048420522,0.08303869319919718
696,7.822556020285004e-7,0.0003327100884183729,0.00010679010343551124,0.0022486029815722798,0.001499068654381519,0.003444615016091267,0.004364042006159689,0.4544561072218693,0.27027883035021866,0.18018588690014586,0.0830825644221236
697,7.666104899879308e-7,0.0003288782372742633,0.00010532000493157315,0.002228420329291761,0.001485613552861173,0.003424193764694955,0.00434106927619464,0.4544573394153705,0.2703013163800344,0.18020087758668968,0.08312620484218519
698,7.512782801881726e-7,0.0003250904575689098,0.00010387009096374006,0.0022084129753338192,0.0014722753168892118,0.0034038916482720125,0.004318203746020864,0.4544585546461966,0.27032360058332733,0.1802157337222183,0.08316961553494714
699,7.362527145844095e-7,0.00032134624363027727,0.00010244008546729871,0.0021885794718251887,0.0014590529812167916,0.0033837079985922966,0.004295445058450287,0.4544597531472461,0.2703456847130807,0.18023045647538719,0.08321279757240735
700,7.215276602927216e-7,0.00031764509556411643,0.00010102971613170081,0.002168918381870531,0.0014459455879136864,0.0033636421507979753,0.004272792855857338,0.4544609351482322,0.2703675705077989,0.18024504700519936,0.08325575202299185
701,7.070971070868672e-7,0.00031398651918843523,0.0000996387143499476,0.002149428279482654,0.0014329521863217685,0.003343693443391953,0.004250246780203553,0.4544621008757261,0.27038925969161764,0.1802595064610785,0.08329847995155042
702,6.929551649451299e-7,0.000310370025968703,0.00009826681516864802,0.002130107749512978,0.0014200718330086512,0.0033238612182262543,0.004227806473061869,0.4544632505531993,0.2704107539744125,0.18027383598294172,0.08334098241935245
703,6.790960616462277e-7,0.0003067951329537804,0.00009691375723874167,0.002110955387582247,0.001407303591721497,0.0033041448204903625,0.004205471575640608,0.45446438440106657,0.27043205505190765,0.1802880367012718,0.08338326048408307
704,6.655141404133038e-7,0.00030326136271256645,0.00009557928276687774,0.0020919698000114893,0.0013946465333409919,0.0032845435986995097,0.004183241728807144,0.45446550263672697,0.27045316460578345,0.18030210973718902,0.08342531519983948
705,6.52203857605038e-7,0.00029976824327135527,0.00009426313746744157,0.002073149603753231,0.001382099735835486,0.003265056904682929,0.00416111657311127,0.45446660547460505,0.27047408430378356,0.18031605620252242,0.08346714761712755
706,6.391597804529376e-7,0.00029631530805189477,0.00009296507051522009,0.002054493426322962,0.0013696622842153067,0.003245684093572064,0.004139095748808255,0.45446769312619123,0.2704948157998211,0.18032987719988078,0.08350875878285866
707,6.263765848438789e-7,0.0002929020958101393,0.00009168483449869822,0.0020359999057308607,0.0013573332704872392,0.0032264245237887436,0.004117178895881605,0.4544687658000818,0.27051536073408433,0.18034357382272292,0.08355014974034673
708,6.138490531470016e-7,0.0002895281505756887,0.00009042218537397746,0.002017667690413776,0.0013451117936091829,0.003207277557033316,0.0040953656540655215,0.45446982370201827,0.27053572073314164,0.1803571471554278,0.08359132152930555
709,6.01572072084062e-7,0.0002861930215919069,0.00008917688241930916,0.0019994954391674698,0.001332996959444979,0.0031882425582727483,0.004073655662867066,0.45447086703492645,0.27055589741004576,0.1803705982733639,0.0836322751858462
710,5.895406306423808e-7,0.0002828962632567115,0.00008794868819023375,0.0019814818210791237,0.0013209878807194147,0.0031693188957286947,0.004052048561588031,0.4544718959989544,0.27057589236443746,0.18038392824295835,0.08367301174247488
711,5.777498180295333e-7,0.000279637435064028,0.00008673736847531865,0.0019636255154601096,0.0013090836769734054,0.003150505940865531,0.004030543989346523,0.4544729107915104,0.27059570718264825,0.18039713812176555,0.08371353222809076
712,5.661948216689429e-7,0.0002764161015459007,0.00008554269225248644,0.0019459252117790286,0.0012972834745193515,0.0031318030683783575,0.004009141585098251,0.4544739116073005,0.27061534343780286,0.18041022895853528,0.08375383766798422
713,5.548709252355643e-7,0.0002732318322152534,0.00008436443164592616,0.0019283796095950177,0.0012855864063966776,0.0031132096561809776,0.0039878409876575385,0.4544748986383649,0.27063480268992063,0.18042320179328047,0.0837939290838352
714,5.437735067308533e-7,0.00027008420150929284,0.00008320236188357955,0.001910987418491327,0.0012739916123275506,0.003094725085393844,0.003966641835718049,0.4544758720741146,0.2706540864860166,0.18043605765734444,0.08383380749371178
715,5.328980365962364e-7,0.00026697278873354753,0.00008205626125519502,0.0018937473580091704,0.0012624982386727796,0.0030763487403319815,0.003945543767873232,0.45447683210136713,0.2706731963602015,0.1804487975734677,0.08387347391206895
716,5.22240075864312e-7,0.0002638971780065351,0.0000809259110709419,0.0018766581575818493,0.0012511054383878989,0.003058080008492886,0.003924546422636492,0.4544777789043816,0.2706921338337816,0.18046142255585443,0.08391292934974769
717,5.117952743470262e-7,0.00026085695820505145,0.00007981109562057747,0.0018597185564691529,0.0012398123709794347,0.0030399182805444,0.003903649438461084,0.454478712664894,0.2707109004153574,0.1804739336102383,0.08395217481397405
718,5.015593688600858e-7,0.00025785172291007465,0.00007871160213315955,0.0018429273036920347,0.001228618202461356,0.0030218629503125658,0.00388285245375974,0.45447963356215115,0.2707294976009221,0.1804863317339481,0.08399121130835865
719,4.915281814828842e-7,0.00025488107035327674,0.00007762722073729776,0.0018262831579675687,0.001217522105311712,0.003003913414769459,0.0038621551069240177,0.454480541772945,0.270747926873959,0.18049861791597271,0.08403003983289625
720,4.816976178532268e-7,0.000251944603364137,0.00007655774442193597,0.001809784887644185,0.0012065232584294561,0.002986069074021005,0.0038415570363433942,0.4544814374716458,0.2707661897055387,0.18051079313702584,0.08406866138396549
721,4.720636654961627e-7,0.0002490419293176502,0.00007550296899765917,0.0017934312706371872,0.0011956208470914576,0.0029683293312947755,0.003821057880424086,0.45448232083023526,0.27078428755441514,0.18052285836961013,0.08410707695432892
722,4.6262239218623977e-7,0.00024617266008262236,0.00007446269305851797,0.001777221094364553,0.0011848140629097015,0.0029506935929277706,0.003800657277607614,0.45448319201833914,0.2708022218671215,0.18053481457808104,0.08414528753313316
723,4.5336994434251503e-7,0.00024333641197054904,0.00007343671794436376,0.0017611531556830178,0.0011741021037886782,0.0029331612683541853,0.003780354866389104,0.45448405120325913,0.2708199940780651,0.18054666271871014,0.08418329410590923
724,4.443025454556648e-7,0.0002405328056850682,0.00007242484770368777,0.0017452262608244453,0.0011634841738829632,0.0029157317700931624,0.003760150285335338,0.4544848985500046,0.27083760560962195,0.18055840373974802,0.08422109765457313
725,4.354164945465516e-7,0.00023776146627198239,0.00007142688905695776,0.001729439225332482,0.0011529594835549878,0.002898404513736535,0.0037400431731025438,0.45448573422132427,0.2708550578722302,0.18057003858148685,0.08425869915742648
726,4.267081646556206e-7,0.0002350220230698435,0.00007044265136044529,0.0017137908739995017,0.0011425272493330008,0.0028811789179365548,0.0037200331684539376,0.4544865583777364,0.27087235226448353,0.1805815681763224,0.0842960995891575
727,4.181740013625085e-7,0.00023231410966109388,0.00006947194657053746,0.0016982800408038364,0.0011321866938692239,0.002864054404393613,0.0037001199102770174,0.4544873711775597,0.2708894901732235,0.18059299344881574,0.08433329992084204
728,4.0981052133525863e-7,0.000229637363823758,0.0000685145892085267,0.001682905568847298,0.0011219370458981982,0.002847030397843952,0.003680303037600609,0.4544881727769432,0.2709064729736315,0.18060431531575444,0.08437030111994481
729,4.0161431090855356e-7,0.00022699142748367783,0.00006757039632587216,0.0016676663102929896,0.0011117775401953257,0.00283010632604737,0.0036605821896116665,0.4544889633298955,0.27092330202931997,0.1806155346862134,0.08440710415032082
730,3.9358202469038267e-7,0.000224375946667287,0.00006663918746992664,0.0016525611263034081,0.0011017074175356048,0.0028132816197749145,0.003640957005671834,0.4544897429883147,0.2709399786924229,0.18062665246161536,0.08444370997221694
731,3.8571038419657517e-7,0.0002217905714549169,0.00006572078465012287,0.00163758888697884,0.0010917259246525594,0.00279655571279658,0.003621427125333765,0.4544905119020162,0.27095650430368595,0.18063766953579072,0.08448011954227366
732,3.7799617651264374e-7,0.00021923495593462907,0.00006481501230461311,0.0016227484712960471,0.0010818323141973641,0.0027799280418689927,0.003601992188357207,0.4544912702187622,0.2709728801925557,0.18064858679503723,0.084516333813527
733,3.7043625298239107e-7,0.00021670875815656842,0.00006392169726735594,0.0016080387670472495,0.0010720258446981657,0.002763398046723097,0.0035826518347248488,0.45449201808428885,0.2709891076772687,0.1806594051181792,0.08455235373541056
734,3.630275279227433e-7,0.00021421164008783095,0.00006304066873564467,0.0015934586707793993,0.001062305780519599,0.002746965170051837,0.0035634057046579387,0.45449275564233427,0.2710051880649392,0.1806701253766262,0.0845881802537578
735,3.557669773642886e-7,0.0002117432675678406,0.00006217175823807112,0.0015790070877337518,0.0010526713918225007,0.002730628857497839,0.0035442534386316703,0.4544934830346658,0.27102112265164696,0.18068074843443138,0.08462381431080439
736,3.48651637817003e-7,0.00020930331026422966,0.00006131479960291943,0.0015646829317857301,0.0010431219545238195,0.0027143885576410938,0.0035251946773903406,0.45449420040110694,0.2710369127225243,0.1806912751483496,0.08465925684519071
737,3.4167860506066307e-7,0.00020689144162921696,0.00006046962892698386,0.0015504851253850867,0.001033656750256724,0.0026982437219866384,0.003506229061962284,0.45449490787956387,0.27105255955184215,0.18070170636789484,0.08469450879196462
738,3.348450329594498e-7,0.0002045073388564783,0.00005963608454480531,0.0015364125994963612,0.001024275066330907,0.0026821938049522423,0.003487356233674581,0.4544956056060515,0.271068064403096,0.18071204293539742,0.08472957108258425
739,3.2814813230026104e-7,0.00020215068283850387,0.0000588140069983207,0.0015224642935396347,0.0010149761956930892,0.0026662382638560937,0.0034685758341675486,0.4544962937147193,0.27108342852909095,0.18072228568606072,0.084764444644921
740,3.21585169654256e-7,0.00019982115812443717,0.0000580032390069201,0.0015086391553315818,0.0010057594368877206,0.0026503765589044916,0.00344988750540901,0.45449697233787695,0.27109865317202636,0.18073243544801765,0.08479913040326267
741,3.1515346626117095e-7,0.00019751845287838978,0.000057203625437905826,0.0014949361410268197,0.0009966240940178792,0.002634608153179542,0.0034312908897083465,0.45449764160601935,0.2711137395635797,0.18074249304238652,0.08483362927831677
742,3.088503969359479e-7,0.0001952422588382275,0.00005641501327734858,0.0014813542150595557,0.00098756947670637,0.00261893251262686,0.00341278562973034,0.4544983016478513,0.27112868892499,0.1807524592833267,0.08486794218721384
743,3.026733889972291e-7,0.0001929922712748215,0.000055637251601335086,0.0014678923500855326,0.000978594900057021,0.002603349106043277,0.003394371368508798,0.45449895259031214,0.2711435024671406,0.18076233497809377,0.08490207004351115
744,2.966199212172847e-7,0.00019076818895176026,0.00005487019154760216,0.001454549526924272,0.0009696996846161808,0.002587857405064559,0.0033760477494599694,0.45449959455859984,0.27115818139064146,0.18077212092709433,0.08493601375719624
745,2.90687522792939e-7,0.00018856971408551674,0.00005411368628755214,0.0014413247345016185,0.0009608831563344117,0.0025724568841531278,0.003357814416395757,0.45450022767619463,0.2711727268859107,0.1807818179239405,0.08496977423469083
746,2.8487377233708037e-7,0.00018639655230606587,0.000053367590998644465,0.0014282169697925789,0.0009521446465283853,0.0025571470205857957,0.0033396710135367184,0.4545008520648826,0.27118714013325573,0.18079142675550383,0.08500335237885479
747,2.7917629689033883e-7,0.0001842484126179472,0.00005263176283715866,0.0014152252377644644,0.0009434834918429756,0.0025419272944415083,0.003321617185524866,0.4545014678447788,0.27120142230295363,0.18080094820196912,0.08503674908899016
748,2.735927709525321e-7,0.0001821250073617678,0.00005190606091132352,0.0014023485513203287,0.0009348990342135517,0.0025267971885890987,0.0033036525774362666,0.45450207513435,0.2712155745553313,0.18081038303688757,0.08506996526084541
749,2.6812091553348145e-7,0.00018002605217614065,0.00005119034625480789,0.001389585931242707,0.0009263906208284705,0.0025117561886750517,0.0032857768347934386,0.4545026740504375,0.2712295980408445,0.1808197320272297,0.08510300178661978
750,2.627584972228119e-7,0.00017795126596005365,0.000050484481800568124,0.001376936406137653,0.000917957604091768,0.0024968037831112817,0.0032679896035775545,0.4545032647082789,0.27124349390015695,0.18082899593343799,0.08513585955496772
751,2.5750332727835585e-7,0.00017590037083566414,0.00004978833235504745,0.001364399012379077,0.0009095993415860505,0.0024819394630629225,0.0032502905302404465,0.4545038472215304,0.27125726326421834,0.1808381755094789,0.0851685394510035
752,2.5235326073278893e-7,0.0001738730921115146,0.0000491017645727227,0.0013519727940533794,0.0009013151960355854,0.0024671627224361337,0.0032326792617164194,0.4545044217022884,0.2712709072543421,0.18084727150289476,0.0852010423563059
753,2.4730619551813325e-7,0.00017186915824616463,0.000048424646930993695,0.001339656802904387,0.0008931045352695904,0.0024524730578659153,0.003215155445433872,0.45450498826111035,0.27128442698228267,0.18085628465485512,0.08523336914892307
754,2.4236007160777076e-7,0.00016988830081223456,0.000047756849705410764,0.0013274500982785858,0.0008849667321857229,0.0024378699687039452,0.003197718729326729,0.45450554700703655,0.27129782355031173,0.1808652157002078,0.08526552070337741
755,2.375128701756155e-7,0.00016793025446085625,0.000047098244945235904,0.0013153517470706538,0.0008769011647137683,0.0024233529570064265,0.0031803687618456853,0.4545060980476101,0.2713110980512945,0.18087406536752967,0.08529749789067068
756,2.327626127721033e-7,0.00016599475688652628,0.000046448706449333155,0.0013033608236692916,0.0008689072157795269,0.0024089215275219537,0.003163105191969267,0.4545066414888979,0.2713242515687652,0.18088283437917682,0.08532930157828914
757,2.281073605166613e-7,0.0001640815487923573,0.00004580810974238382,0.0012914764099033514,0.0008609842732689002,0.0023945751876793975,0.003145927669214706,0.4545071774355108,0.2713372851770019,0.1808915234513346,0.08536093263020883
758,2.2354521330632818e-7,0.00016219037385572287,0.00004517633205142218,0.001279697594988265,0.0008531317299921759,0.0023803134475758035,0.0031288358436486353,0.4545077059906231,0.27135019994110093,0.1809001332940673,0.08539239190690098
759,2.190743090402017e-7,0.0001603209786942918,0.00004455325228268751,0.0012680234754727682,0.0008453489836485113,0.002366135819964313,0.003111829365897604,0.45450822725599294,0.2713629969170508,0.1809086646113672,0.08542368026533748
760,2.1469282285939777e-7,0.00015847311283244685,0.00004393875099878808,0.001256453155185924,0.0008376354367906152,0.002352041820242102,0.0030949078871584136,0.4545087413319808,0.2713756771518055,0.1809171181012037,0.08545479855899646
761,2.1039896640220993e-7,0.00015664652866808447,0.00004333271039617312,0.0012449857451844433,0.000829990496789628,0.0023380309664383387,0.003078071059208282,0.4545092483175693,0.27138824168335735,0.1809254944555716,0.08548574763786804
762,2.0619098707416578e-7,0.00015484098143979063,0.00004273501428290854,0.001233620363700301,0.0008224135758001998,0.0023241027792021613,0.003061318534414829,0.45450974831038155,0.2714006915408092,0.1809337943605395,0.08551652834846012
763,2.0206716733268257e-7,0.00015305622919438883,0.00004214554805675243,0.0012223561360886503,0.0008149040907257661,0.0023102567817906783,0.003044649965745894,0.45451024140670016,0.2714130277444462,0.18094201849629749,0.08554714153380426
764,1.98025823986029e-7,0.0001512920327548559,0.00004156419868352634,0.0012111921947760326,0.000807461463184021,0.0022964925000569882,0.003028065006779179,0.4545107277014854,0.2714252513058071,0.18095016753720475,0.08557758803346172
765,1.9406530750630858e-7,0.00014954815568860185,0.000040990854675778344,0.0012001276792088828,0.0008000851194725878,0.002282809462438224,0.0030115633117117294,0.4545112072883933,0.27143736322775486,0.1809582421518366,0.0856078686835295
766,1.901840013561825e-7,0.00014782436427610932,0.000040425406071734066,0.0011891617358023305,0.0007927744905348863,0.0022692071999436156,0.0029951445353692415,0.4545116802597933,0.27144936450454693,0.18096624300303132,0.08563798431664661
767,1.8638032132905904e-7,0.00014612042747992878,0.000039867744414531844,0.0011782935178892956,0.0007855290119261963,0.002255685246142581,0.002978808333215211,0.4545121467067865,0.27146125612190497,0.18097417074793667,0.08566793576200031
768,1.8265271490247788e-7,0.0001444361169140256,0.00003931776273173814,0.001167522185669879,0.0007783481237799187,0.002242243137152836,0.0029625543613599143,0.45451260671922206,0.27147303905708386,0.18098202603805594,0.08569772384533246
769,1.7899966060442838e-7,0.00014277120681347477,0.00003877535551513958,0.0011568469061610466,0.0007712312707740304,0.0022288804116285307,0.0029463822765692324,0.4545130603857151,0.27148471427894055,0.18098980951929375,0.08572734938894606
770,1.7541966739234e-7,0.0001411254740044996,0.00003824041870080788,0.0011462668531466063,0.0007641779020977369,0.00221559661074841,0.002930291736273311,0.4545135077936633,0.27149628274800214,0.1809975218320015,0.08575681321171176
771,1.719112740444933e-7,0.00013949869787485057,0.00003771284964943398,0.001135781207127479,0.0007571874714183188,0.002202391278203998,0.0029142823985750686,0.4545139490292636,0.2715077454165336,0.18100516361102248,0.0857861161290745
772,1.6847304856360349e-7,0.0001378906603445202,0.000037192547126927896,0.0011253891552722608,0.0007502594368481734,0.0021892639601878115,0.002898353922258542,0.4545143841775288,0.2715191032286049,0.18101273548573665,0.08581525895306025
773,1.651035875923315e-7,0.00013630114583679064,0.00003667941128528064,0.0011150898913680773,0.0007433932609120509,0.002176214205381593,0.0028825059667970834,0.45451481332230337,0.2715303571201576,0.18102023808010514,0.08584424249228283
774,1.618015158404849e-7,0.00013472994124960998,0.00003617334364368475,0.0011048826157717283,0.0007365884105144849,0.002163241564944577,0.002866738192361402,0.45451523654627973,0.2715415080190713,0.18102767201271427,0.0858730675519508
775,1.585654855236753e-7,0.00013317683592729346,0.000035674247069910034,0.0010947665353611238,0.0007298443569074152,0.0021503455925017795,0.0028510502598274555,0.4545156539310141,0.271552556845229,0.1810350378968194,0.08590173493387442
776,1.553941758132018e-7,0.00013164162163254624,0.000035182025761930976,0.0010847408634870092,0.0007231605756580055,0.0021375258441323148,0.0028354418307841916,0.45451606555694185,0.2715635045105826,0.1810423363403885,0.0859302454364727
777,1.5228629229693785e-7,0.000130124092518804,0.00003469658522980262,0.0010748048199249799,0.0007165365466166526,0.0021247818783577408,0.002819912567541144,0.4545164715033929,0.27157435191921747,0.18104956794614507,0.08595859985478053
778,1.492405664509991e-7,0.00012862404510288763,0.000034217832277781464,0.0010649576308277833,0.0007099717538851882,0.0021121132561304325,0.002804462133135879,0.4545168718486071,0.2715850999674167,0.18105673331161123,0.08598679898045594
779,1.4625575512197922e-7,0.0001271412782379689,0.000033745674986688155,0.00105519852867791,0.0007034656857852728,0.0020995195408219833,0.0027890901913413028,0.4545172666697488,0.27159574954372495,0.18106383302915008,0.0860148436017873
780,1.4333064001953972e-7,0.0001256755930868431,0.00003328002269650877,0.0010455267522404708,0.0006970178348269799,0.0020870002982116363,0.0027737964066728215,0.4545176560429217,0.2716063015290117,0.18107086768600794,0.0860427345037007
781,1.4046402721914897e-7,0.00012422679309550557,0.00003282078598923145,0.0010359415465163596,0.0006906276976775724,0.002074555096474743,0.002758580444395363,0.4545180400431836,0.27161675679653413,0.18107783786435622,0.08607047246776743
782,1.3765474667476606e-7,0.00012279468396702865,0.000032367876671915255,0.0010264421626957033,0.0006842947751304682,0.0020621835061712546,0.002743441970530258,0.45451841874456034,0.2716271162119993,0.181084744141333,0.08609805827221138
783,1.3490165174127086e-7,0.0001213790736357355,0.00003192120775998812,0.001017027858111595,0.000678018572074396,0.0020498851002342393,0.0027283806518619827,0.45451879222006036,0.27163738063362625,0.1810915870890843,0.08612549269191669
784,1.322036187064455e-7,0.00011997977224166766,0.00003148069346077092,0.001007697896194111,0.00067179859746274,0.0020376594539584336,0.0027133961559447682,0.45451916054168834,0.2716475509122074,0.18109836727480505,0.08615277649843531
785,1.2955954633231662e-7,0.00011859659210534296,0.000031046249157224455,0.0009984515464246122,0.0006656343642830742,0.0020255061449888233,0.002698488151109071,0.4545195237804591,0.2716576278911693,0.18110508526077967,0.08617991045999475
786,1.269683554056703e-7,0.00011722934770280042,0.00003061779139191659,0.000989288084290326,0.0006595253895268835,0.0020134247533092533,0.0026836563064679135,0.4545198820064109,0.27166761240663356,0.1811117416044225,0.08620689534150584
787,1.2442898829755697e-7,0.00011587785564092914,0.000030195237851206363,0.0009802067912392115,0.0006534711941594737,0.0020014148612310712,0.00266890029192309,0.45452023528861923,0.2716775052874765,0.18111833685831777,0.08623373190457052
788,1.2194040853160591e-7,0.00011454193463307776,0.000029778507349642413,0.0009712069546351027,0.000647471303090068,0.001989476053381803,0.0026542197781712455,0.45452058369520987,0.2716873073553889,0.18112487157025936,0.08626042090748975
789,1.1950160036097385e-7,0.00011322140547494148,0.000029367519814572603,0.0009622878677131346,0.0006415252451420891,0.0019776079166938573,0.002639614436709824,0.45452092729337157,0.27169701942493524,0.18113134628329025,0.08628696310527147
790,1.1711156835375442e-7,0.0001119160910207234,0.000028962196270962178,0.0009534488295354451,0.0006356325530236295,0.001965810040393266,0.0026250839398428887,0.45452126614936944,0.27170664230361236,0.18113776153574168,0.08631335924963857
791,1.1476933698667937e-7,0.00011062581615956722,0.00002856245882641761,0.0009446891449471572,0.0006297927632981042,0.0019540820159884547,0.0026106279606868195,0.4545216003285572,0.27171617679190774,0.1811441178612719,0.086339610089037
792,1.1247395024694581e-7,0.0001093504077922581,0.00002816823065641336,0.0009360081245326365,0.0006240054163550903,0.0019424234372590464,0.002596246173175882,0.4545219298953898,0.27172562368335723,0.1811504157889049,0.08636571636864386
793,1.102244712420069e-7,0.00010808969480818885,0.000027779435989718862,0.0009274050845720258,0.0006182700563813499,0.0019308339002446994,0.0025819382520676777,0.45452225491343584,0.27173498376460253,0.18115665584306845,0.08639167883037562
794,1.0801998181716688e-7,0.00010684350806258817,0.00002739600009402302,0.0009188793469980545,0.0006125862313320357,0.0019193130032339766,0.0025677038729484693,0.4545225754453895,0.27174425781544825,0.18116283854363227,0.0864174982128963
795,1.0585958218082356e-7,0.00010561168035400839,0.00002701784926175357,0.0009104302393531227,0.0006069534929020812,0.0019078603467532513,0.0025535427122383883,0.4545228915530829,0.27175344660891826,0.1811689644059456,0.08644317525162577
796,1.0374239053720716e-7,0.00010439404640206938,0.00002664491079608874,0.0009020570947466576,0.0006013713964977712,0.0018964755335556436,0.0025394544471965238,0.45452320329749746,0.2717625509113118,0.1811750339408746,0.08646871067874816
797,1.0166754272646304e-7,0.00010319044282545597,0.000026277112997158552,0.0008937592518127439,0.0005958395012084953,0.001885158168609993,0.0025254387559258923,0.4545235107387759,0.2717715714822593,0.18118104765483958,0.08649410522322012
798,9.96341918719338e-8,0.00010200070812016606,0.000025914385148433233,0.0008855360546680235,0.0005903573697786816,0.001873907859089865,0.0025114953173782932,0.4545238139362336,0.2717805090747774,0.18118700604985166,0.08651935961077939
799,9.764150803449516e-8,0.00010082468263800634,0.000025556657503296323,0.0008773868528698675,0.000584924568579911,0.0018627242143625913,0.0024976238113590494,0.45452411294837,0.2717893644353241,0.18119290962354945,0.08654447456395317
800,9.568867787380529e-8,0.00009966220856533316,0.000025203861271799874,0.0008693110013748165,0.0005795406675832104,0.0018516068459783466,0.0024838239185316345,0.4545244078328796,0.2717981383038528,0.18119875886923525,0.08656945080206677
801,9.377490431632922e-8,0.00009851312990203551,0.00002485592860759931,0.0008613078604972899,0.000574205240331526,0.0018405553676592577,0.002470095320422188,0.4545246986466635,0.2718068314138665,0.1812045542759111,0.08659428904125208
802,9.189940623000266e-8,0.00009737729244075755,0.00002451279259506565,0.0008533767958685619,0.000568917863912374,0.0018295693952885502,0.0024564376994239217,0.4545249854458398,0.27181544449247147,0.1812102963283144,0.0866189899944563
803,9.006141810540264e-8,0.0000962545437463579,0.000024174387236572566,0.0008455171783960046,0.0005636781189306691,0.0018186485468997305,0.0024428507388014136,0.45452526828575435,0.27182397826043014,0.18121598550695353,0.08664355437145055
804,8.826018974329462e-8,0.00009514473313560298,0.000023840647439955996,0.0008377283842225963,0.0005584855894817302,0.0018077924426658015,0.002429334122694798,0.4545255472209917,0.2718324334322141,0.18122162228814284,0.08666798287883856
805,8.649498594842875e-8,0.00009404771165709194,0.000023511509006144016,0.0008300097946866937,0.0005533398631244618,0.0017970007048885143,0.0024158875361238448,0.4545258223053852,0.2718408107160563,0.18122720714403767,0.0866922762200655
806,8.476508622946023e-8,0.00009296333207141034,0.000023186908616954606,0.0008223607962820681,0.0005482405308547114,0.001786272957987659,0.0024025106649919374,0.45452609359202756,0.2718491108140032,0.1812327405426689,0.08671643509542674
807,8.306978450487104e-8,0.00009189144883151013,0.000022866783823059136,0.0008147807806182034,0.0005431871870788015,0.0017756088284903875,0.002389203196089944,0.4545263611332808,0.271857334421966,0.18123822294797745,0.08674046020207667
808,8.140838881477363e-8,0.00009083191806331338,0.00002255107303210928,0.0008072691443808549,0.0005381794295872359,0.0017650079450205753,0.002375964817099987,0.4545266249807865,0.2718654822297722,0.18124365481984825,0.08676435223403757
809,7.978022103847822e-8,0.0000897845975465371,0.000022239715497025185,0.0007998252892928693,0.0005332168595285788,0.0017544699382882184,0.0023627952165991106,0.45452688518547535,0.271873554921216,0.18124903661414413,0.08678811188220857
810,7.818461661770865e-8,0.00008874934669573686,0.000021932651304442737,0.0007924486220752628,0.0005282990813835079,0.0017439944410788666,0.002349694084062849,0.4545271417975772,0.27188155317410895,0.1812543687827394,0.08681173983437457
811,7.662092428535452e-8,0.0000877260265415665,0.000021629821363317752,0.0007851385544085576,0.0005234257029390377,0.0017335810882430957,0.002336661109868694,0.45452739486663063,0.2718894776603297,0.18125965177355324,0.0868352367752152
812,7.508850579964743e-8,0.0000867144997122517,0.000021331167393684996,0.0007778945028943751,0.0005185963352629161,0.001723229516686014,0.0023236959852994655,0.4545276444414925,0.2718973290458738,0.18126488603058263,0.08685860338631388
813,7.358673568365451e-8,0.00008571463041527495,0.00002103663191556997,0.0007707158890172854,0.0005138105926781897,0.0017129393653568061,0.002310798402546587,0.45452789057034704,0.2719051079909028,0.18127007199393527,0.08688184034616687
814,7.211500096998144e-8,0.00008472628441926925,0.00002074615823805136,0.0007636021391069106,0.0005090680927379398,0.0017027102752383164,0.0022979680547132618,0.4545281333007153,0.27191281514979293,0.18127521009986206,0.08690494833019234
815,7.067270095058185e-8,0.00008374932903611866,0.000020459690448472137,0.0007565526843002826,0.0005043684562001878,0.001692541889336667,0.002285204635817559,0.45452837267946417,0.271920451171184,0.18128030078078944,0.08692792801073948
816,6.925924693157023e-8,0.000082783633103263,0.00002017717340179737,0.0007495669605044529,0.000499711307002968,0.0016824338526709127,0.0022725078407954034,0.4545286087528154,0.271928016698027,0.18128534446535144,0.08695078005709765
817,6.787406199293886e-8,0.00008182906696620444,0.000019898552710116632,0.000742644408359354,0.0004950962722395688,0.0016723858122627375,0.0022598773655034747,0.45452884156635465,0.2719355123676321,0.18129034157842147,0.0869735051355056
818,6.651658075308012e-8,0.00008088550246121391,0.000019623774732289204,0.0007357844732009111,0.0004905229821339402,0.0016623974171261844,0.0022473129067220165,0.45452907116503977,0.27194293881171566,0.18129529254114388,0.08699610390916064
819,6.518624913801853e-8,0.00007995281289823472,0.00001935278656373006,0.0007289866050244027,0.000485991070016268,0.001652468318257425,0.0022348141621575533,0.4545292975932098,0.27195029665644765,0.1813001977709652,0.08701857703822787
820,6.388252415525819e-8,0.00007903087304398152,0.000019085536026334743,0.0007222502584480695,0.0004815001722987125,0.0016425981686245658,0.002222380830445522,0.45452952089459325,0.2719575865224979,0.18130505768166535,0.08704092517984945
821,6.260487367215304e-8,0.0000781195591052321,0.00001882197165854131,0.0007155748926769702,0.000477049928451313,0.0016327866231574948,0.0022100126111528145,0.4545297411123166,0.2719648090250824,0.18130987268338833,0.0870631489881539
822,6.135277619871e-8,0.00007721874871231001,0.000018562042705527445,0.0007089599714670829,0.0004726399809780548,0.0016230333387377619,0.0021977092047802313,0.4545299582889126,0.2719719647740092,0.18131464318267285,0.08708524911426543
823,6.012572067473583e-8,0.00007632832090275579,0.00001830569910954091,0.0007024049630896511,0.0004682699753931003,0.0016133379741885016,0.002185470312764856,0.45453017246632843,0.2719790543737239,0.18131936958248263,0.08710722620631324
824,5.892320626124115e-8,0.00007544815610518467,0.00001805289150036162,0.0006959093402957736,0.00046393956019718206,0.0016037001902643924,0.002173295637482338,0.45453038368593346,0.27198607842335476,0.18132405228223655,0.0871290809094409
825,5.774474213601635e-8,0.00007457813612332862,0.00001780357118589345,0.0006894725802812364,0.00045964838685415727,0.001594119649641653,0.002161184882249101,0.4545305919885277,0.27199303751675774,0.18132869167783852,0.08715081386581572
826,5.6589847293296044e-8,0.00007371814412026069,0.0000175576901428841,0.0006830941646515855,0.0004553961097677234,0.0015845960169080782,0.00214913775132446,0.45453079741434904,0.2719999322425605,0.18133328816170707,0.08717242571463821
827,5.5458050347430146e-8,0.0000728680646027995,0.000017315201007771283,0.0006767735793874407,0.00045118238625829353,0.001575128958553113,0.002137153949912664,0.45453100000308144,0.272006763184207,0.18133784212280474,0.08719391709215145
828,5.434888934048156e-8,0.00007202778340609204,0.000017076057067653483,0.0006705103148100472,0.0004470068765400312,0.0015657181429579662,0.002125233184164856,0.45453119979386225,0.2720135309200009,0.1813423539466673,0.08721528863165058
829,5.326191155367194e-8,0.0000711971876783724,0.000016840212251383673,0.0006643038655470659,0.00044286924369804366,0.001556363240385759,0.002113375161180955,0.45453139682529,0.272020236023149,0.1813468240154327,0.08723654096349223
830,5.2196673322598526e-8,0.00007037616586589481,0.00001660762112078426,0.0006581537304985993,0.00043876915366573263,0.0015470639229717168,0.00210157958901146,0.45453159113543135,0.2720268790618045,0.18135125270786967,0.08725767471510404
831,5.1152739856146566e-8,0.00006956460769803882,0.000016378238861981675,0.0006520594128034542,0.0004347062752023025,0.001537819864713396,0.002089846176659176,0.4545317827618288,0.2720334605991095,0.18135564039940633,0.08727869051099416
832,5.012968505902365e-8,0.00006876240417258462,0.00001615202127685896,0.0006460204198056368,0.00043068027987042427,0.001528630741460951,0.0020781746340808645,0.454531971741508,0.2720399811932375,0.18135998746215834,0.08729958897276074
833,4.912709135784318e-8,0.00006796944754115673,0.000015928924774624774,0.000640036263021083,0.000426690842014055,0.0015194962309074394,0.0020665646721888214,0.45453215811098424,0.27204644139743556,0.18136429426495704,0.08732037071910155
834,4.814454953068637e-8,0.00006718563129483405,0.00001570890636349723,0.0006341064581046186,0.00042273763873641214,0.001510416012579167,0.002055016002852378,0.4545323419062701,0.2720528417600658,0.18136856117337719,0.08734103636582344
835,4.7181658540072656e-8,0.00006641085014992436,0.000015491923642501033,0.0006282305248171521,0.0004188203498781011,0.0015013897678260693,0.002043528338899329,0.454532523162882,0.2720591828246468,0.18137278854976455,0.08736158652585196
836,4.6238025369271225e-8,0.00006564500003390148,0.000015277934793376352,0.0006224079869930955,0.0004149386579953966,0.0014924171798121342,0.002032101394117292,0.4545327019158471,0.272065465129895,0.18137697675326334,0.08738202180924096
837,4.531326486188582e-8,0.00006488797807150317,0.000015066898572597966,0.0006166383725080146,0.00041109224833867607,0.0014834979335058614,0.002020734883254992,0.4545328781997101,0.27207168920976493,0.18138112613984328,0.08740234282318213
838,4.4406999564648135e-8,0.00006413968257098807,0.000014858774303503145,0.0006109212132465064,0.00040728080883100395,0.001474631715670763,0.002009428522023477,0.4545330520485398,0.27207785559349,0.18138523706232668,0.08742255017201468
839,4.351885957335519e-8,0.00006340001301054964,0.000014653521868526814,0.0006052560450703021,0.0004035040300468677,0.0014658182148559002,0.001998182027097267,0.4545332234959356,0.27208396480562247,0.181389309870415,0.08744264445723492
840,4.264848238188811e-8,0.00006266887002488557,0.000014451101701542557,0.0005996424077865951,0.0003997616051910631,0.0014570571213864615,0.00198699511611543,0.4545333925750341,0.2720900173660732,0.18139334491071546,0.0874626262775059
841,4.179551273425037e-8,0.00006194615539192077,0.000014251474780308023,0.0005940798451165937,0.0003960532300777289,0.0014483481273543772,0.0019758675076825944,0.4545335593185153,0.2720960137901511,0.18139734252676737,0.08748249622866705
842,4.095960247956539e-8,0.0000612317720196822,0.000014054602619013306,0.000588567904664295,0.0003923786031095297,0.0014396909266089746,0.0019647989213698947,0.45453372375860895,0.27210195458860226,0.18140130305906815,0.08750225490374387
843,4.014041042997409e-8,0.0000605256239333238,0.000013860447260930941,0.0005831061378854806,0.00038873742525698674,0.0014310852147476725,0.0019537890777158494,0.45453388592710064,0.2721078402676489,0.18140522684509924,0.08752190289295757
844,3.933760222137462e-8,0.000059827616262299846,0.000013668971271166098,0.0005776941000569335,0.0003851294000379553,0.0014225306891067116,0.001942837698227177,0.45453404585533824,0.27211367132902775,0.18140911421935182,0.08754144078373473
845,3.855085017694715e-8,0.00005913765522768512,0.000013480137729505655,0.0005723313502458724,0.0003815542334972479,0.0014140270487519278,0.0019319445053795456,0.45453420357423746,0.2721194482700283,0.1814129655133522,0.087560869160717
846,3.777983317340823e-8,0.00005845564812964,0.00001329391022336478,0.0005670174512796053,0.0003780116341864032,0.0014055739944695612,0.0019211092226182618,0.4545343591142882,0.2721251715835308,0.18141678105568718,0.08758018860577078
847,3.702423650994009e-8,0.00005778150333501916,0.000013110252840829733,0.0005617519697153991,0.00037450131314359906,0.0013971712287571055,0.0019103315743588965,0.45453451250556,0.2721308417580436,0.18142056117202904,0.08759939969799696
848,3.6283751779741314e-8,0.00005711513026512183,0.000012929130163795555,0.0005565344758105645,0.0003710229838737093,0.0013888184558141956,0.0018996112859878502,0.4545346637777081,0.2721364592777407,0.18142430618516048,0.08761850301374055
849,3.555807674414649e-8,0.000056456439383582404,0.000012750507261197382,0.0005513645434927558,0.00036757636232850356,0.0013805153815335345,0.0018889480838628569,0.4545348129599793,0.2721420246224988,0.18142801641499923,0.08763749912660043
850,3.4846915209263576e-8,0.00005580534218439958,0.000012574349682334094,0.0005462417503304839,0.00036416116688698893,0.0013722617134918592,0.0018783416953134294,0.45453496008121697,0.27214753826793375,0.1814316921786225,0.08765638860743906
851,3.4149976905078325e-8,0.000055161751180102464,0.00001240062345028308,0.0005411656775038403,0.0003607771183358932,0.0013640571609409443,0.0018677918486412462,0.45453510516986717,0.2721530006854371,0.1814353337902914,0.08767517202439219
852,3.346697736697678e-8,0.000054525579890052166,0.000012229295055404836,0.0005361359097754333,0.0003574239398502886,0.0013559014347986455,0.0018572982731204794,0.4545352482539839,0.2721584123422121,0.18143894156147475,0.0876938499428786
853,3.279763781963726e-8,0.00005389674282887729,0.000012060331448936241,0.0005311520354615332,0.00035410135697435514,0.0013477942476399815,0.0018468606989980665,0.4545353893612345,0.27216377370130984,0.18144251580087326,0.08771242292560981
854,3.2141685063244515e-8,0.00005327515549504175,0.000011893700036671239,0.0005262136464034256,0.00035080909760228335,0.0013397353136882543,0.0018364788574939258,0.454535528518905,0.27216908522166444,0.181446056814443,0.08773089153259979
855,3.1498851361979654e-8,0.000052660734359543594,0.00001172936867272781,0.0005213203379389724,0.0003475468919593146,0.0013317243488062092,0.001826152480801116,0.4545356657539054,0.27217434735812845,0.18144956490541903,0.08774925632117472
856,3.086887433474008e-8,0.00005205339685474306,0.000011567305653400003,0.0005164717088743796,0.00034431447258291933,0.0013237610704872318,0.0018158813020859423,0.4545358010927747,0.2721795605615078,0.18145304037433863,0.08776751784598273
857,3.025149684804529e-8,0.00005145306136331865,0.00001140747971109392,0.0005116673614561686,0.00034111157430411203,0.0013158451978465856,0.0018056650554880063,0.45453593456168606,0.27218472527859655,0.18145648351906446,0.0877856766590036
858,2.96464669110844e-8,0.000050859647207349605,0.000011249860008346484,0.000506906901343353,0.0003379379342289016,0.0013079764516126856,0.0017955034761202057,0.454536066186452,0.27218984195221113,0.1814598946348075,0.08780373330955847
859,2.9053537572862723e-8,0.00005027307463752343,0.00001109441613192589,0.0005021899375798165,0.00033479329171987726,0.0013001545541184135,0.0017853963000686798,0.454536195992529,0.27219491102122456,0.18146327401414977,0.08782168834431968
860,2.847246682140549e-8,0.000049693264822467,0.000010941118087012607,0.0004975160825668935,0.0003316773883779286,0.0012923792292924689,0.0017753432643927035,0.4545363240050228,0.27219993292060035,0.18146662194706698,0.08783954230732037
861,2.7903017484977407e-8,0.00004912013983819985,0.000010789936291459854,0.0004928849520361493,0.0003285899680240992,0.001284650202650761,0.0017653441071245313,0.4545364502486931,0.272204908081426,0.18146993872095074,0.0878572957399643
862,2.7344957135277866e-8,0.000048553622657708245,0.000010640841570132485,0.00048829616502236,0.000325530776681573,0.0012769672012878368,0.0017553985672691906,0.45453657474795794,0.27220983693094636,0.18147322462063098,0.08787494918103554
863,2.6798057992572327e-8,0.00004799363714063872,0.000010493805149323175,0.00048374934383668976,0.00032249956255779285,0.0012693299538683485,0.0017455063848042258,0.4545366975268991,0.2722147198925966,0.1814764799283978,0.08789250316670823
864,2.6262096832720894e-8,0.00004744010802310961,0.000010348798651244913,0.00047924411404006573,0.00031949607602671016,0.0012617381906185599,0.0017356673006793937,0.45453681860926626,0.272219557386035,0.18147970492402338,0.08790995823055626
865,2.5736854896066497e-8,0.000046892960907639344,0.000010205794088598718,0.00047478010441674815,0.0003165200696111651,0.0012541916433178896,0.001725881056816311,0.4545369380184814,0.27222434982717536,0.18148289988478364,0.08792731490356306
866,2.5222117798145177e-8,0.000046352122253190115,0.000010064763859215588,0.0004703569469480951,0.0003135712979653964,0.0012466900452904944,0.0017161473961080553,0.4545370557776439,0.2722290976282195,0.18148606508547974,0.08794457371413122
867,2.471767544218228e-8,0.00004581751936532559,9.925680740771657e-6,0.00046597427678652086,0.0003106495178576802,0.0012392331313968881,0.0017064660624187178,0.4545371719095346,0.272233801197689,0.1814892007984594,0.0879617351880923
868,2.4223321933338644e-8,0.00004528908038648144,9.788517885575587e-6,0.0004616317322296464,0.00030775448815309724,0.001231820638025601,0.001696836800582912,0.45453728643662,0.27223846094045684,0.18149230729363797,0.0879787998487165
869,2.3738855494671875e-8,0.00004476673428634731,9.65324881542717e-6,0.00045732895469464095,0.00030488596979642694,0.0012244523030848756,0.0016872593564052365,0.4545373993810572,0.27224307725777913,0.18149538483851949,0.08799576821672232
870,2.3264078384778445e-8,0.00004425041085235899,9.519847416546233e-6,0.0004530655886927539,0.0003020437257951689,0.001217127865994402,0.0016777334766596933,0.4545375107646974,0.2722476505473261,0.18149843369821744,0.08801264081028637
871,2.279879681708288e-8,0.0000437400406802996,9.388287934570838e-6,0.000448841281804035,0.0002992275212026897,0.0012098470676770892,0.0016682589090890629,0.4545376206090906,0.272252181203213,0.1815014541354754,0.08802941814505297
872,2.2342820880741235e-8,0.00004323555516500847,9.258544969623877e-6,0.00044465568465224285,0.0002964371231014949,0.0012026096505508756,0.0016588354024042347,0.45453772893548977,0.272256669616031,0.18150444641068741,0.08804610073414386
873,2.189596446312642e-8,0.00004273688649119644,9.130593471447084e-6,0.0004405084508799397,0.00029367230058662615,0.0011954153585205772,0.0016494627062834976,0.45453783576485485,0.2722611161728775,0.18150741078191843,0.0880626890881679
874,2.1458045173863892e-8,0.000042243967624366566,9.00440873460161e-6,0.00043639923712377165,0.0002909328247491808,0.0011882639369697723,0.001640140571371786,0.45453794111785645,0.2722655212573863,0.18151034750492429,0.08807918371523074
875,2.1028884270386627e-8,0.00004175673230183874,8.879966393734199e-6,0.0004323277029899334,0.00028821846865995527,0.0011811551327527258,0.0016308687492798868,0.4545380450148804,0.27226988524975754,0.18151325683317177,0.08809558512094445
876,2.06083065849789e-8,0.000041275115023877325,8.757242418908102e-6,0.000428293511029816,0.00028552900735321035,0.0011740886941863488,0.0016216469925836043,0.454538147476031,0.2722742085267874,0.18151613901785837,0.08811189380843726
877,2.0196140453279328e-8,0.00004079905104492041,8.636213110997855e-6,0.000424296326715837,0.0002828642178105577,0.0011670643710421974,0.0016124750548228864,0.45453824852113583,0.2722784914618977,0.18151899430793192,0.08812811027836309
878,1.9792217644213743e-8,0.00004032847636490973,8.516855097147025e-6,0.00042033581841745114,0.0002802238789449671,0.001160081914538508,0.0016033526905009107,0.4545383481697486,0.2722827344251649,0.18152182295011002,0.08814423502891132
879,1.939637329132948e-8,0.00003986332772071977,8.399145326288101e-6,0.0004164116573773414,0.00027760777158489393,0.00115314107733227,0.0015942796550831326,0.45453844644115354,0.27228693778334906,0.18152462518889947,0.08816026855581632
880,1.9008445825502895e-8,0.000039403542577685447,8.283061064723655e-6,0.00041252351768778834,0.00027501567845852524,0.001146241613511337,0.0015852557049962949,0.4545385433543689,0.27229110189992284,0.18152740126661532,0.08817621135236715
881,1.862827690899284e-8,0.00003894905912122665,8.168579891767955e-6,0.0004086710762672175,0.0002724473841781447,0.001139383278586572,0.0015762805976274,0.4545386389281504,0.27229522713509974,0.1815301514233999,0.08819206390941711
882,1.8255711370812997e-8,0.00003849981624856901,8.055679695448216e-6,0.00040485401283692305,0.0002699026752246151,0.0011325658294840336,0.0015673540913226454,0.4545387331809953,0.2722993138458624,0.18153287589724168,0.08820782671539339
883,1.7890597143396744e-8,0.00003805575356055953,7.944338668264657e-6,0.000401072009897967,0.0002673813399319777,0.001125789024537196,0.0015584759453863232,0.4545388261311456,0.2723033623859908,0.18153557492399391,0.08822350025630661
884,1.7532785200528813e-8,0.000037616811353576054,7.834535303008571e-6,0.0003973247527082527,0.00026488316847216823,0.0011190526234792072,0.0015496459200796831,0.4545389177965918,0.27230737310608977,0.18153824873739324,0.08823908501576047
885,1.718212949651825e-8,0.00003718293061152962,7.726248388637632e-6,0.00039361192925977187,0.00026240795283984764,0.0011123563874351852,0.0015408637766197615,0.45453900819507603,0.27231134635361687,0.18154089756907796,0.08825458147496126
886,1.6838486906587888e-8,0.00003675405299795844,7.6194570062076465e-6,0.0003899332302560232,0.0002599554868373485,0.001105700078914548,0.001532129277178175,0.4545390973440959,0.2723152824729095,0.18154352164860635,0.08826999011272746
887,1.6501717168456133e-8,0.000036330120848212614,7.514140524859976e-6,0.0003862883490896027,0.0002575255660597348,0.0010990834618033827,0.0015234421848798806,0.45453918526090753,0.27231918180521203,0.18154612120347471,0.08828531140549924
888,1.6171682825087014e-8,0.00003591107716172848,7.4102785978638925e-6,0.0003826769818199635,0.0002551179878799754,0.0010925063013568505,0.001514802263801902,0.45453927196252897,0.27232304468870294,0.18154869645913532,0.08830054582734803
889,1.5848249168585276e-8,0.00003549686559439156,7.307851158713099e-6,0.0003790988271513451,0.00025273255143422975,0.0010859683641916277,0.001506209278972024,0.45453935746574353,0.27232687145852114,0.18155124763901412,0.08831569384998605
890,1.5531284185213574e-8,0.000035087430450987176,7.206838417275694e-6,0.0003755535864108698,0.0002503690576072462,0.0010794694182783826,0.0014976629963674535,0.454539441787103,0.27233066244679266,0.18155377496452846,0.08833075594277577
891,1.522065850150931e-8,0.00003468271667773761,7.107220855996835e-6,0.0003720409635268064,0.0002480273090178706,0.0010730092329342905,0.0014891631829134493,0.4545395249429308,0.2723344179826568,0.18155627865510454,0.08834573257273945
892,1.4916245331479132e-8,0.00003428266985492492,7.008979226153399e-6,0.0003685606650069996,0.0002457071100046661,0.0010665875788155833,0.0014807096064819206,0.4545396069493253,0.27233813839229204,0.18155875892819473,0.08836062420456858
893,1.4617920424849563e-8,0.00003388723618959838,6.912094544159927e-6,0.0003651123999174637,0.00024340826661164216,0.0010602042279101347,0.001472302035889995,0.4545396878221626,0.27234182399894213,0.18156121599929478,0.0883754313006334
894,1.432556201635258e-8,0.00003349636250836562,6.816548087925144e-6,0.0003616958798611401,0.0002411305865740931,0.0010538589535300834,0.0014639402408985558,0.45453976757709963,0.2723454751229413,0.1815636500819609,0.0883901543209923
895,1.4039050776025534e-8,0.000033109996250266444,6.722321393258386e-6,0.0003583108189568174,0.00023887387930454464,0.0010475515303044905,0.0014556239922107507,0.4545398462295775,0.27234909208173996,0.18156606138782663,0.08840479372340129
896,1.3758269760505029e-8,0.00003272808545972847,6.629396250325232e-6,0.0003549569338182126,0.00023663795587880812,0.0010412817341720324,0.0014473530614704702,0.4545399237948243,0.2723526751899295,0.18156845012661968,0.0884193499633234
897,1.348310436529493e-8,0.00003235057877960355,6.537754700151683e-6,0.0003516339435332132,0.00023442262902214185,0.0010350493423737317,0.0014391272212607976,0.45454000028785796,0.2723562247592677,0.18157081650617846,0.08843382349393811
898,1.3213442277989033e-8,0.000031977425444284175,6.447379031176225e-6,0.00034834156964327835,0.0002322277130955186,0.0010288541334457205,0.001430946245102432,0.45454007572348903,0.27235974109870303,0.18157316073246868,0.08844821476615071
899,1.2949173432429255e-8,0.00003160857527289881,6.358251775849127e-6,0.0003450795361229983,0.00023005302408199858,0.0010226958872120411,0.0014228099074520821,0.4545401501163239,0.2723632245143995,0.18157548300959964,0.08846252422860174
900,1.2690189963780675e-8,0.00003124397866258538,6.270355707278311e-6,0.00034184756935981146,0.00022789837957320734,0.0010165743847774821,0.0014147179837008335,0.45454022348076756,0.2723666753097607,0.18157778353984044,0.08847675232767625
901,1.2436386164505063e-8,0.00003088358658184193,6.1836738359211964e-6,0.0003386453981338774,0.00022576359875591797,0.0010104894085204495,0.00140667025017249,0.45454029583102573,0.2723700937854543,0.18158006252363618,0.08849089950751327
902,1.2187658441214967e-8,0.00003052735056395365,6.098189406321844e-6,0.00033547275359810527,0.00022364850239873653,0.0010044407420858712,0.0013986664841218878,0.45454036718110846,0.27237348023943564,0.18158232015962372,0.088504966210015
903,1.1943905272390675e-8,0.000030175222700495257,6.01388589389283e-6,0.0003323293692583362,0.0002215529128388905,0.0009984281703781398,0.001390706463733184,0.45454043754483237,0.2723768349669716,0.1815845566446477,0.08851895287485621
904,1.1705027166942865e-8,0.000029827155634908103,5.930747001741202e-6,0.0003292149809536794,0.00021947665396911925,0.0009924514795540875,0.001382789968118121,0.45454050693582343,0.2723801582606642,0.18158677217377608,0.08853285993949354
905,1.1470926623604014e-8,0.000029483102556150894,5.848756657537935e-6,0.00032612932683699967,0.0002174195512246661,0.0009865104570159979,0.0013749167773142643,0.4545405753675197,0.27238345041047374,0.1815889669403158,0.08854668783917473
906,1.1241508091131938e-8,0.000029143017192423356,5.767899010430297e-6,0.0003230721473555569,0.0002153814315703709,0.0009806048914046501,0.0013670866722832176,0.4545406428531734,0.2723867117037421,0.18159114113582803,0.08856043700694786
907,1.1016677929309306e-8,0.000028806853804961958,5.688158427996522e-6,0.000320043185231795,0.00021336212348786298,0.0009747345725924001,0.0013592994349088134,0.4545407094058543,0.2723899424252157,0.18159329495014373,0.08857410787367069
908,1.0796344370723129e-8,0.000028474567181906858,5.6095194932422325e-6,0.00031704218544428066,0.0002113614569628534,0.0009688992916762949,0.0013515548479952797,0.4545407750384515,0.272393142857068,0.18159542857137861,0.08858770086801977
909,1.0580417483308672e-8,0.000028146112632239274,5.5319670016380265e-6,0.0003140688952087895,0.00020937926347252598,0.0009630988409712216,0.0013438526952653847,0.45454083976367643,0.27239631327892244,0.18159754218594823,0.08860121641649972
910,1.0368809133642498e-8,0.00002782144597978846,5.455485958197681e-6,0.0003111230639595402,0.00020741537597302644,0.0009573330140030903,0.0013361927613585582,0.4545409035940649,0.2723994539678745,0.18159963597858295,0.08861465494345237
911,1.0161432950969657e-8,0.000027500523557307504,5.380061574596402e-6,0.0003082044433305741,0.00020546962888704905,0.0009516016055020523,0.0013285748318289912,0.4545409665419798,0.27240256519851413,0.18160171013234266,0.08862801687106596
912,9.958204291950267e-9,0.000027183302200617148,5.3056792663285885e-6,0.0003053127871372805,0.00020354185809152,0.0009459044113957505,0.0013209986931437135,0.45454102861961326,0.27240564724294747,0.18160376482863153,0.08864130261938424
913,9.759040206111266e-9,0.000026869739242816876,5.232324649904567e-6,0.0003024478513580658,0.00020163190090537688,0.0009402412288026058,0.0013134641326806508,0.45454108983898933,0.2724087003708188,0.18160580024721243,0.08865451260631568
914,9.563859401989042e-9,0.000026559792508562472,5.159983540085759e-6,0.0002996093941161662,0.0001997395960774438,0.0009346118560251361,0.00130597093872666,0.454541150211966,0.2724117248493324,0.1816078165662215,0.08866764724764249
915,9.372582213949268e-9,0.000026253420308409287,5.088641947157768e-6,0.00029679717566160225,0.0001978647837744012,0.0009290160925433086,0.0012985189004755442,0.4545412097502376,0.27241472094327357,0.18160981396218226,0.08868070695702976
916,9.185130569670284e-9,0.000025950581433220496,5.018286074240855e-6,0.0002940109583532752,0.00019600730556884984,0.0009234537390079267,0.0012911078080260485,0.454541268465337,0.2724176889150302,0.18161179261002,0.08869369214603451
917,9.001427958276884e-9,0.00002565123514863957,4.948902314637301e-6,0.0002912505066412032,0.0001941670044274685,0.0009179245972340503,0.0012837374523798355,0.45454132636863787,0.2724206290246137,0.1816137526830757,0.08870660322411476
918,8.82139939911135e-9,0.000025355341189626214,4.880477249215154e-6,0.00028851558704889716,0.00019234372469926448,0.000912428470194449,0.0012764076254394414,0.45454138347135686,0.2724235415296801,0.18161569435311997,0.08871944059863857
919,8.644971411129124e-9,0.00002506285975505514,4.812997643827857e-6,0.00028580596815587484,0.00019053731210391626,0.0009069651620130882,0.0012691181200062136,0.4545414397845559,0.2724264266855506,0.18161761779036698,0.08873220467489296
920,8.472071982906544e-9,0.00002477375150237677,4.746450446769271e-6,0.0002831214205803126,0.00018874761372020813,0.0009015344779586492,0.00126186872977823,0.45454149531914406,0.27242928474523215,0.181619523163488,0.08874489585609302
921,8.302630543248418e-9,0.000024487977542339398,4.680822786263609e-6,0.0002804617169618336,0.00018697447797455549,0.0008961362244380822,0.0012546592493481996,0.45454155008587993,0.27243211595943795,0.1816214106396252,0.0887575145433908
922,8.136577932383452e-9,0.00002420549943377189,4.616101967989802e-6,0.00027782663194443147,0.00018521775462962073,0.0008907702089901914,0.0012474894742013462,0.4545416040953736,0.27243492057660756,0.18162328038440495,0.08877006113588429
923,7.973846373735785e-9,0.000023926279178426353,4.552275472639835e-6,0.00027521594215952866,0.00018347729477301885,0.0008854362402792532,0.0012403592007132738,0.4545416573580886,0.272437698842927,0.18162513256195126,0.0887825360306263
924,7.814369446261072e-9,0.000023650279215880077,4.489330953510577e-6,0.00027262942620916863,0.00018175295080611218,0.0008801341280886683,0.0012332682261478167,0.45454170988434406,0.2724404510023486,0.181626967334899,0.08879493962263343
925,7.658082057335855e-9,0.000023377462418496008,4.427256234128656e-6,0.00027006686464934075,0.00018004457643289358,0.0008748636833146445,0.0012262163486548704,0.4545417616843166,0.27244317729661066,0.18162878486440706,0.08880727230489491
926,7.504920416189143e-9,0.000023107792086441156,4.366039305907919e-6,0.00026752803997343695,0.0001783520266489577,0.0008696247179599123,0.0012192033672682096,0.4545418127680424,0.27244587796525715,0.1816305853101714,0.08881953446838145
927,7.354822007865363e-9,0.000022841231942762228,4.305668325839049e-6,0.00026501273659583946,0.00017667515773055938,0.000864417045127474,0.001212229081903287,0.454541863145419,0.27244855324565687,0.1816323688304379,0.08883172650205413
928,7.20772556770806e-9,0.00002257774612851784,4.246131614210874e-6,0.00026252074083563863,0.00017501382722375885,0.0008592404790143842,0.0012052932933550192,0.4545419128262074,0.2724512033730228,0.18163413558201522,0.08884384879287317
929,7.063571056353901e-9,0.000022317299197966678,4.187417652362959e-6,0.0002600518409004797,0.00017336789393365289,0.0008540948349055615,0.0011983958032955552,0.4545419618200337,0.27245382858043116,0.18163588572028747,0.08885590172580672
930,6.922299635226827e-9,0.000022059856113810936,4.129515080469037e-6,0.00025760582687053775,0.00017173721791369158,0.0008489799291676336,0.001191536414272033,0.45454201013639123,0.27245642909884016,0.1816376193992268,0.08886788568383967
931,6.783853642522297e-9,0.000021805382242494413,4.072412695350872e-6,0.0002551824906826203,0.00017012166045507994,0.0008438955792428135,0.0011847149297043184,0.45454205778464213,0.27245900515710886,0.18163933677140592,0.08887980104798239
932,6.648176569671855e-9,0.00002155384334955469,4.016099448322114e-6,0.000252781626114396,0.00016852108407626373,0.0008388416036428075,0.0011779311538827322,0.45454210477401935,0.2724615569820157,0.18164103798801048,0.08889164819727943
933,6.515213038278421e-9,0.000021305205595028642,3.96056444306177e-6,0.00025040302876874895,0.00016693535251249904,0.0008338178219427545,0.0011711848919657617,0.4545421511136284,0.27246408479827683,0.18164272319885125,0.08890342750881826
934,6.384908777512854e-9,0.00002105943552891083,3.9057969335168575e-6,0.0002480464960582578,0.00016536433070550496,0.0008288240547751972,0.0011644759499777606,0.4545421968124489,0.2724665888285645,0.18164439255237638,0.08891513935773791
935,6.257210601962601e-9,0.000020816500086664033,3.851786321833847e-6,0.00024571182718979845,0.00016380788479319872,0.0008238601238240849,0.0011578041348066343,0.45454224187933656,0.2724690692935251,0.18164604619568345,0.08892678411723769
936,6.1320663899233515e-9,0.000020576366584781425,3.7985221563185187e-6,0.00024339882314926967,0.00016226588209951288,0.0008189258518188062,0.0011511692542015126,0.4545422863230249,0.272471526411797,0.18164768427453137,0.08893836215858575
937,6.009425062124888e-9,0.00002033900271639973,3.7459941294238163e-6,0.00024110728668644084,0.00016073819112429367,0.0008140210625282541,0.0011445711167704102,0.45454233015212675,0.27247396040002847,0.18164930693335238,0.08894987385112776
938,5.889236560882393e-9,0.000020104376546962816,3.694192075765339e-6,0.00023883702229992074,0.00015922468153328027,0.0008091455807549217,0.0011380095319778758,0.4545423733751359,0.27247637147289533,0.18165091431526362,0.08896131956229547
939,5.771451829664751e-9,0.000019872456509935128,3.6431059701640776e-6,0.00023658783622224666,0.00015772522414816422,0.0008042992323290285,0.0011314843101426265,0.4545424160004291,0.2724787598431183,0.18165250656207896,0.08897269965761526
940,5.656022793071459e-9,0.000019643211402564397,3.592725925716032e-6,0.00023435953640509296,0.00015623969093672842,0.0007994818441026777,0.0011249952624351744,0.45454245803626725,0.27248112572148053,0.18165408381432044,0.08898401450071668
941,5.5429023372100315e-9,0.000019416610381693067,3.5430421918883356e-6,0.00023215193250459824,0.00015476795500306528,0.0007946932439440441,0.0011185422008754388,0.45454249949079717,0.2724834693168446,0.18165564621122982,0.08899526445334102
942,5.432044290465833e-9,0.000019192622959617856,3.494045152641532e-6,0.00022996483586681013,0.0001533098905778732,0.0007899332607315918,0.0011121249383303487,0.4545425403720532,0.27248579083616964,0.18165719389077983,0.08900644987534978
943,5.323403404656516e-9,0.000018971218999996935,3.445725324577636e-6,0.00022779805951324706,0.00015186537300883118,0.0007852017243483237,0.0011057432885114348,0.45454258068795883,0.2724880904845283,0.1816587269896856,0.08901757112473309
944,5.216935336563387e-9,0.000018752368713804144,3.3980733551136334e-6,0.0002256514181265761,0.00015043427875105055,0.0007804984656760598,0.0010993970659724103,0.454542620446328,0.2724903684651235,0.18166024564341568,0.0890286285576182
945,5.1125966298321245e-9,0.000018536042655329742,3.3510800206800674e-6,0.0002235247280364059,0.00014901648535760377,0.000775823316589746,0.0010930860861067425,0.4545426596548666,0.27249262497930477,0.18166174998620319,0.08903962252827792
946,5.010344697235485e-9,0.000018322211718227116,3.304736224944375e-6,0.00022141780720519414,0.00014761187147012926,0.0007711761099517936,0.0010868101651452136,0.4545426983211745,0.27249486022658514,0.18166324015105675,0.08905055338913899
947,4.910137803290779e-9,0.00001811084713160496,3.2590329970586255e-6,0.00021933047521426838,0.0001462203168095121,0.0007665566796064481,0.0010805691201534722,0.45454273645274634,0.2724970744046572,0.18166471626977146,0.08906142149079044
948,4.811935047224968e-9,0.000017901920456164376,3.2139614899313322e-6,0.0002172625532499599,0.00014484170216663976,0.0007619648603741871,0.0010743627690295763,0.4545427740569732,0.27249926770940935,0.18166617847293956,0.08907222718199197
949,4.7156963462804705e-9,0.00001769540358038039,3.169512978523008e-6,0.0002152138640898491,0.0001434759093932326,0.0007574004880461495,0.0010681909305015256,0.4545428111411442,0.27250144033494184,0.18166762688996121,0.08908297080968226
950,4.621382419354866e-9,0.0000174912687167274,3.1256788581651386e-6,0.0002131842320891225,0.00014212282139274818,0.0007528633993785923,0.0010620534241247872,0.45454284771244774,0.27250359247358275,0.18166906164905514,0.08909365271898728
951,4.5289547709677696e-9,0.000017289488397947993,3.0824506429022523e-6,0.00021117348316703938,0.00014078232211135944,0.000748353432087378,0.001055950070279811,0.45454288377797303,0.27250572431590364,0.18167048287726906,0.08910427325322853
952,4.438375675548416e-9,0.000017090035473364694,3.039819963856771e-6,0.00020918144479350863,0.0001394542965290056,0.0007438704248424913,0.0010498806901695372,0.4545429193447112,0.2725078360507353,0.18167189070049017,0.08911483275393133
953,4.349608162037449e-9,0.000016892883105234112,2.9977785676163336e-6,0.00020720794597577376,0.0001381386306505157,0.0007394142172625837,0.0010438451058168968,0.45454295441955694,0.27250992786518324,0.18167328524345547,0.08912533156083302
954,4.262615998796702e-9,0.000016698004765143024,2.956318314643274e-6,0.0002052528172452061,0.00013683521149680393,0.0007349846499095489,0.0010378431400623032,0.4545429890093097,0.272511999944643,0.18167466662976198,0.08913577001189119
955,4.177363678820771e-9,0.00001650537423044591,2.915431177705962e-6,0.00020331589064420504,0.00013554392709613655,0.0007305815642831253,0.0010318746165611375,0.45454302312067485,0.2725140524728154,0.18167603498187695,0.08914614844329181
956,4.093816405244356e-9,0.00001631496558074344,2.8751092403317043e-6,0.00020139699971320453,0.00013426466647546955,0.0007262048028155289,0.001025939359781225,0.45454305676026535,0.27251608563172186,0.18167739042114792,0.08915646718945743
957,4.011940077139469e-9,0.000016126753194401482,2.835344695280903e-6,0.00019949597947778534,0.00013299731965185676,0.0007218542088661135,0.001020037195000306,0.4545430899346027,0.27251809960171897,0.18167873306781268,0.08916672658305523
958,3.931701275596682e-9,0.000015940711745110138,2.796129843042191e-6,0.0001976126664358918,0.00013174177762392773,0.0007175296267160598,0.0010141679483034996,0.4545431226501184,0.27252009456151377,0.1816800630410092,0.08917692695500523
959,3.853067250084752e-9,0.000015756816198482352,2.7574570903482494e-6,0.00019574689854515287,0.0001304979323634351,0.0007132309015630935,0.001008331446580761,0.45454315491315506,0.27252207068817813,0.18168138045878543,0.08918706863448826
960,3.776005905083058e-9,0.000015575041808691646,2.71931894871203e-6,0.00019389851521030621,0.00012926567680687068,0.0007089578795162312,0.001002527517524332,0.4545431867299676,0.2725240281571636,0.18168268543810906,0.08919715194895407
961,3.700485786981397e-9,0.00001539536411514854,2.681708032983093e-6,0.00019206735727072486,0.00012804490484714977,0.0007047104075905539,0.0009967559896261861,0.4545432181067246,0.2725259671423157,0.18168397809487713,0.08920717722412931
962,3.6264760712417728e-9,0.000015217758939215167,2.6446170599238006e-6,0.00019025326698804556,0.00012683551132536356,0.0007004883337020097,0.0009910166921754675,0.4545432490495096,0.2725278878158884,0.18168525854392562,0.08921714478402558
963,3.5539465498169386e-9,0.000015042202380957737,2.6080388468050734e-6,0.00018845608803389814,0.0001256373920225986,0.0006962915066622436,0.000985309455255925,0.45454327956432183,0.2725297903485583,0.18168652689903886,0.08922705495094733
964,3.4828676188206015e-9,0.000014868670815936301,2.5719663100214626e-6,0.000186675665477735,0.0001244504436518232,0.000692119776173455,0.000979634109743339,0.45454330965707773,0.27253167490943864,0.1816877832729591,0.0892369080454999
965,3.41321026644419e-9,0.000014697140892031472,2.5363924637252587e-6,0.0001849118457747603,0.00012327456384984004,0.0006879729928232836,0.0009739904873029464,0.454543339333612,0.2725335416660934,0.18168902777739562,0.08924670438659733
966,3.3449460611153086e-9,0.000014527589526307657,2.501310418479382e-6,0.00018316447675395753,0.00012210965116930486,0.0006838510080797216,0.0009683784203868566,0.4545433685996789,0.27253539078455113,0.1816902605230341,0.08925644429147037
967,3.278047139893004e-9,0.000014359993901912356,2.4667133799287957e-6,0.00018143340760621546,0.00012095560507081016,0.0006797536742860552,0.0009627977422314663,0.4545433974609529,0.27253722242931866,0.1816914816195458,0.08926612807567423
968,3.2124861970951456e-9,0.000014194331465011143,2.432594647490189e-6,0.00017971848887255115,0.00011981232591503396,0.0006756808446558311,0.000957248286854868,0.4545434259230304,0.27253903676339475,0.1816926911755965,0.08927575605309654
969,3.1482364731532444e-9,0.000014030579921757911,2.3989476130596775e-6,0.00017801957243242957,0.0001186797149549529,0.0006716323732678519,0.0009517298890542544,0.4545434539914302,0.2725408339482835,0.18169388929885566,0.08928532853596509
970,3.0852717436901817e-9,0.00001386871723529997,2.365765759738279e-6,0.000176336511492179,0.00011755767432811918,0.000667608115061198,0.000946242384403319,0.45454348167159503,0.2725426141440078,0.18169507609600521,0.08929484583485563
971,3.02356630881638e-9,0.000013708721622817606,2.333042660574911e-6,0.0001746691605735016,0.0001164461070490009,0.0006636079258302764,0.000940785609249653,0.4545435089688923,0.27254437750912275,0.1816962516727485,0.08930430825869966
972,2.963094982640054e-9,0.000013550571552597692,2.300771977326683e-6,0.00017301737550207838,0.00011534491700138544,0.000659631662219896,0.0009353594007121381,0.4545435358886153,0.2725461242007285,0.18169741613381898,0.08931371611479215
973,2.903833082987253e-9,0.000013394245741140989,2.268947459236236e-6,0.0001713810133962679,0.00011425400893084511,0.0006556791817203705,0.0009299635966783361,0.45454356243598426,0.27254785437448353,0.181698569582989,0.08932306970879927
974,2.8457564213275083e-9,0.000013239723150302706,2.2375629418258983e-6,0.00016975993265589773,0.00011317328843726501,0.0006517503426626465,0.0009245980358018749,0.4545435886161472,0.2725495681846175,0.1816997121230783,0.08933236934476606
975,2.78884129290096e-9,0.000013086982984465979,2.2066123457084295e-6,0.00016815399295114854,0.00011210266196743222,0.0006478450042134594,0.000919262557499832,0.4545436144341811,0.27255126578394406,0.1817008438559627,0.08934161532512408
976,2.733064467042943e-9,0.00001293600468774788,2.1760896754141234e-6,0.00016656305521152952,0.00011104203680768621,0.0006439630263705149,0.0009139570019501144,0.4545436398950927,0.2725529473238736,0.18170196488258236,0.08935080795069908
977,2.6784031777020847e-9,0.000012786767941237552,2.1459890182340437e-6,0.0001649869816149448,0.00010999132107662972,0.0006401042699576967,0.0009086812100888364,0.45454366500381976,0.2725546129544257,0.18170307530295043,0.08935994752071857
978,2.624835114148043e-9,0.000012639252660266146,2.116304543079175e-6,0.00016342563557685005,0.0001089504237178999,0.0006362685966203003,0.0009034350236076942,0.45454368976523146,0.27255626282424184,0.1817041752161612,0.08936903433281947
979,2.5723384118650826e-9,0.000012493438991708167,2.0870304993552684e-6,0.00016187888173949878,0.00010791925449299904,0.0006324558688202934,0.0008982182849513391,0.45454371418413003,0.2725578970805976,0.18170526472039839,0.08937806868305555
980,2.5208916436277836e-9,0.00001234930731131388,2.058161215853164e-6,0.00016034658596127715,0.00010689772397418463,0.0006286659498316009,0.0008930308373147474,0.4545437382652512,0.27255951586941496,0.18170634391294332,0.08938705086590507
981,2.4704738107552286e-9,0.000012206838221072403,2.029691099654386e-6,0.00015882861530612733,0.00010588574353741807,0.0006248987037354171,0.0008878725246405896,0.45454376201326524,0.27256111933527455,0.18170741289018308,0.08939598117427822
982,2.4210643345401255e-9,0.000012066012546605164,2.0016146350517925e-6,0.0001573248380330581,0.00010488322535537191,0.0006211539954155421,0.0008827431916165962,0.45454378543277785,0.2725627076214276,0.18170847174761845,0.08940485989952462
983,2.372643047849323e-9,0.000011926811334589336,1.9739263824850746e-6,0.00015583512358574247,0.00010389008239049484,0.0006174316905537451,0.0008776426836729235,0.4545438085283313,0.27256428086980794,0.181709520579872,0.0894136873314408
984,2.3251901868923376e-9,0.000011789215850210944,1.946620977490908e-6,0.00015435934258220142,0.00010290622838813415,0.0006137316556251515,0.0008725708469795167,0.4545438313044049,0.27256583922104377,0.1817105594806959,0.08942246375827753
985,2.278686383154491e-9,0.000011653207574647271,1.9196931296675483e-6,0.00015289736680457316,0.00010193157786971532,0.0006100537578936563,0.0008675275284434725,0.4545438537654162,0.27256738281446957,0.18171158854297978,0.08943118946674733
986,2.233112655491402e-9,0.000011518768202578251,1.893137621653674e-6,0.0001514490691889673,0.00010096604612597807,0.0006063978654073627,0.0008625125757063997,0.45454387591572154,0.27256891178813764,0.18171260785875848,0.08943986474203176
987,2.1884504023815745e-9,0.000011385879639726488,1.8669493081212845e-6,0.00015001432381540317,0.00010000954921026865,0.0006027638469940454,0.0008575258371417799,0.4545438977596172,0.27257042627882955,0.18171361751921974,0.08944848986778883
988,2.144681394333944e-9,0.00001125452400042561,1.8411231147824565e-6,0.00014859300589783184,0.00009906200393188778,0.0005991515722566384,0.0008525671618523264,0.4545439193013399,0.2725719264220677,0.18171461761471186,0.08945706512616025
989,2.101787766447266e-9,0.000011124683605216592,1.8156540374097703e-6,0.0001471849917742411,0.00009812332784949394,0.0005955609115687481,0.000847636399667343,0.45454394054506814,0.2725734123521267,0.1817156082347512,0.08946559079777877
990,2.0597520111183206e-9,0.000010996340978471759,1.79053714087022e-6,0.0001457901588968425,0.00009719343926456154,0.0005919917360701912,0.000842733401140082,0.4545439614949225,0.2725748842020444,0.18171658946802968,0.08947406716177544
991,2.0185569708959545e-9,0.000010869478846046138,1.765767558172418e-6,0.00014440838582234042,0.00009627225721489348,0.0005884439176625566,0.0008378580175451023,0.45454398215496644,0.27257634210363335,0.18171756140242232,0.08948249449578685
992,1.978185831478036e-9,0.00001074408013295583,1.7413404895269159e-6,0.00014303955220228194,0.00009535970146818784,0.0005849173290047925,0.0008330101008756267,0.45454400252920757,0.27257778618749157,0.18171852412499448,0.0894908730759623
993,1.938622114848476e-9,0.00001062012796108313,1.71725120141946e-6,0.00014168353877348728,0.00009445569251565806,0.0005814118435088165,0.0008281895038408991,0.4545440226215978,0.2725792165830136,0.18171947772200917,0.08949920317697106
994,1.8998496725515075e-9,0.00001049760564690804,1.693495025697003e-6,0.0001403402273485599,0.00009356015156570648,0.0005779273353351514,0.0008233960798635431,0.45454404243603475,0.27258063341840133,0.1817204222789343,0.08950748507200947
995,1.8618526791004782e-9,0.000010376496699265914,1.6700673586662974e-6,0.00013900950080647598,0.00009267300053765053,0.0005744636793885843,0.0008186296830769186,0.454544061976362,0.27258203682067483,0.18172135788044996,0.0895157190328081
996,1.8246156255184697e-9,0.000010256784817130908,1.6469636602048998e-6,0.0001376912430832523,0.0000917941620555014,0.0005710207513138498,0.0008138901683224809,0.45454408124636997,0.2725834269156829,0.18172228461045534,0.08952390532963887
997,1.788123313008101e-9,0.000010138453887424944,1.624179452884411e-6,0.00013638533916269222,0.00009092355944179468,0.0005675984274913364,0.0008091773911471392,0.4545441002497968,0.27258480382811373,0.18172320255207589,0.08953204423132209
998,1.7523608467479392e-9,0.000010021487982851905,1.6017103211057899e-6,0.000135091675067209,0.00009006111671147255,0.0005641965850328181,0.0008044912078006159,0.45454411899032887,0.27258616768150534,0.1817241117876703,0.08954013600523357
999,1.7173136298129813e-9,9.905871359756767e-6,1.5795519102465693e-6,0.0001338101378487259,0.00008920675856581713,0.0005608151017772083,0.0007998314752328066,0.45454413747160183,0.27258751859825603,0.18172501239883743,0.08954818091731158
1000,1.682967357216723e-9,9.791588456009356e-6,1.5576999258198163e-6,0.00013254061557965233,0.00008836041038643477,0.0005574538562863379,0.0007951980510911418,0.4545441556972008,0.2725888566996345,0.1817259044664231,0.08955617923206391
