"i","Seed","R12","R15","R12R15","R12R23","R12R25","R15R52","R12R25R23","R15R52R23","R12R15R54","R15R52R54","R12R15R23R34","R12R15R23R54","R12R25R23R34","R12R25R23R54","R15R52R23R54","R15R54","R12R23R34","R12R25R54","R15R52R23R34"
0,1,0,0,0,0,0,0,0,0,0,0,0,0,0,0,0,0,0,0,0,0
1,0.8730769230769231,0.05769230769230768,0.06923076923076922,0,0,0,0,0,0,0,0,0,0,0,0,0,0,0,0,0,0
2,0.7622633136094674,0.09796597633136092,0.1151360946745562,0.00496153846153846,0.004326923076923076,0.0028846153846153835,0.0020769230769230765,0,0,0,0,0,0,0,0,0,0,0.010384615384615383,0,0,0
3,0.6655145084205735,0.12479866010468818,0.14372959035047791,0.012197573964497038,0.010592640532544375,0.007133875739644968,0.005063698224852069,0.0004326923076923076,0.0005884615384615382,0.00015576923076923073,0.000744230769230769,0.00031153846153846146,0,0,0,0,0,0.02765502958579881,0.0006490384615384614,0.0004326923076923075,0
4,0.5810453592748853,0.14135396237986236,0.1596204577290711,0.02000494053823395,0.017304379907259894,0.011768686703459258,0.008236253834774691,0.0013675573224852067,0.001856373150887573,0.0004888158284023666,0.002573866863905324,0.0010710931952662719,0.00008826923076923073,0.00008826923076923073,0.00006490384615384614,0.00006490384615384614,0.00002336538461538461,0.04921446813837049,0.0022379345414201175,0.0015027736686390528,0.00002336538461538461
5,0.5072972944438422,0.1501388666138606,0.16632637878653517,0.02736014076799656,0.023579832108934596,0.01618843031417404,0.011171710453822517,0.0027051606238620834,0.003665050741351842,0.0009598901174897584,0.005574607944640417,0.0023065312704824755,0.00036672520340236666,0.00036672520340236666,0.00027003744452662714,0.00027003744452662714,0.0000966877588757396,0.07315753679773115,0.004833591527509101,0.0032680766741579412,0.0000966877588757396
6,0.4429095609182776,0.15313171655896435,0.166518421164398,0.03370084378948642,0.028945289077740494,0.020052976824177914,0.013647866965308505,0.004286736315713241,0.005796537681992761,0.0015098013662795196,0.009678629059839901,0.003982287838555853,0.0009164828146051428,0.0009164828146051428,0.0006758115381059397,0.0006758115381059397,0.00024067127649920336,0.09810649361571143,0.00837056634384929,0.005696341221284047,0.00024067127649920336
7,0.38669411664788084,0.15188614082950774,0.16221252232190903,0.038770292399732134,0.033193845550227696,0.0231976428666861,0.015572649533046032,0.005951953136699637,0.008032404115493438,0.0020804509787938014,0.014733755628262865,0.0060294678833521295,0.0017859634669040569,0.0017859634669040569,0.0013188219854629259,0.0013188219854629259,0.0004671414814411313,0.12308425679037112,0.012712359705510365,0.008704287744910734,0.0004671414814411313
8,0.33761370953488057,0.14761534214479854,0.15491902378685374,0.04250765932092506,0.03628684472488385,0.025572480263157112,0.016935179057767945,0.007565882688202588,0.010190147088336701,0.002624264400134113,0.020549299488222685,0.008365365313309035,0.0029908240842280724,0.0029908240842280724,0.0022116149559678715,0.0022116149559678715,0.0007792091282602015,0.14741613513865748,0.01769143653804452,0.012183934174913648,0.0007792091282602015
9,0.2947627387092996,0.1412603712810865,0.14575928560556772,0.044971773794562464,0.03828628420452278,0.02719943931118669,0.01777233448337577,0.009028396137722787,0.012135519647149262,0.0031071235094264752,0.026925448386361444,0.010905642171974227,0.004519346147478578,0.004519346147478578,0.0033464973591982596,0.0033464973591982596,0.0011728487882803184,0.17065398870668555,0.0231344632467771,0.016019806214387214,0.0011728487882803184
10,0.25735054495004234,0.13354534892474057,0.13555648676981155,0.04628892182300726,0.03930924099947357,0.02814258403022401,0.018146337792783254,0.010274149454971092,0.013782060997822808,0.0035079115428517157,0.033671214455545814,0.013571492344480593,0.006339674094550967,0.006339674094550967,0.004700756779856678,0.004700756779856678,0.0016389173146942897,0.19251788154752067,0.028877405877455516,0.020099722111065216,0.0016389173146942897
11,0.22468682193715234,0.12502205968695188,0.1249062007370002,0.046617876462162006,0.03949783191896072,0.028487770069660634,0.018130106392501368,0.011268060470720244,0.015084573885175189,0.003816513414454945,0.0406145527289969,0.01629344301339808,0.008406983244224387,0.008406983244224387,0.0062418791981023415,0.0062418791981023415,0.002165104046122047,0.2128513545629924,0.03477379202737655,0.024321109715598817,0.002165104046122047
12,0.1961688791528215,0.11610590050734024,0.11423114010095609,0.04612714326463315,0.03900002841574193,0.028329124788334586,0.017798018476298565,0.011999116680676753,0.016030434050232818,0.004031317369556064,0.047607234198321205,0.019012958972273283,0.010669669327000666,0.010669669327000666,0.007932088268710377,0.007932088268710377,0.0027375810582902886,0.23158728467354245,0.04069846681522066,0.028594275226047912,0.0027375810582902886
13,0.17127052141419416,0.1071048032542954,0.10382352308264295,0.044980765258486384,0.03795796384985697,0.027760366736326314,0.01722039852216007,0.012474067456385917,0.016630841000797557,0.004156773544411637,0.054526305688016176,0.02168266174371807,0.013074234434535589,0.013074234434535589,0.00973195577081189,0.00973195577081189,0.003342278663723698,0.24872195568868583,0.04654847107758195,0.0328436439442981,0.003342278663723698
14,0.1495323398500849,0.09824245430484337,0.09387777317934752,0.043330038930521,0.03650133313146488,0.026869524383367663,0.016460514547153342,0.012711772917187465,0.016913044287437617,0.004201271370250151,0.06127342047678913,0.02426572152204208,0.015568860584655222,0.015568860584655222,0.011603065889269779,0.011603065889269779,0.003965794695385444,0.2642954841510823,0.05224216565506049,0.037007698954747044,0.003965794695385444
15,0.1305532351768049,0.0896768905620776,0.08451567972438272,0.04130923608177637,0.03474418392146191,0.025736004112352107,0.015573231969424266,0.012738522027357044,0.01691395057756865,0.0041754285502116064,0.06777292631636728,0.026734798704115083,0.018105817227770864,0.018105817227770864,0.013509831826847899,0.013509831826847899,0.004595985400922966,0.2783771501279844,0.05771736562478022,0.041038127612252194,0.004595985400922966
16,0.11398301686590273,0.08151535212776045,0.07580568787911807,0.039033972883212045,0.03278390473325225,0.024429247715176763,0.014604725168035288,0.012584374923649434,0.01667516730650438,0.004090792382854944,0.07396931172863373,0.029070783499528723,0.02064290981440616,0.02064290981440616,0.015420610130951456,0.015420610130951456,0.0052222996834547075,0.29105450208664185,0.06292899321299951,0.04489852822910501,0.0052222996834547075
17,0.09951594164830738,0.07382610878612754,0.06777762536137347,0.0366012672272509,0.030701579959521226,0.023008434585650012,0.01359283264160089,0.012280451261855473,0.01623936031745658,0.003958909055601107,0.07982440766111554,0.031261492274734015,0.023144184910381817,0.023144184910381817,0.01730826636949887,0.01730826636949887,0.005835918540882949,0.30242535526850955,0.06784657892298734,0.04856291538638153,0.005835918540882949
18,0.08688507213140682,0.06664784407441911,0.06043388922652171,0.03409061630126703,0.028563143128600484,0.021522842243185136,0.012567774058081894,0.011857027475198643,0.015647726262239484,0.0037906987870408417,0.08531459774520317,0.03330041717097415,0.025580088958000305,0.025580088958000305,0.019150334058777193,0.019150334058777193,0.0064297548992231154,0.31259199907271557,0.07245181591691553,0.05201418057422903,0.0064297548992231154
19,0.07585735143780518,0.059997071676669234,0.05375789286728031,0.03156563651399855,0.026420945652031794,0.020012594942189436,0.01155304157180912,0.01134228955730796,0.01493836176259269,0.003596072205284731,0.09042819019039322,0.03518558327968643,0.02792724789733623,0.02792724789733623,0.02092888818005699,0.02092888818005699,0.006998359717279242,0.32165708245669383,0.07673628738620561,0.0552426069107068,0.006998359717279242
20,0.06622930298608376,0.05387396979312549,0.04772039815699951,0.029075958668200747,0.02431548961477404,0.018509614664030276,0.010566344004170477,0.01076159459338137,0.014145323254966364,0.003383728661584996,0.095163035667493,0.0369185395154578,0.030168002161725133,0.030168002161725133,0.022630231613653184,0.022630231613653184,0.007537770548071952,0.3297207663867859,0.08069942923401038,0.05824449615203522,0.007537770548071952
21,0.057823276068619284,0.04826694640544874,0.04228422013537387,0.026659178402221838,0.02227716494556494,0.017038649854279737,0.009620528547942105,0.01013711179590793,0.013298197659330213,0.003161085863422283,0.09952442946772311,0.03850349111608337,0.032289800649970085,0.032289800649970085,0.02424447080266039,0.02424447080266039,0.0080453298473097,0.33687882611033576,0.08434675267622649,0.061020938351639756,0.0080453298473097
22,0.05048416795221761,0.043156189019223246,0.037407683788619,0.024342737186055577,0.020327894689582363,0.015618300957339232,0.008724436228716347,0.009487735243484778,0.012422034988976033,0.002934299745491256,0.10352330622805639,0.03994657039827469,0.03428453029886962,0.03428453029886962,0.02576503757204658,0.02576503757204658,0.008519492726823043,0.3432214591306418,0.08768832741806123,0.06357673582978171,0.008519492726823043
23,0.044076562019820756,0.038516404091948654,0.03304712797431639,0.022145661283812804,0.018482635193628517,0.014261992692899067,0.007883668590913738,0.008829181976718906,0.01153752451571651,0.002708342538997605,0.10717471680596473,0.04125523583258214,0.03614783554721602,0.03614783554721602,0.027188197858569296,0.027188197858569296,0.008959637688646731,0.34883261169893465,0.0907375116214986,0.0659194809733826,0.008959637688646731
24,0.038482229148074275,0.034318911953924225,0.029158685393389845,0.02008012153878185,0.016750706702117535,0.01297886454159421,0.007101256997187638,0.00817420859535209,0.010661323516968944,0.002487114921616854,0.11049656599853665,0.042437786121219206,0.03787846422457349,0.03787846422457349,0.028512575155077133,0.028512575155077133,0.009365889069496373,0.3537896808950821,0.09350990690054287,0.06805877987731745,0.009365889069496373
25,0.03359794621774177,0.030533230966684078,0.025699515786413888,0.018152800352053838,0.015136948423132469,0.011774565617431725,0.006378234734622115,0.007532896192471905,0.009806470912392775,0.0022735747199208707,0.11350858422935392,0.043502974670797355,0.039477662752118836,0.039477662752118836,0.029738706444379946,0.029738706444379946,0.0097389563077389,0.35816348370409057,0.0960225129058605,0.07000560955855659,0.0097389563077389
26,0.029333591505489934,0.02712825859853793,0.022628629132495245,0.016366067294768347,0.013642703639850658,0.01065194990184379,0.005714117392924555,0.006912967177194336,0.008982837086235604,0.0020698699090412683,0.116231504282162,0.04445970988099067,0.04094863338897775,0.04094863338897775,0.03086864087325073,0.03086864087325073,0.010079992515727032,0.3620184110720526,0.09829305516933037,0.07177179440117135,0.010079992515727032
27,0.02561048181440852,0.02407313593064898,0.019907404118897472,0.014718973957347222,0.012266647124778337,0.009611674103855834,0.005107299853491388,0.006320108448666852,0.008197576189465082,0.0018774677407982295,0.11868641437637725,0.04531682748992935,0.042296058951913094,0.042296058951913094,0.03190558594982988,0.03190558594982988,0.010390473002083222,0.3654127054419269,0.10033946071530797,0.07336958688644792,0.010390473002083222
28,0.022359920661041286,0.021337864939770516,0.017499882610311133,0.01320808373704347,0.011005470538382427,0.00865270422702072,0.00455537951002275,0.005758283828094901,0.0074555587356655165,0.0016972749075706147,0.12089426046997934,0.04608292246795306,0.04352569538033286,0.04352569538033286,0.03285360221712991,0.03285360221712991,0.010672093163202955,0.3683988160597615,0.10217945778402472,0.07481133800202629,0.010672093163202955
29,0.019521930730986046,0.01889373399806306,0.015372901769448654,0.01182815462150655,0.009854442774269608,0.007772739022929584,0.004055415598576965,0.005230025023612106,0.006759770922163243,0.0015297458985511366,0.12287547303053585,0.04676622939445647,0.04464402919068269,0.04464402919068269,0.03371734479134414,0.03371734479134414,0.010926684399338547,0.3710237984513082,0.10383027836478209,0.07610924363607939,0.010926684399338547
30,0.017044147215130128,0.016713595782881986,0.013496110679240392,0.010572693584654189,0.008807862130556936,0.006968559442673581,0.003604134141980607,0.0047366950819616735,0.006111673380840742,0.001374978298879068,0.12464969622376183,0.04737454173424301,0.045657994829007176,0.045657994829007176,0.03450184854488596,0.03450184854488596,0.011156146284121218,0.37332973371672545,0.10530844478092254,0.07727515448951883,0.011156146284121218
31,0.01488085160705592,0.014772032706365915,0.011841906859185842,0.009434400637628307,0.007859416281633851,0.006236313357216125,0.0031980872804121823,0.004278721622101537,0.00551151649196543,0.001232794869863893,0.12623560026145997,0.0479151618555401,0.04657474583613329,0.04657474583613329,0.03521235280718021,0.03521235280718021,0.011362393028953078,0.3753541503186115,0.10662962410050608,0.07832043840591986,0.011362393028953078
32,0.012992128133852669,0.013045437652389722,0.010385319222322225,0.00840551933525581,0.0070024646642028315,0.005571744487160793,0.0028337748480950164,0.003855799451343978,0.004958612406279617,0.001102812954935639,0.1276507603571042,0.04839487494760193,0.047401473309928104,0.047401473309928104,0.03585416105049544,0.03585416105049544,0.011547312259432662,0.3771304363474894,0.10780853654275116,0.07925588540950228,0.011547312259432662
33,0.011343127255325217,0.011512031917097636,0.009103857210285896,0.007478108944112405,0.006230256322081353,0.0049703738601691,0.0025077350839433046,0.0034670636856879854,0.0044515658677500595,0.0009845021820620735,0.12891158825739257,0.04881994117481618,0.04814526517087005,0.04814526517087005,0.036432530968197034,0.036432530968197034,0.011712734202673008,0.37868823423083764,0.10885890624238158,0.08009164708257639,0.011712734202673008
34,0.009903422642149325,0.010151837519412774,0.007977340621494527,0.006644251743850573,0.005536094635343337,0.0044276413374859346,0.002216610406364638,0.00311123543559834,0.003988467094337539,0.0008772316587391993,0.13003330459900944,0.04919610143740768,0.048813000051032555,0.048813000051032555,0.03695259052105023,0.03695259052105023,0.011860409529982319,0.38005381281238054,0.10979344469069378,0.08083720316160176,0.011860409529982319
35,0.008646449768338066,0.008946617259793383,0.0069877206585140916,0.005896207196099668,0.004913458790463461,0.003939013912522238,0.0019571932835774305,0.0027867426369974496,0.0035670505785922375,0.0007803079415947873,0.13102994236058702,0.049528592998362375,0.04941127011518319,0.04941127011518319,0.03741927583638998,0.03741927583638998,0.0119919942787932,0.38125041390560466,0.11062385888599528,0.08150134936222464,0.0119919942787932
36,0.007549015759279773,0.007879792879810584,0.006118899688803383,0.005226523059722335,0.0043560903873320995,0.0035000666451944036,0.0017264564145279314,0.0024918188288605555,0.003184823884245214,0.0006930050553846585,0.13191437344000195,0.049822171990898986,0.04994632770197203,0.04994632770197203,0.0378372872319396,0.0378372872319396,0.012109040470032417,0.3822985720043818,0.1113608777045648,0.08209220144910298,0.012109040470032417
37,0.006590871451371187,0.00693634926580218,0.00535655492210481,0.00462811200593944,0.0038580522564848683,0.003106541294016192,0.0015215707119232483,0.002224582697958574,0.00283917046781743,0.0006145877698588558,0.13269835189896032,0.050081140453078175,0.05042405128460881,0.05042405128460881,0.03821106005626868,0.03821106005626868,0.012212991228340115,0.38321640695770226,0.11201429126266463,0.08261721144588215,0.012212991228340115
38,0.00575433776715869,0.006102730728019752,0.004687969488942344,0.0040943009155563195,0.0034137653872988146,0.002754386966152658,0.0013399139494036617,0.0019831010984464595,0.0025274303407419024,0.0005443292422954427,0.13339256869985122,0.05030937605986666,0.05084992685478143,0.05084992685478143,0.03854474746096247,0.03854474746096247,0.012305179393818944,0.3840198901960179,0.11259299910113736,0.08308319263998458,0.012305179393818944
39,0.005023979512096242,0.005366733875644681,0.004101873126298515,0.0036188588306254057,0.0030180288450755923,0.0024397864351692975,0.0011790723954561082,0.0017654380607389118,0.0022469620765509964,0.0004815240158120845,0.13400671383718468,0.050510363152277214,0.05122904140589272,0.05122904140589272,0.038842212625729435,0.038842212625729435,0.012386828780163261,0.38472308561935925,0.11310506390923218,0.08349635068490747,0.012386828780163261
40,0.004386320574022488,0.004717400419258568,0.0035882937359978744,0.003196008481305879,0.0026660266744800453,0.0021591711810384395,0.0010368373002674393,0.0015696920674087152,0.0019951893081363824,0.00042549724072766723,0.1345495426617785,0.05068722401159563,0.051566085717375365,0.051566085717375365,0.03910702833484027,0.03910702833484027,0.012459057382535074,0.385338366588304,0.11355776823599352,0.08386231865018287,0.012459057382535074
41,0.0038295952703965574,0.004144912302081924,0.0031384203988706473,0.002820425406054921,0.0023533250373044268,0.001909227686267719,0.0009111977197872016,0.001394023619487986,0.001769634485517411,0.000375610866029425,0.13502894393397438,0.05084274960663575,0.051865364113595824,0.051865364113595824,0.03934248214495158,0.03934248214495158,0.012522881968644223,0.3858766106487037,0.11395767223716553,0.08418619432733863,0.012522881968644223
42,0.0033435312553077635,0.003640490837894312,0.0027444779415198807,0.0024872279167627792,0.0020758622006344643,0.0016868970719615783,0.0008003308448012007,0.0012366748619768904,0.001567942297181528,0.0003312674352046376,0.1354520077448826,0.05097942926460383,0.052130809286423434,0.052130809286423434,0.03955158568787477,0.03955158568787477,0.012579223598548636,0.3863473737085343,0.1143106709927612,0.0844725784802788,0.012579223598548636
43,0.002919159980595624,0.0031963009752228703,0.0023996128145527817,0.002191960515631466,0.0018299334633179215,0.001489369772664939,0.000702590742966527,0.0010959827938126648,0.0013878948118160013,0.0002919120180033364,0.13582509193239703,0.05109947889132401,0.052366000631000664,0.052366000631000664,0.0397370869171713,0.0397370869171713,0.012628913713829333,0.3867590453997622,0.11462205032285637,0.08472561304107304,0.012628913713829333
44,0.002548651213827718,0.0028053613803624617,0.00209778981446101,0.0019305728328121133,0.0016121726706301565,0.0013140766225764712,0.0006164962102356418,0.0009703873617846318,0.001227420080109457,0.000257032718324825,0.13615388600974174,0.05120486750276899,0.052574184852773063,0.052574184852773063,0.0399014843362432,0.0399014843362432,0.012672700516529833,0.3871189873219451,0.11489654034235405,0.08494901850697278,0.012672700516529833
45,0.002225168559764969,0.002461460708827553,0.0018336990374584246,0.001699395708881341,0.0014195316064998021,0.0011586774515148883,0.0005407182573664527,0.0008584355334739854,0.0010845956520690362,0.00022616011859505065,0.13644347193466355,0.05129734193430433,0.05275829786478948,0.05275829786478948,0.0400470424405109,0.0400470424405109,0.012711255424278556,0.3874336557941142,0.11513836624294857,0.08514613000035925,0.012711255424278556
46,0.0019427433194871078,0.002159080193999941,0.0016026723706528071,0.0014951156809481696,0.001249258258036918,0.001021048060365416,0.0004740676205827536,0.0007587822626203965,0.0009576482149394161,0.0001988659523190194,0.13669838129099576,0.0513784496729093,0.052920987212599836,0.052920987212599836,0.04017580777053199,0.04017580777053199,0.012745179442067813,0.38770871064973295,0.11535129598392355,0.08531993161808649,0.012745179442067813
47,0.0016961643597060518,0.0018933225054049768,0.0014006087872417482,0.0013147488335544127,0.001098874708077684,0.0008992662564831945,0.00041548257707121823,0.0006701891012635296,0.0008449503394305499,0.0001747612381670201,0.136922648643138,0.051449559815996714,0.05306463444484075,0.05306463444484075,0.04028962510992505,0.04028962510992505,0.012775009334915667,0.38794911150533085,0.11553868472262908,0.0854730888271413,0.012775009334915667
48,0.0014808819602048992,0.0016598467030959935,0.0012239077052852462,0.0011556147348921711,0.0009661552189636363,0.0007915974740447246,0.00036401726084744657,0.0005915210755245945,0.0007450151355218501,0.00015349405999725543,0.13711986096817116,0.051511882202557396,0.05319137699575533,0.05319137699575533,0.04039015347511458,0.04039015347511458,0.01280122352064072,0.3881592028234171,0.11570351592884073,0.08560797876561378,0.01280122352064072
49,0.001292923865255816,0.0014548090277583235,0.0010694096844202992,0.0010153109858547897,0.0008491049169549268,0.0006964803775394613,0.0003188306083153285,0.0005217423243687523,0.0006564894609303897,0.0001347471365616373,0.137293203178405,0.05156648479168451,0.05330312926608361,0.05330312926608361,0.04047888163644327,0.04047888163644327,0.012824247629640309,0.3883427889792099,0.11584843921168528,0.0857267183867205,0.012824247629640309
50,0.0011288219900502702,0.0012748092093576831,0.0009343437644405159,0.0008916887559579871,0.0007459393647980693,0.0006125127439809986,0.00027917601197698853,0.00045991090122133254,0.0005781461924381283,0.00011823529121679575,0.1374454998262832,0.05161430938293181,0.05340160268522317,0.05340160268522317,0.04055714298509858,0.04055714298509858,0.012844459700124555,0.3885032004318729,0.11597580494922852,0.08583119044335141,0.012844459700124555
51,0.000985548429774659,0.0011168419432999119,0.0008162807886037955,0.0007828295592685397,0.0006550652143003783,0.0005384378370531581,0.00024439172221538157,0.00040517305489341115,0.0005088759596434424,0.00010370290475003116,0.1375792531396769,0.05165618578472836,0.05348832461408889,0.05348832461408889,0.04062612962028178,0.04062612962028178,0.012862194993807073,0.388643351996539,0.11608769585394822,0.08592306735494856,0.012862194993807073
52,0.0008604595906109522,0.0009782531664786576,0.0007130920989044748,0.0006870234292562277,0.0005750620564727771,0.0004731314208811932,0.00021389200837503458,0.0003567572369193936,0.00044767864941056907,0.00009092141249117543,0.13769667757356718,0.05169284454306067,0.0535646560080354,0.0535646560080354,0.04068690557851579,0.04068690557851579,0.012877750429519578,0.38876579411482953,0.11618595563609328,0.08600383303050653,0.012877750429519578
53,0.0007512474118026391,0.0008567007618032167,0.000622913037484524,0.0006027485789646437,0.0005046655298404821,0.0004155895095068576,0.00018715906945778604,0.00031396802523330386,0.0003936549146052543,0.00007968688937195039,0.13779973108795562,0.051724928344316926,0.053631807805446984,0.053631807805446984,0.0407404191640537,0.0407404191640537,0.012891388641393255,0.3888727579296652,0.1162722149445642,0.08607480274363871,0.012891388641393255
54,0.0006558967787661503,0.0007501193253224214,0.000544110735814495,0.0005286525779122954,0.00044275170451560283,0.0003649169079579755,0.0001637356699543199,0.00027618010736835114,0.00034599786013805037,0.00006981775276969922,0.13789014337480032,0.051753002204735596,0.05369085604263777,0.05369085604263777,0.040787514367838694,0.040787514367838694,0.012903341674799047,0.38896619488528783,0.11634791477404027,0.08613714117006474,0.012903341674799047
55,0.0005726483414612159,0.0006566886421659679,0.00047525571982341534,0.0004635350362225849,0.0003883227277858837,0.0003203165699335521,0.00014321846628903277,0.0002428324284804741,0.00030398503066583754,0.00006115260218536345,0.13796944126148716,0.051777562555228744,0.05374275572165848,0.05374275572165848,0.04082894138394395,0.04082894138394395,0.012913814337714501,0.38904781149566,0.11641432752971761,0.08619187870625844,0.012913814337714501
56,0.0004999660519680616,0.0005748055341019936,0.0004150969038385823,0.00040633175677550414,0.0003404936940018604,0.00028107977380680124,0.00012525198296870285,0.00021342257907064246,0.00026697078557207435,0.000053548206501431876,0.13803897151692054,0.0517990453251721,0.053788353476258356,0.053788353476258356,0.04086536624821602,0.04086536624821602,0.012922987228042306,0.38911909985363347,0.11647257593888549,0.08623992619174847,0.012922987228042306
57,0.0004365088222951923,0.0005030587609399944,0.0003625395883994997,0.00035610029532127284,0.0002984806855590448,0.00024657710140537064,0.00010952319391590218,0.00018750147308505284,0.00023437911635870788,0.000046877643273655025,0.13809992128043688,0.0518178331226174,0.05382839909409417,0.05382839909409417,0.040897379635076614,0.040897379635076614,0.01293101945901752,0.38918136438920925,0.11652364999298577,0.08628208815781949,0.01293101945901752
58,0.0003811057794654179,0.0004402066790617565,0.00031662611637911807,0.0003120068545729712,0.0002615899212397832,0.00021625019163616196,0.00009575666293680918,0.00016466834804289204,0.0002056969378781432,0.00004102858983525118,0.13815333632473506,0.05183426160170479,0.053863555961547974,0.053863555961547974,0.04092550485603937,0.04092550485603937,0.012938051105508568,0.3892357453274692,0.11656842209581962,0.0863190747230303,0.012938051105508568
59,0.0003327346613024995,0.00038515738211818476,0.00027651887821018606,0.000273314429738514,0.00022920794185946912,0.00018960423247111333,0.00008371019726740065,0.00014456610406472572,0.00018046786666966224,0.000035901762604936516,0.138200137352921,0.05184862510114531,0.05389441050222969,0.05389441050222969,0.040950205108245805,0.040950205108245805,0.012944205393983856,0.389283239244926,0.11660766058400558,0.08635151225177572,0.012944205393983856
60,0.00029050295429102846,0.00033695107070726203,0.00024148539033775845,0.00023937211849956317,0.0002007927600534657,0.00016620114927102207,0.00007317096922854109,0.00012687698737361497,0.00015828648599212558,0.00003140949861851061,0.13824113451738176,0.05186118163073542,0.05392148068223014,0.05392148068223014,0.04097189002385551,0.04097189002385551,0.012949590658374597,0.38932471707665756,0.1166420417752845,0.08637995288664638,0.012949590658374597
61,0.00025363142547716715,0.00029474441915797357,0.00021088520135620809,0.00020960550708265733,0.00017586590034314394,0.0001456534442204052,0.00006395206286225209,0.00011131861535953041,0.00013879308708462842,0.00002747447172509801,0.1382770403351567,0.051872157276119706,0.05394522365512896,0.05394522365512896,0.040990921571961554,0.040990921571961554,0.012954302083167373,0.3893609398852082,0.11667216068929252,0.08640488305903703,0.012954302083167373
62,0.00022143974455121902,0.0002577967280443955,0.0001841584077582852,0.00018350804498764434,0.00015400525669420596,0.0001276186402287127,0.00005588940475893161,0.00009764033408535887,0.00012166886900759639,0.000024028534922237515,0.1383084811612191,0.051881750085549044,0.05396604261819165,0.05396604261819165,0.04100761936426548,0.04100761936426548,0.012958423253926137,0.38939257266541155,0.11669854057434399,0.08642673107567009,0.012958423253926137
63,0.00019333393081971814,0.00022545767051458126,0.00016081558598259122,0.00016063332350039268,0.00013483869712398413,0.00011179428257947213,0.00004883904092092055,0.00008561989471161496,0.0001066315745141011,0.000021011679802486133,0.13833600736796725,0.05189013349626288,0.05398429294854279,0.05398429294854279,0.041022265414378284,0.041022265414378284,0.012962027534164472,0.38942019642657527,0.11672164136284813,0.0864458738717044,0.012962027534164472
64,0.00016879539344644623,0.00019715645879874404,0.00014042896967530447,0.00014058817681801114,0.00011803834813158169,0.00009791345252481997,0.00004267472429319116,0.00007506043234779009,0.00009343153627859943,0.000018371103930809333,0.13836010236649232,0.05189745935240102,0.05400028768471991,0.05400028768471991,0.04103510839858503,0.04103510839858503,0.012965179286134845,0.3894443187644726,0.11674186716741672,0.08646264301409132,0.012965179286134845
65,0.0001473713627397819,0.00017239227428472034,0.00012262472097439834,0.00012302652906415496,0.00010331549550859207,0.00008574074864667268,0.000037285780417482285,0.00006578772898939364,0.00008184810606294953,0.00001606037707355587,0.138381190593015,0.051903860561045,0.0540143024151617,0.0540143024151617,0.0410463674634372,0.0410463674634372,0.012967934951724467,0.3894653831099239,0.11675957291963646,0.08647733003197004,0.012967934951724467
66,0.0001286665359305019,0.00015072582028911248,0.00010707616237483651,0.00010764391536818807,0.00009041604220279807,0.00007506869391540735,0.00003257522145278072,0.000057647741216505605,0.00007168643869930589,0.000014038697482800281,0.13839964457237464,0.05190945342810762,0.05402657963107114,0.05402657963107114,0.041056235622785604,0.041056235622785604,0.0129703440082855,0.38948377681807,0.11677507024396275,0.08649019114426704,0.0129703440082855
67,0.00011233578329316896,0.00013177187111912368,0.0000934978515328479,0.00009417261029604648,0.00007911646817378199,0.00006571452879889631,0.00002845808149715015,0.000050504373005349376,0.00006277460285226814,0.000012270229846918751,0.13841579115967986,0.05191433971132554,0.054037332596876035,0.054037332596876035,0.04106488278396808,0.04106488278396808,0.01297244981290792,0.38949983824242623,0.11678863265029317,0.08650145144835435,0.01297244981290792
68,0.00009807778002903598,0.00011519270424788293,0.00008164039540047692,0.00008237730208137764,0.00006922024146427077,0.000057517353375100827,0.000024859948706276804,0.00004423747417235089,0.000054960991177480284,0.000010723517005129387,0.13842991705122426,0.05191860842355011,0.054046748787303873,0.054046748787303873,0.041072458439918885,0.041072458439918885,0.012974290347384959,0.38951386292015616,0.11680050012051924,0.08651130862767419,0.012974290347384959
69,0.00008562944640996603,0.00010069231446771703,0.0000712859125222331,0.00007205125618747612,0.0000605546339167943,0.00005033558407809729,0.00002171567210937883,0.00003874104549699173,0.00004811200355355306,9.370958056561332e-6,0.13844227364653647,0.05192233741585605,0.0540549929359805,0.0540549929359805,0.041079094061044735,0.041079094061044735,0.012975898874935728,0.3895261089794662,0.11681088315673888,0.08651993623068045,0.012975898874935728
70,0.00007476109359639342,0.00008801131980567228,0.00006224406333633103,0.00006301291664434684,0.000052967899022674505,0.00004404469338391125,0.000018968223260435586,0.00003392163234959122,0.00004210997839738756,8.188346047796345e-6,0.1384530813349646,0.05192559476667246,0.05406220973651353,0.05406220973651353,0.04108490521786928,0.04108490521786928,0.012977304518644211,0.3895368018663445,0.1168199663518264,0.08652748656829216,0.012977304518644211
71,0.00006527218556300503,0.00007692247885485618,0.00005434857805391337,0.00005510289828974234,0.0000463267732524313,0.00003853520336281483,0.000016567694926927508,0.000029696889599640922,0.00003685134857763103,7.15445897799011e-6,0.13846253327246125,0.05192844000016152,0.054068526233273136,0.054068526233273136,0.04108999346272172,0.04108999346272172,0.01297853277055138,0.38954613847584496,0.1168279115366798,0.08653409327229974,0.01297853277055138
72,0.000056987638933854394,0.00006722674806850665,0.00004745422027849191,0.000048181327458910524,0.000040514265853437686,0.0000337109065489243,0.000014470420909986219,0.00002599430163458132,0.00003224500003869396,6.25069840411264e-6,0.13847079870720472,0.051930925154400565,0.05407405393555978,0.05407405393555978,0.041094447996161666,0.041094447996161666,0.012979605939398078,0.38955429076255305,0.11683486055266767,0.08653987355280417,0.012979605939398078
73,0.000049754592453788257,0.000058749815556548045,0.000041434132100044685,0.000042125492792435744,0.00003542770549521626,0.000029487289978841667,0.000012638202813594076,0.000022750042428048133,0.000028210812879175947,5.460770451127815e-6,0.13847802590632355,0.05193309571753706,0.05407889068556558,0.05407889068556558,0.04109834714140685,0.04109834714140685,0.012980543544158694,0.3895614088955948,0.1168409376925457,0.0865449301887865,0.012980543544158694
74,0.00004343958648849975,0.00005133905509110146,0.00003617751306737449,0.000036827771654966445,0.000030977015288153296,0.000025790140511429693,0.000011037631143536749,0.00001990796172280763,0.000024678366249616657,4.770404526809026e-6,0.1384843447302424,0.0519349914479591,0.054083122307497455,0.054083122307497455,0.04110175964777106,0.04110175964777106,0.012981362659726364,0.38956762401540984,0.11684625184836997,0.08654935328228333,0.012981362659726364
75,0.00003792610051111324,0.00004486085043987984,0.000031587591310891217,0.000032193801179175305,0.000027083190597947582,0.000022554311650913085,9.639489528262214e-6,0.000017418684508730234,0.000021585790013261807,4.167105504531575e-6,0.13848986889599066,0.05193664709263063,0.054086824062434896,0.054086824062434896,0.04110474584202948,0.04110474584202948,0.012982078220405384,0.38957305064236997,0.11685089840066319,0.08655322180336004,0.012982078220405384
76,0.000033112403138548874,0.000039198245873157405,0.0000275798502479119,0.00002814086617518159,0.000023676956731451676,0.000019722634051451634,8.418232123729953e-6,0.000015238812059827025,0.00001887874762761879,3.6399355677917687e-6,0.13849469796616753,0.051938093016059866,0.054090061930936885,0.054090061930936885,0.041107358644705785,0.041107358644705785,0.012982703286231065,0.3895777887810665,0.11685496087925289,0.08655660495010768,0.012982703286231065
77,0.000028909675047886903,0.000034248883795655754,0.00002408047883621148,0.00002459647908686096,0.000020697585989075564,0.000017244953683532888,7.35152540332807e-6,0.000013330213832310373,0.000016509536139044358,3.1793223067339846e-6,0.13849891909609383,0.05193935575087843,0.05409289374308103,0.05409289374308103,0.04110964446651476,0.04110964446651476,0.012983249276566234,0.38958192575860373,0.1168585124227626,0.0865595633452154,0.012983249276566234
78,0.000025240370137962796,0.00002992319499956332,0.000021025017322383853,0.000021497129847186376,0.000018091855776480855,0.000015077283294520775,6.419846552665599e-6,0.000011659400508336006,0.000014436290528299401,2.7768900199633945e-6,0.13850260856795685,0.05194045847968893,0.05409537017350189,0.05409537017350189,0.0411116439985896,0.0411116439985896,0.012983726174912244,0.38958553783042915,0.11686161706066096,0.08656215008826794,0.012983726174912244
79,0.00002203678469737521,0.000026142811074906823,0.000018357173925003743,0.000018787185901219123,0.000015813131457327892,0.000013181054303231767,5.606131597987355e-6,0.000010196969391748304,0.000012622280897172601,2.425311505424296e-6,0.13850583313743392,0.05194142145667183,0.05409753561708114,0.05409753561708114,0.041113392908665856,0.041113392908665856,0.012984142708415239,0.3895886915830275,0.11686433083902743,0.08656441168076212,0.012984142708415239
80,0.000019239808178092974,0.00002283917210010824,0.000016027790956725085,0.000016417924844940274,0.00001382055942361393,0.00001152245763874996,4.895467206190312e-6,8.91711421983259e-6,0.00001103529214347865,2.118177923646059e-6,0.1385086512153191,0.05194226237641152,0.05409942895921571,0.05409942895921571,0.041114922454074616,0.041114922454074616,0.012984506505141052,0.38959144515911626,0.11686670280874603,0.0865663888389076,0.012984506505141052
81,0.000016797832524719636,0.000019952305915940815,0.000013993941575834638,0.000014346684088535877,0.000012078357475218565,0.000010071863275036632,4.274820813499245e-6,7.797192247969756e-6,9.647076834986272e-6,1.8498845870165148e-6,0.13851111390404586,0.05194299669649245,0.05410108425303723,0.05410108425303723,0.04111626002120759,0.04111626002120759,0.0129848242318296,0.38959384932775976,0.11686877589265958,0.08656811720755342,0.0129848242318296
82,0.000014665799935043682,0.00001742975810323115,0.000012218140712005338,0.000012536113711687385,0.000010555191050109485,8.803309333950431e-6,3.732804377736954e-6,6.817342192967505e-6,8.432872964891509e-6,1.6155307719240036e-6,0.13851326590665913,0.051943637919614476,0.054102531314562476,0.054102531314562476,0.04111742960004479,0.04111742960004479,0.012985101714517652,0.38959594841899614,0.11687058764628086,0.08656962798704468,0.012985101714517652
83,0.000012804371481749678,0.000015225654277572065,0.000010667655773371857,0.00001095352025307944,9.223625145324451e-6,7.694052638973141e-6,3.2594676141062996e-6,5.96014728762901e-6,7.370979156306084e-6,1.4108318686770742e-6,0.1385151463237159,0.051944197840271135,0.05410379624550721,0.05410379624550721,0.04111845220137374,0.04111845220137374,0.012985344044133441,0.38959778114010296,0.11687217092493837,0.08657094848344477,0.012985344044133441
84,0.00001117920125521991,0.000013299878518328665,9.31390454816182e-6,9.570290583216325e-6,8.059642929811242e-6,6.724173509082788e-6,2.8461170741335378e-6,5.210338306529515e-6,6.442380685661439e-6,1.2320423791319244e-6,0.13851678935175385,0.05194468676041325,0.05410490189238065,0.05410490189238065,0.04111934622346688,0.04111934622346688,0.012985555668913743,0.38959938128846894,0.11687355446871017,0.08657210259134061,0.012985555668913743
85,9.760302634365076e-6,0.000011617353696191529,8.131929295332295e-6,8.361386264353939e-6,7.042223086233082e-6,5.876228395455594e-6,2.485157868898346e-6,4.554531974242431e-6,5.630420420194794e-6,1.0758884459523624e-6,0.13851822489534132,0.05194511367797437,0.054105868249483505,0.054105868249483505,0.04112012777421286,0.04112012777421286,0.012985740475270614,0.38960077837415114,0.11687476341514964,0.08657311121736698,0.012985740475270614
86,8.521494992311048e-6,0.000010147411182109843,7.09993740261471e-6,7.304899918543848e-6,6.152968841889176e-6,5.134944691287662e-6,2.169955227256187e-6,3.981000665940526e-6,4.920509418274555e-6,9.395087523340296e-7,0.13851947910328097,0.051945486451654706,0.05410671281254653,0.05410671281254653,0.041120810954009,0.041120810954009,0.012985901858537506,0.3896019981635454,0.11687581974861258,0.0865739926516263,0.012985901858537506
87,7.4399206279023375e-6,8.86323893633549e-6,6.1989002013794626e-6,6.381666118055416e-6,5.37578247007512e-6,4.48695269485343e-6,1.8947134232019864e-6,3.4794697600994013e-6,4.299872528777436e-6,8.204027686780347e-7,0.13852057483826874,0.051945811944938795,0.054107450888959276,0.054107450888959276,0.041121408104108886,0.041121408104108886,0.012986042784850356,0.38960306315415577,0.11687674269393887,0.08657476289332999,0.012986042784850356
88,6.4956230097455025e-6,7.741398312548068e-6,5.412202587175322e-6,5.574920194351105e-6,4.696579772781502e-6,3.920550285328182e-6,1.6543699090229235e-6,3.0409394076873442e-6,3.7573248525021173e-6,7.163854448147732e-7,0.13852153208818646,0.051946096151952274,0.05410809586983859,0.05410809586983859,0.0411219300245729,0.0411219300245729,0.012986165845265659,0.3896039929891859,0.11687754906130939,0.08657543593623422,0.012986165845265659
89,5.671178550816266e-6,6.761401089183627e-6,4.72533702146627e-6,4.86999914386477e-6,4.103039703027231e-6,3.4254963867567446e-6,1.4445027571080253e-6,2.65752784541983e-6,3.28307539996689e-6,6.255475545470606e-7,0.13852236832621562,0.05194634430743863,0.05410865946856647,0.05410865946856647,0.041122386165484054,0.041122386165484054,0.012986273303082382,0.389604804819574,0.1168782535482753,0.08657602401877702,0.012986273303082382
90,4.951375119366509e-6,5.9053392765082e-6,4.1256363004764026e-6,4.254079501598366e-6,3.5843848589591956e-6,2.9928297541956584e-6,1.2612497474027079e-6,2.3223337059519985e-6,2.868554700918042e-6,5.462209949660443e-7,0.1385230988260872,0.0519465609828522,0.05410915192987646,0.05410915192987646,0.04112278479466087,0.04112278479466087,0.012986367135215563,0.38960551362012713,0.11687886900423075,0.08657653784323503,0.012986367135215563
91,4.322931354216144e-6,5.157561160005795e-6,3.6020401856401934e-6,3.7159476665784356e-6,3.1311890899575118e-6,2.614710023327045e-6,1.1012376432513907e-6,2.029315068679033e-6,2.5062634962104667e-6,4.769484275314341e-7,0.13852373693801245,0.05194675017031431,0.0541095822130816,0.0541095822130816,0.04112313314471676,0.04112313314471676,0.012986449068364807,0.3896061324655722,0.11687940666195959,0.08657698676769816,0.012986449068364807
92,3.7742516054117873e-6,4.5043878428249425e-6,3.1448916096399475e-6,3.245798705167783e-6,2.7352089044685687e-6,2.2842783260787497e-6,9.615203790890337e-7,1.773183254322727e-6,2.189639976838585e-6,4.164567225158582e-7,0.13852429433016245,0.0519469153559608,0.05410995815260603,0.05410995815260603,0.04112343754197706,0.04112343754197706,0.012986520610628938,0.38960667277160005,0.11687987634032308,0.08657737897420166,0.012986520610628938
93,3.2952119785710606e-6,3.93386525525818e-6,2.7457587135286825e-6,2.8350601369354776e-6,2.389235766563297e-6,1.995535094852278e-6,8.395250420831996e-7,1.5493095977052436e-6,1.9129433318980215e-6,3.6363373419277827e-7,0.13852478119996822,0.051947059584017664,0.05411028659860256,0.05411028659860256,0.041123703519465205,0.041123703519465205,0.012986583079137314,0.3896071445053415,0.11688028662165875,0.08657772161595058,0.012986583079137314
94,2.8769735351370414e-6,3.4355472189670985e-6,2.3972794437425785e-6,2.4762376302937646e-6,2.086966719066836e-6,1.7432329612734245e-6,7.330046690203401e-7,1.3536436388357561e-6,1.6711516309269406e-6,3.1750799209118475e-7,0.13852520645898878,0.051947185512773976,0.05411057354010234,0.05411057354010234,0.04112393591590486,0.04112393591590486,0.012986637624197443,0.3896075563691485,0.11688064500702373,0.0865780209462148,0.012986637624197443
95,2.511819201831186e-6,3.0003056980596087e-6,2.09302585145074e-6,2.1627799077382997e-6,1.8228910807226595e-6,1.5227829059352588e-6,6.39997001803041e-7,1.182641355233878e-6,1.4598722998742326e-6,2.7723094464035483e-7,0.13852557789463332,0.051947295463474326,0.05411082421284698,0.05411082421284698,0.041124138962450686,0.041124138962450686,0.012986685250396255,0.3896079159610651,0.1168809580520316,0.086578282431159,0.012986685250396255
96,2.1930113800603047e-6,2.6201648471586687e-6,1.8273855981574746e-6,1.8889604889436848e-6,1.5921912378964654e-6,1.3301720370028059e-6,5.587884519408789e-7,1.033202220644992e-6,1.2752636570284682e-6,2.4206143638347644e-7,0.1385259023116195,0.05194739146302459,0.054111043193691956,0.054111043193691956,0.04112431635865397,0.04112431635865397,0.01298672683503795,0.38960822991494276,0.11688123148569371,0.0865785108485949,0.01298672683503795
97,1.914667627975728e-6,2.288155886217073e-6,1.5954584873178105e-6,1.6497741892340133e-6,1.3906557919592493e-6,1.161891571035108e-6,4.878826181989053e-7,9.026140191215281e-7,1.1139661584855274e-6,2.113521393639994e-7,0.13852618565569283,0.051947475281292385,0.05411123448324051,0.05411123448324051,0.04112447133898706,0.04112447133898706,0.012986763144253408,0.3896085040227824,0.1168814703143794,0.08657871037440044,0.012986763144253408
98,1.6716521213480394e-6,1.998190200050762e-6,1.3929661176870825e-6,1.4408465455867482e-6,1.2146035354357176e-6,1.0148737618630624e-6,4.259727837236859e-7,7.885044708106652e-7,9.730421647303826e-7,1.8453769391971749e-7,0.13852643312182122,0.051947548463685114,0.054111401578164284,0.054111401578164284,0.04112460673108993,0.04112460673108993,0.012986794847074313,0.3896087433415555,0.1168816789127482,0.0865788846581361,0.012986794847074313
99,1.4594808905615575e-6,1.7449483835811888e-6,1.2161729952199671e-6,1.2583545663628804e-6,1.0608169165805954e-6,8.864366754464115e-7,3.719178909164691e-7,6.887988384789812e-7,8.499231830020598e-7,1.611243445230787e-7,0.13852664924880306,0.05194761235960267,0.05411154753448899,0.05411154753448899,0.04112472500676055,0.04112472500676055,0.012986822527728401,0.38960895228647313,0.11688186110327851,0.08657903688920038,0.012986822527728401
100,1.274239085221052e-6,1.5237832370638013e-6,1.0618176509549587e-6,1.0989573979668908e-6,9.264838162040357e-7,7.742358426500284e-7,3.247215553168625e-7,6.016827834227975e-7,7.423636664076876e-7,1.4068088298489027e-7,0.138526838001988,0.05194766814728631,0.05411167502296644,0.05411167502296644,0.04112482832658632,0.04112482832658632,0.01298684669638008,0.38960913471242237,0.11688202022581601,0.0865791698547017,0.01298684669638008
101,1.1125087397891492e-6,1.3306349639557737e-6,9.270524963081826e-7,9.597356748061792e-7,8.091466049328118e-7,6.762219399069621e-7,2.8351373489921724e-7,5.255698274049122e-7,6.484005621430999e-7,1.2283073473818787e-7,0.1385270028455977,0.05194771685551961,0.0541117863775164,0.0541117863775164,0.041124918579003834,0.041124918579003834,0.012986867798512528,0.38960929398507,0.11688215919838844,0.0865792859900781,0.012986867798512528
102,9.713057074312956e-7,1.1619570417898103e-6,8.093913079150207e-7,8.38138471061823e-7,7.066575759962919e-7,5.906037516256842e-7,2.475347194361388e-7,4.5907285492310124e-7,5.66317899357274e-7,1.072450444341728e-7,0.13852714680594894,0.051947759382579846,0.05411188363760072,0.05411188363760072,0.04112499741447795,0.04112499741447795,0.012986886223122739,0.3896094330429444,0.11688228057037918,0.08657938742336908,0.012986886223122739
103,8.480245984111696e-7,1.0146514272130145e-6,7.066633745365715e-7,7.31936906399854e-7,6.171399601314547e-7,5.158157595993958e-7,2.1612114680045819e-7,4.0097915861791175e-7,4.946157936795431e-7,9.363663506163137e-8,0.1385272725267196,0.05194779651278776,0.05411196858528562,0.05411196858528562,0.041125066275406186,0.041125066275406186,0.012986902309879403,0.3896095544516406,0.11688238656901558,0.08657947601393183,0.012986902309879403
104,7.403907070743674e-7,8.860119235129198e-7,6.169734611585109e-7,6.391835750566347e-7,5.389538271395672e-7,4.5048978505018243e-7,1.8869379000645224e-7,3.5022859100906564e-7,4.3198332156224195e-7,8.175473055317633e-8,0.13852738231725556,0.05194782893095978,0.054112042777654676,0.054112042777654676,0.04112512642227998,0.04112512642227998,0.012986916355374663,0.38960966045114676,0.1168824791400096,0.08657955338629578,0.012986916355374663
105,6.464180404072362e-7,7.736746853832185e-7,5.386668524972952e-7,5.581770706792933e-7,4.7066626461814433e-7,3.934301795895374e-7,1.647468910897558e-7,3.05894438942088e-7,3.772747845797953e-7,7.138034563770735e-8,0.13852747819479183,0.05194785723502828,0.05411210757515291,0.05411210757515291,0.04112517895656863,0.04112517895656863,0.012986928618584246,0.38960975299716594,0.11688255998308367,0.08657962095976353,0.012986928618584246
106,5.643726737401639e-7,6.755749639261881e-7,4.7029883165490265e-7,4.874309696205321e-7,4.1102529986734966e-7,3.435921234510524e-7,1.438388461694796e-7,2.671666839595841e-7,3.2948894273771095e-7,6.232225877812683e-8,0.13852756192135243,0.051947881947061944,0.054112164166370595,0.054112164166370595,0.04112522484073447,0.04112522484073447,0.012986939325636092,0.3896098337971938,0.11688263058302335,0.08657967997429046,0.012986939325636092
107,4.927407574577585e-7,5.899093071856532e-7,4.106080313432306e-7,4.2564671460186884e-7,3.5893709719497636e-7,3.00062643870875e-7,1.2558407073099379e-7,2.3333735302390529e-7,2.8775084763130506e-7,5.4413494607399754e-8,0.13852763503599788,0.05194790352288887,0.05411221358971201,0.05411221358971201,0.041125264915737064,0.041125264915737064,0.012986948673974909,0.3896099043420186,0.11688269223681834,0.08657973151310898,0.012986948673974909
108,4.302005843958123e-7,5.151025298199577e-7,3.584931664313047e-7,3.716899101160279e-7,3.1344602093515625e-7,2.620440143592108e-7,1.096458957568171e-7,2.0378770026679814e-7,2.5129595179680253e-7,4.750825153000436e-8,0.13852769888300506,0.05194792236049948,0.054112256752339154,0.054112256752339154,0.041125299916340015,0.041125299916340015,0.0129869568359991,0.3896099659332233,0.11688274607738292,0.08657977652250556,0.0129869568359991
109,3.7559820253019e-7,4.4977885158583886e-7,3.129927188619793e-7,3.2456960182385864e-7,2.73717205437864e-7,2.2883923761938624e-7,9.57303642044724e-8,1.7797699231045733e-7,2.1945621056322166e-7,4.147921825276433e-8,0.13852775463649158,0.05194793880738384,0.05411229444673192,0.05411229444673192,0.04112533048449506,0.04112533048449506,0.01298696396223683,0.3896100197071982,0.11688279309428605,0.08657981582910772,0.01298696396223683
110,3.279261229782812e-7,3.9273667962736647e-7,2.7326720038382294e-7,2.8342016555864173e-7,2.3902131794733593e-7,1.9983935173431628e-7,8.358081382432549e-8,1.5543269771066729e-7,1.9164792780293776e-7,3.621523009227046e-8,0.13852780332193185,0.05194795316693847,0.054112327365163505,0.054112327365163505,0.0411253571810439,0.0411253571810439,0.012986970184119569,0.38961006665610604,0.11688283415186687,0.08657985015499337,0.012986970184119569
111,2.8630473044642244e-7,3.4292657547978586e-7,2.3858366604787035e-7,2.474854783008304e-7,2.0872123943255445e-7,1.7451233157546344e-7,7.297314672536694e-8,1.3574190567490762e-7,1.6736112777632136e-7,3.161922210141373e-8,0.13852784583495667,0.051947965704060545,0.054112356112352676,0.054112356112352676,0.04112538049594856,0.04112538049594856,0.012986975616404084,0.38961010764618603,0.11688287000506456,0.08657988013089613,0.012986975616404084
112,2.499660531205304e-7,2.9943200537350156e-7,2.0830219290103145e-7,2.1610508443856894e-7,1.8226042273539976e-7,1.5239338574497347e-7,6.371169869359548e-8,1.1854382081222282e-7,1.4615026228761495e-7,2.7606441475392134e-8,0.1385278829577784,0.051947976650032555,0.05411238121652184,0.05411238121652184,0.041125400857234415,0.041125400857234415,0.012986980359287399,0.3896101434337359,0.11688290131325048,0.08657990630774585,0.012986980359287399
113,2.182395925321554e-7,2.6145252288240016e-7,1.8186407453092845e-7,1.8870210649559694e-7,1.5915271745456243e-7,1.330764742210295e-7,5.562563227456744e-8,1.0352319963619897e-7,1.2762608607099312e-7,2.4102886434794156e-8,0.13852791537354106,0.05194798620678736,0.05411240313906119,0.05411240313906119,0.04112541863880754,0.04112541863880754,0.01298698450025362,0.38961017467906484,0.1168829286523139,0.08657992916675372,0.01298698450025362
114,1.905399519415357e-7,2.282890771009891e-7,1.5878151374704423e-7,1.647726809141355e-7,1.3897347730710185e-7,1.1620689366541787e-7,4.8565787248717614e-8,9.040461118464462e-8,1.1144855410959307e-7,2.1043942924948465e-8,0.13852794367885704,0.051947994550632204,0.0541124222829741,0.0541124222829741,0.041125434167287485,0.041125434167287485,0.012986988115686585,0.389610201958676,0.11688295252522152,0.08657994912822485,0.012986988115686585
115,1.6635603496434074e-7,1.993311781434046e-7,1.3862862330227125e-7,1.4387672697591578e-7,1.2135178876290056e-7,1.0147479644574831e-7,4.240193053016748e-8,7.894741871951267e-8,9.73206128106304e-8,1.8373194091117747e-8,0.13852796839475917,0.051948001835500295,0.054112439000257216,0.054112439000257216,0.041125447727979166,0.041125447727979166,0.012986991272278023,0.3896102257759031,0.1168829733712431,0.0865799665592589,0.012986991272278023
116,1.4524161514194364e-7,1.7404568552394384e-7,1.2103356867555633e-7,1.256298810125731e-7,1.0596367993293077e-7,8.860952615262517e-8,3.7020354859947934e-8,6.894139227523502e-8,8.498277292878e-8,1.6041380653544983e-8,0.13852798997626822,0.051948008195789874,0.05411245359834914,0.05411245359834914,0.04112545957009198,0.04112545957009198,0.012986994028257136,0.3896102465701966,0.11688299157401143,0.08657998178047836,0.012986994028257136
117,1.268071024508508e-7,1.5196701450775043e-7,1.056717079942856e-7,1.0969644912120804e-7,9.252618636399387e-8,7.73746670444817e-8,3.232178207672634e-8,6.020287305075794e-8,7.420836612273553e-8,1.4005493071977583e-8,0.13852800882075036,0.0519480137488431,0.05411246634576508,0.05411246634576508,0.04112546991130082,0.04112546991130082,0.012986996434464234,0.3896102647252319,0.11688300746856342,0.08657999507190729,0.012986996434464234
118,1.1071235483208896e-7,1.3268858134105858e-7,9.225960256208301e-8,9.578325003415233e-8,8.079216586107669e-8,6.756371768486084e-8,2.8219532349291483e-8,5.257142048206638e-8,6.479939928820517e-8,1.2227978806138784e-8,0.13852802527521774,0.05194801859711041,0.05411247747702,0.05411247747702,0.041125478941731776,0.041125478941731776,0.012986998535288195,0.38961028057598807,0.11688302134749137,0.08658000667810735,0.012986998535288195
119,9.666040210340075e-8,1.1585533084668615e-7,8.054978751242097e-8,8.363423592038347e-8,7.054576799638691e-8,5.899631027282008e-8,2.463792564756339e-8,4.590688145686486e-8,5.658293154735888e-8,1.067605009049401e-8,0.13852803964270524,0.05194802283004026,0.05411248719692989,0.05411248719692989,0.04112548682744485,0.04112548682744485,0.012987000369485016,0.38961029441492845,0.11688303346631625,0.086580016812665,0.012987000369485016
120,8.439196645181528e-8,1.0115720960832766e-7,7.032620612658646e-8,7.302579300600413e-8,6.159847581079165e-8,5.151490700376987e-8,2.1510886002234258e-8,4.008682869008626e-8,4.940790817699932e-8,9.321079486913061e-9,0.13852805218784062,0.05194802652572911,0.05411249568436962,0.05411249568436962,0.04112549371347707,0.04112549371347707,0.01298700197089253,0.3896103064973966,0.11688304404818145,0.08658002566211154,0.01298700197089253
121,7.36806784021618e-8,8.832346522216735e-8,6.140022359435975e-8,6.376263624386718e-8,5.3785647578718307e-8,4.498191340833803e-8,1.8780722835529143e-8,3.50043218988827e-8,4.3142393989889414e-8,8.138072091006712e-9,0.13852806314170957,0.051948029752362006,0.05411250309555585,0.05411250309555585,0.04112549972650137,0.04112549972650137,0.012987003369054452,0.3896103170463275,0.11688305328795282,0.08658003338934758,0.012987003369054452
122,6.432889998957972e-8,7.711766717764356e-8,5.360714668277077e-8,5.567422305793623e-8,4.6963495575701286e-8,3.927715615257034e-8,1.639706690536588e-8,3.0565951213779156e-8,3.7671155890148546e-8,7.105204676369384e-9,0.138528072706105,0.051948032569470434,0.05411250956691495,0.05411250956691495,0.04112550497714965,0.04112550497714965,0.012987004589765266,0.389610326256361,0.11688306135579996,0.08658004013663459,0.012987004589765266
123,5.6164078067825373e-8,6.733335811326247e-8,4.680318510943674e-8,4.8611620629265875e-8,4.100644672009923e-8,3.429567937712419e-8,1.4315941252141679e-8,2.6690127339873247e-8,3.289355063123426e-8,6.20342329136101e-9,0.13852808105723846,0.05194803502903047,0.05411251521758833,0.05411251521758833,0.041125509562042334,0.041125509562042334,0.012987005655545968,0.3896103342974329,0.1168830684003243,0.08658004602820801,0.012987005655545968
124,4.9035560466909073e-8,5.8790255716585305e-8,4.0862798564227554e-8,4.244476944662728e-8,3.580483689856911e-8,2.994581942293437e-8,1.2498950023692903e-8,2.330558742720055e-8,2.8721679325063886e-8,5.416091897863333e-9,0.13852808834898156,0.05194803717642166,0.05411252015162092,0.05411252015162092,0.04112551356556143,0.04112551356556143,0.012987006586059462,0.3896103413179106,0.11688307455129131,0.08658005117255992,0.012987006586059462
125,4.2811816253801386e-8,5.133093560850455e-8,3.5676380436525785e-8,3.7060093063892233e-8,3.126289685267073e-8,2.6147522838603405e-8,1.0912570225288827e-8,2.0350089500688916e-8,2.5078775080970222e-8,4.728685580281301e-9,0.13852809471569696,0.05194803905126416,0.05411252445987282,0.05411252445987282,0.041125517061399545,0.041125517061399545,0.012987007398473246,0.3896103474473304,0.11688307992201684,0.08658005566443283,0.012987007398473246
126,3.737800880620352e-8,4.4817934353197105e-8,3.1148235516272386e-8,3.235841031803748e-8,2.729699281014089e-8,2.2830876980342865e-8,9.527533337694615e-9,1.7769271706011033e-8,2.189779437910461e-8,4.128522673093573e-9,0.13852810027471094,0.0519480406881497,0.054112528221689084,0.054112528221689084,0.04112552011391297,0.04112552011391297,0.012987008107776083,0.3896103527987875,0.11688308461145136,0.08658005958656126,0.012987008107776083
127,3.2633876919262305e-8,3.913121942636089e-8,2.7194814359823123e-8,2.8253111779627075e-8,2.383408968409545e-8,1.9934826377425576e-8,8.318285402201499e-9,1.5515655608240483e-8,1.9120186479733082e-8,3.604530871492597e-9,0.1385281051284725,0.0519480421172797,0.05411253150635824,0.05411253150635824,0.04112552277930372,0.04112552277930372,0.012987008727054484,0.3896103574710228,0.11688308870600028,0.08658006301119281,0.012987008727054484
128,2.849188484874055e-8,3.4165979695166716e-8,2.3743171746363043e-8,2.466856703132372e-8,2.0810408720048656e-8,1.7406051413822867e-8,7.262515617500855e-9,1.354777538828003e-8,1.669481840348996e-8,3.1470430152099304e-9,0.13852810936643925,0.05194804336502251,0.05411253437438621,0.05411253437438621,0.041125525106652065,0.041125525106652065,0.012987009267734115,0.3896103615502449,0.11688309228111374,0.08658006600141677,0.012987009267734115
129,2.4875607156400403e-8,2.983069583593988e-8,2.072962078453961e-8,2.153873358642511e-8,1.8170255017173995e-8,1.519798883047106e-8,6.3407447559540535e-9,1.1829417063835169e-8,1.4577035845794684e-8,2.747618781959515e-9,0.1385281130667243,0.05194804445439986,0.05411253687860897,0.05411253687860897,0.041125527138818375,0.041125527138818375,0.012987009739790568,0.38961036511172065,0.11688309540267504,0.08658006861232448,0.012987009739790568
130,2.1718318555780356e-8,2.6045455246750427e-8,1.809855783830632e-8,1.880594194481264e-8,1.5864993450575988e-8,1.3269976135412065e-8,5.53596580940058e-9,1.0328953857828648e-8,1.2727842861896863e-8,2.3988890040682147e-9,0.13852811629753434,0.05194804540551157,0.05411253906516435,0.05411253906516435,0.04112552891323094,0.04112552891323094,0.012987010151933386,0.38961036822116374,0.11688309812821329,0.0865800708920228,0.012987010151933386
131,1.8961762739085158e-8,2.2740480495248737e-8,1.5801436592277555e-8,1.6419834504716507e-8,1.3852154231438273e-8,1.1586504267281872e-8,4.833330237434639e-9,9.018765583164758e-9,1.111318532171755e-8,2.0944197385527937e-9,0.13852811911842564,0.05194804623590644,0.054112540974340775,0.054112540974340775,0.041125530462574014,0.041125530462574014,0.012987010511766737,0.38961037093594736,0.11688310050796231,0.08658007288251922,0.012987010511766737
132,1.655507746835512e-8,1.9854844258912043e-8,1.3795872328297472e-8,1.4336438863686056e-8,1.209465171072236e-8,1.0116564831905887e-8,4.219874031780172e-9,7.874731439833385e-9,9.703325024627937e-9,1.8285935847945535e-9,0.13852812158140082,0.05194804696090597,0.054112542641318574,0.054112542641318574,0.041125531815388854,0.041125531815388854,0.012987010825929698,0.38961037330616277,0.11688310258578545,0.08658007462049486,0.012987010825929698
133,1.4453856097371584e-8,1.733534713677677e-8,1.2044859887164205e-8,1.251735850215122e-8,1.0560102102460173e-8,8.833079957672665e-9,3.6842785444785574e-9,6.875786955812429e-9,8.472293017552128e-9,1.5965060617397003e-9,0.13852812373186665,0.051948047593887076,0.05411254409681733,0.05411254409681733,0.04112553299659857,0.04112553299659857,0.012987011100218736,0.3896103753755436,0.1168831043999832,0.08658007613797958,0.012987011100218736
134,1.2619328208089807e-8,1.5135537701150735e-8,1.0516090886831601e-8,1.092906599262096e-8,9.220227612103388e-9,7.712404324035153e-9,3.216661668585808e-9,6.003536971017159e-9,7.3974121050708395e-9,1.393875134053682e-9,0.13852812560947042,0.051948048146528855,0.05411254536766128,0.05411254536766128,0.04112553402796661,0.04112553402796661,0.012987011339694645,0.38961037718227254,0.11688310598399852,0.08658007746294157,0.012987011339694645
135,1.101764424321687e-8,1.321485676930069e-8,9.181357599618565e-9,9.542285755943727e-9,8.050336036663846e-9,6.733890236184781e-9,2.808395519758949e-9,5.241917584619817e-9,6.458879803601329e-9,1.216962218981513e-9,0.13852812724883032,0.051948048629028104,0.0541125464772731,0.0541125464772731,0.04112553492849716,0.04112553492849716,0.012987011548775915,0.3896103787596862,0.11688310736703267,0.08658007861980221,0.012987011548775915
136,9.61925093542396e-9,1.153789015639712e-8,8.016032489767527e-9,8.33145502730998e-9,7.0288662851954366e-9,5.87950777150824e-9,2.4519472558017426e-9,4.576900878780923e-9,5.639404096049902e-9,1.0625032172689804e-9,0.13852812868017317,0.05194804905028743,0.05411254744610507,0.05411254744610507,0.0411255357147848,0.0411255357147848,0.012987011731320247,0.3896103801368898,0.11688310857458308,0.08658007962988575,0.012987011731320247
137,8.398346009004766e-9,1.0073716163763621e-8,6.998613808599544e-9,7.274253128678116e-9,6.136991475626362e-9,5.133513030738742e-9,2.1407400979393763e-9,3.996237012269536e-9,4.9238853085429516e-9,9.27648296273417e-10,0.1385281299298914,0.05194804941807952,0.054112548292015686,0.054112548292015686,0.04112553640131993,0.04112553640131993,0.01298701189069573,0.3896103813392947,0.11688310962891302,0.08658008051181192,0.01298701189069573
138,7.332402092477238e-9,8.795335797162956e-9,6.1103288632632004e-9,6.351190397171707e-9,5.358272319002043e-9,4.4821584070107065e-9,1.869031990161003e-9,3.4892289596753993e-9,4.299138274412243e-9,8.099093147368451e-10,0.13852813102102937,0.05194804973919053,0.054112549030598485,0.054112549030598485,0.04112553700075548,0.04112553700075548,0.012987012029842974,0.3896103823890868,0.11688311054946174,0.08658008128183887,0.012987012029842974
139,6.40175105766282e-9,7.679175230302356e-9,5.33478763914943e-9,5.545249213564117e-9,4.678354424038754e-9,3.913439555291445e-9,1.6318096582726733e-9,3.0465357682486846e-9,3.75364968782655e-9,7.071139195778668e-10,0.13852813197370792,0.05194805001954533,0.054112549675469225,0.054112549675469225,0.041125537524139825,0.041125537524139825,0.012987012151329372,0.38961038330563613,0.11688311135320259,0.08658008195416264,0.012987012151329372
140,5.589221115728693e-9,6.704651356787683e-9,4.657680385073937e-9,4.841570531201791e-9,4.084703960301742e-9,3.4168744168659875e-9,1.4246961143358048e-9,2.6600007256228754e-9,3.2773661936978315e-9,6.173654680749573e-10,0.1385281328054953,0.05194805026431678,0.05411255023851668,0.05411255023851668,0.04112553798112019,0.04112553798112019,0.01298701225739646,0.3896103841058543,0.11688311205495576,0.08658008254117858,0.01298701225739646
141,4.8798199741169746e-9,5.8537924337188016e-9,4.066513581451166e-9,4.227180141072991e-9,3.5663768219853825e-9,2.9833102409105244e-9,1.2438699001624667e-9,2.3225012872160487e-9,2.8615093234437037e-9,5.390080362276555e-10,0.13852813353173088,0.051948050478021195,0.05411255073012161,0.05411255073012161,0.0411255383801203,0.0411255383801203,0.012987012350001279,0.3896103848045064,0.11688311266766135,0.08658008305370973,0.012987012350001279
142,4.2604582081713585e-9,5.110906833247837e-9,3.5503794198622118e-9,3.690749638461043e-9,3.113817049017947e-9,2.6047550583915964e-9,1.0859945800694466e-9,2.0278180102187923e-9,2.498413878090336e-9,4.705958678715438e-10,0.1385281341658079,0.05194805066460168,0.05411255115934801,0.05411255115934801,0.04112553872849549,0.04112553872849549,0.012987012430852485,0.3896103854144834,0.11688311320261788,0.08658008350120627,0.012987012430852485
143,3.7197077432880707e-9,4.462293803285505e-9,3.0997545407183953e-9,3.2223876940655666e-9,2.718680799257048e-9,2.2742305119158792e-9,9.481571821496875e-10,1.7705200889834217e-9,2.1813867899987104e-9,4.1086670101528917e-10,0.13852813471942033,0.05194805082750087,0.05411255153411009,0.05411255153411009,0.04112553903266819,0.04112553903266819,0.012987012501441865,0.3896103859470403,0.11688311366969044,0.08658008389191953,0.012987012501441865
144,3.247590991255354e-9,3.895990911361777e-9,2.706324315549014e-9,2.8134577892866413e-9,2.373682634689199e-9,1.9856433368990816e-9,8.278144523875597e-10,1.5458653906449386e-9,1.904583870016867e-9,3.58718479371929e-10,0.13852813520277849,0.05194805096972445,0.05411255186131811,0.05411255186131811,0.0411255392982462,0.0411255392982462,0.01298701256307187,0.3896103864120034,0.11688311407749256,0.0865800842330541,0.01298701256307187
145,2.835396750057559e-9,3.4015535205997362e-9,2.3628294317552454e-9,2.4564190617317064e-9,2.0724612943690326e-9,1.7336731316648771e-9,7.227459300668291e-10,1.349713155453348e-9,1.662902174942765e-9,3.1318901948941724e-10,0.13852813562479716,0.051948051093896615,0.05411255214700569,0.05411255214700569,0.04112553953012601,0.04112553953012601,0.012987012616879642,0.38961038681795207,0.11688311443354496,0.0865800845309006,0.012987012616879642
146,2.4755194702425617e-9,2.9698622362288724e-9,2.0629319491675517e-9,2.1446873318247164e-9,1.8094624848217547e-9,1.5136743530702665e-9,6.3101297875445e-10,1.1784477584106611e-9,1.4518860168082652e-9,2.7343825839760427e-10,0.13852813599326003,0.051948051202308505,0.05411255239644101,0.05411255239644101,0.04112553973258298,0.04112553973258298,0.012987012663857996,0.3896103871723765,0.11688311474441415,0.08658008479095157,0.012987012663857996
147,2.1613189220963903e-9,2.592954775864352e-9,1.8010983570130047e-9,1.8725137524506253e-9,1.5798365313334816e-9,1.3215907354409001e-9,5.509230170097252e-10,1.0289121316088205e-9,1.267644885893727e-9,2.3873275428490674e-10,0.13852813631496314,0.05194805129696045,0.054112552614223916,0.054112552614223916,0.041125539909350146,0.041125539909350146,0.012987012704873735,0.3896103874818163,0.11688311501583352,0.08658008501800273,0.012987012704873735
148,1.886997674291849e-9,2.2638791663628824e-9,1.5724974735700238e-9,1.6348788476528424e-9,1.3793490066899377e-9,1.1538805587599152e-9,4.809982888929272e-10,8.983496238509159e-10,1.1067817781260799e-9,2.084321542751641e-10,0.1385281365958402,0.0519480513795989,0.05411255280437065,0.05411255280437065,0.04112554006368697,0.04112554006368697,0.012987012740683647,0.3896103877519811,0.116883115252809,0.08658008521624133,0.012987012740683647
149,1.6474941233240373e-9,1.9765655626892924e-9,1.3729113046482159e-9,1.4273999894561978e-9,1.2043026924946695e-9,1.0074513913570784e-9,4.199485980991193e-10,7.843532289371316e-10,9.66330608596716e-10,1.819773796595844e-10,0.13852813684107204,0.05194805145174865,0.05411255297038792,0.05411255297038792,0.04112554019843941,0.04112554019843941,0.01298701277194847,0.3896103879878557,0.11688311545971136,0.08658008538932342,0.01298701277194847
150,1.4383890999790634e-9,1.7257143271027454e-9,1.1986572161329855e-9,1.2462506091024645e-9,1.051469436572699e-9,8.796031064362003e-10,3.6664750266626393e-10,6.848212492325065e-10,8.437015598516495e-10,1.5888031061914304e-10,0.13852813705518205,0.05194805151474094,0.05411255311533751,0.05411255311533751,0.0411255403160924,0.0411255403160924,0.012987012799245077,0.3896103881937924,0.11688311564035676,0.08658008554044114,0.012987012799245077
151,1.2558243295971053e-9,1.5066983063970187e-9,1.046519984589763e-9,1.0880896548935368e-9,9.180306519622302e-10,7.679781238431926e-10,3.201115310503441e-10,5.979185792741045e-10,7.366333594074744e-10,1.3871478013336992e-10,0.13852813724211965,0.051948051569738064,0.05411255324189274,0.05411255324189274,0.04112554041881558,0.04112554041881558,0.012987012823077125,0.38961038837359097,0.11688311579807718,0.08658008567238161,0.012987012823077125
152,1.0964312416097804e-9,1.3154775064081427e-9,9.136924721826352e-10,9.499999974000349e-10,8.015253619514491e-10,6.705179612983252e-10,2.7948203610170957e-10,5.22042897378224e-10,6.431516083003588e-10,1.2110871092213474e-10,0.1385281374053331,0.051948051617754794,0.054112553352387745,0.054112553352387745,0.041125540508503367,0.041125540508503367,0.012987012843884342,0.38961038853056895,0.11688311593578178,0.08658008578757832,0.012987012843884342
153,9.572688147900774e-10,1.148524591341128e-9,7.977238312895743e-10,8.294346474709132e-10,6.998048344441975e-10,5.854252953266091e-10,2.44009352144304e-10,4.557951433597037e-10,5.615323937128263e-10,1.0573725035312254e-10,0.1385281375478331,0.0519480516596771,0.054112553448860484,0.054112553448860484,0.041125540586809804,0.041125540586809804,0.012987012862050649,0.3896103886676228,0.11688311605601058,0.08658008588815602,0.012987012862050649
154,8.357693113744138e-10,1.0027598348635505e-9,6.964742831273074e-10,7.241697962957013e-10,6.109929701837327e-10,5.111308334451785e-10,2.1303896285052283e-10,3.9795373922349813e-10,4.902705158815068e-10,9.231677665800858e-11,0.1385281376722483,0.0519480516962785,0.05411255353309034,0.05411255353309034,0.04112554065517907,0.04112554065517907,0.012987012877911236,0.3896103887872814,0.1168831161609813,0.08658008597596982,0.012987012877911236
155,7.296908987768921e-10,8.754943240340299e-10,6.080756359964939e-10,6.322638123661653e-10,5.334517152525658e-10,4.4626438766319087e-10,1.859994247029744e-10,3.474520784740237e-10,4.28051744348419e-10,8.059966587439522e-11,0.13852813778087378,0.05194805172823435,0.05411255360663092,0.05411255360663092,0.041125540714872136,0.041125540714872136,0.012987012891758753,0.38961038889175253,0.11688311625263026,0.08658008605263945,0.012987012891758753
156,6.370762847013635e-10,7.643803691805876e-10,5.308968146602458e-10,5.520214398653744e-10,4.657508607419765e-10,3.896296166406744e-10,1.623918232247e-10,3.033588697691842e-10,3.7372859273398396e-10,7.036972296479973e-11,0.13852813787571336,0.05194805175613426,0.054112553670838684,0.054112553670838684,0.041125540766989946,0.041125540766989946,0.012987012903848703,0.38961038898296385,0.11688311633264802,0.08658008611957911,0.012987012903848703
157,5.562166024123444e-10,6.673682056144481e-10,4.635137648301501e-10,4.819625387945019e-10,4.066416732450265e-10,3.4018197135555205e-10,1.4178056743894985e-10,2.6486097312357837e-10,3.2629916594079067e-10,6.143819281721231e-11,0.13852813795851657,0.05194805178049303,0.05411255372689797,0.05411255372689797,0.041125540812493776,0.041125540812493776,0.012987012914404163,0.3896103890625984,0.11688311640251065,0.08658008617802355,0.012987012914404163
158,4.8561987979847e-10,5.826681890018626e-10,4.0468317745975015e-10,4.207947907913659e-10,3.550338703548535e-10,2.9700943808127524e-10,1.2378535271009064e-10,2.312484127004226e-10,2.8488869023039244e-10,5.3640277529969856e-11,0.13852813803081096,0.05194805180176012,0.05411255377584285,0.05411255377584285,0.04112554085222292,0.04112554085222292,0.012987012923619892,0.3896103891321254,0.1168831164635069,0.08658008622905085,0.012987012923619892
159,4.239835104394334e-10,5.087177874533714e-10,3.5331954802540437e-10,3.673898676371942e-10,3.099755169412798e-10,2.5931572396308146e-10,1.0807414367411274e-10,2.0190129026413413e-10,2.4873338598836985e-10,4.6832095724235693e-11,0.1385281380939302,0.05194805182032792,0.05411255381857615,0.05411255381857615,0.04112554088691018,0.04112554088691018,0.012987012931665933,0.3896103891928279,0.11688311651676198,0.08658008627360227,0.012987012931665933
160,3.7017021872981296e-10,4.4415276178976795e-10,3.084751475089533e-10,3.207626232322562e-10,2.706354717649627e-10,2.264055754440567e-10,9.43570477881995e-11,1.76278358329189e-10,2.1716638611171245e-10,4.0888027782523444e-11,0.13852813814903867,0.05194805183653904,0.05411255385588616,0.05411255385588616,0.04112554091719537,0.04112554091719537,0.012987012938690748,0.38961038924582586,0.1168831165632583,0.08658008631249962,0.012987012938690748
161,3.2318707558333666e-10,3.877820026340478e-10,2.6932253552106017e-10,2.8005292551975556e-10,2.362880609579546e-10,1.9767195905863235e-10,8.238096646112321e-11,1.539070425769847e-10,1.8960544060886607e-10,3.569839803188137e-11,0.13852813819715307,0.0519480518506926,0.05411255388846112,0.05411255388846112,0.04112554094363712,0.04112554094363712,0.012987012944823951,0.3896103892920971,0.11688311660385362,0.08658008634646046,0.012987012944823951
162,2.8216717752852854e-10,3.3856556037982037e-10,2.351392929097147e-10,2.4450979347514474e-10,2.0629969591601954e-10,1.7258486840214247e-10,7.19249250730023e-11,1.3437472978118444e-10,1.6554218088808566e-10,3.11674511069012e-11,0.13852813823916102,0.051948051863049745,0.05411255391690194,0.05411255391690194,0.041125540966723176,0.041125540966723176,0.012987012950178711,0.38961038933249553,0.11688311663929682,0.08658008637611125,0.012987012950178711
163,2.463536511499076e-10,2.955954629399977e-10,2.0529469215064967e-10,2.1347754674951964e-10,1.8011718896550119e-10,1.5068155103065142e-10,6.279599571886821e-11,1.1732116077279076e-10,1.445327459280968e-10,2.7211585155306013e-11,0.1385281382758375,0.05194805187383848,0.05411255394173326,0.05411255394173326,0.041125540986879386,0.041125540986879386,0.012987012954853829,0.3896103893677664,0.11688311667024177,0.08658008640199899,0.012987012954853829
164,2.1508568773472703e-10,2.58078967568762e-10,1.7923805957092992e-10,1.863837126423971e-10,1.572575514446257e-10,1.3155797519575473e-10,5.482573744664236e-11,1.0243178831652745e-10,1.261895976041568e-10,2.3757809287629326e-11,0.13852813830785912,0.051948051883257886,0.054112553963413176,0.054112553963413176,0.04112554100447756,0.04112554100447756,0.012987012958935567,0.3896103893985606,0.11688311669725936,0.08658008642460123,0.012987012958935567
165,1.8778635044531936e-10,2.2532393792123213e-10,1.5648861467343882e-10,1.6272846746342374e-10,1.3729908615112642e-10,1.1486137915514802e-10,4.7867088308275724e-11,8.94319775334821e-11,1.1017437434332082e-10,2.0742396809838704e-11,0.13852813833581668,0.051948051891481745,0.05411255398234162,0.05411255398234162,0.041125541019842324,0.041125541019842324,0.01298701296249924,0.3896103894254463,0.11688311672084799,0.08658008644433493,0.01298701296249924
166,1.6395192904264422e-10,1.9672607669532338e-10,1.3662659908438494e-10,1.4207541762041816e-10,1.1987360995743724e-10,1.0028376574130132e-10,4.179165187911685e-11,7.80819420176299e-11,9.619165140763768e-11,1.810970939000777e-11,0.13852813836022596,0.05194805189866181,0.054112553998867774,0.054112553998867774,0.04112554103325712,0.04112554103325712,0.0129870129656106,0.38961038944891957,0.11688311674144285,0.08658008646156413,0.0129870129656106
167,1.4314264574107784e-10,1.717577784107174e-10,1.1928553144115485e-10,1.240435504631218e-10,1.0465966322022718e-10,8.755622228427469e-11,3.64873281788471e-11,6.817232234081039e-11,8.39834928047496e-11,1.5811170463939202e-11,0.13852813838153727,0.051948051904930556,0.054112554013296524,0.054112554013296524,0.04112554104496941,0.04112554104496941,0.012987012968327057,0.38961038946941356,0.1168831167594239,0.0865800864766067,0.012987012968327057
168,1.2497454070471029e-10,1.4995839675082713e-10,1.0414544531289465e-10,1.083002064726899e-10,9.137658079597419e-11,7.644396119084875e-11,3.185624528184115e-11,5.952032547089923e-11,7.332469440907021e-11,1.3804368938170975e-11,0.1385281384001438,0.05194805191040366,0.05411255402589405,0.05411255402589405,0.04112554105519526,0.04112554105519526,0.012987012970698732,0.38961038948730636,0.11688311677512285,0.08658008648974014,0.012987012970698732
169,1.0911238746142014e-10,1.3092574697547336e-10,9.092698538443594e-11,9.455494321326287e-11,7.977931535329267e-11,6.674198976044915e-11,2.781295345281373e-11,5.1966353958741825e-11,6.40186306115996e-11,1.2052276652857769e-11,0.13852813841638884,0.05194805191518209,0.05411255403689275,0.05411255403689275,0.041125541064123305,0.041125541064123305,0.012987012972769389,0.3896103895029282,0.11688311678882933,0.08658008650120673,0.012987012972769389
170,9.526350751439373e-11,1.1430868668523207e-10,7.938625297026425e-11,8.255417790058546e-11,6.965391753813e-11,5.827132941312175e-11,2.4282848487463718e-11,4.53710627708176e-11,5.5893627936779065e-11,1.0522565165961468e-11,0.13852813843057207,0.05194805191935403,0.05411255404649555,0.05411255404649555,0.04112554107191826,0.04112554107191826,0.01298701297457723,0.38961038951656723,0.11688311680079623,0.08658008651121803,0.01298701297457723
171,8.317237002218224e-11,9.980063810268532e-11,6.931030575135141e-11,7.207650979632327e-11,6.08135896549899e-11,5.087571462943096e-11,2.1200795166892308e-11,3.961278952246295e-11,4.879979877519576e-11,9.187009252732806e-12,0.1385281384429552,0.05194805192299646,0.054112554054879594,0.054112554054879594,0.04112554107872392,0.04112554107872392,0.012987012976155616,0.38961038952847515,0.11688311681124432,0.08658008651995873,0.012987012976155616
172,7.261587690398219e-11,8.71339323975336e-11,6.051322869894945e-11,6.292863616982533e-11,5.309524009894383e-11,4.441871074294326e-11,1.8509925426882082e-11,3.4585310745680886e-11,4.260627686011077e-11,8.020966114429887e-12,0.13852813845376666,0.051948051926176575,0.054112554062199565,0.054112554062199565,0.04112554108466584,0.04112554108466584,0.012987012977533668,0.3896103895388717,0.11688311682036635,0.08658008652759008,0.012987012977533668
173,6.339924637386138e-11,7.60748717416565e-11,5.283270368859961e-11,5.4941786512459796e-11,4.635647500402289e-11,3.87811974456577e-11,1.6160589066802098e-11,3.019588283264456e-11,3.719880351976163e-11,7.0029206871170766e-12,0.13852813846320594,0.05194805192895306,0.05411255406859051,0.05411255406859051,0.04112554108985363,0.04112554108985363,0.012987012978736813,0.3896103895479487,0.11688311682833064,0.08658008653425289,0.012987012978736813
174,5.535241894948667e-11,6.641941801612785e-11,4.6127014509107173e-11,4.7968609244897155e-11,4.04729716336414e-11,3.385917160746754e-11,1.4109437637429614e-11,2.6363531541476664e-11,3.247762020246877e-11,6.114088660992111e-12,0.1385281384714472,0.05194805193137715,0.05411255407417033,0.05411255407417033,0.04112554109438302,0.04112554109438302,0.01298701297978725,0.38961038955587357,0.1168831168352841,0.08658008654007007,0.01298701297978725
175,4.832691962128259e-11,5.798942864885279e-11,4.0272432004851436e-11,4.188045350087491e-11,3.5336185076440645e-11,2.956182889659374e-11,1.2318624604281167e-11,2.30175585312758e-11,2.8355628416777494e-11,5.3380698855016985e-12,0.1385281384786425,0.05194805193349357,0.054112554079041975,0.054112554079041975,0.04112554109833755,0.04112554109833755,0.012987012980704364,0.38961038956279265,0.11688311684135505,0.08658008654514895,0.012987012980704364
176,4.219311828473518e-11,5.0629370151916006e-11,3.5160931103767584e-11,3.656499585576624e-11,3.085134595599444e-11,2.580988882730279e-11,1.0755107028463448e-11,2.0096237392959623e-11,2.4756783158131896e-11,4.660545765172277e-12,0.13852813848492457,0.05194805193534136,0.05411255408329532,0.05411255408329532,0.04112554110179018,0.04112554110179018,0.012987012981505074,0.38961038956883354,0.11688311684665548,0.08658008654958323,0.012987012981505074
177,3.6837837887057255e-11,4.4203448737911584e-11,3.069819760707344e-11,3.192416822892766e-11,2.693571222838953e-11,2.2534132348755463e-11,9.3900358801722e-12,1.7545675134919166e-11,2.1614690197674517e-11,4.069015062755352e-12,0.13852813849040932,0.05194805193695463,0.05411255408700884,0.05411255408700884,0.04112554110480462,0.04112554110480462,0.012987012982204156,0.38961038957410765,0.11688311685128318,0.08658008655345471,0.012987012982204156
178,3.216226615523845e-11,3.859310508687651e-11,2.6801887963307368e-11,2.7872348742526724e-11,2.3517042826635515e-11,1.9674125007181063e-11,8.198223735345659e-12,1.5318818132019552e-11,1.8871381366961212e-11,3.552563234941662e-12,0.13852813849519793,0.05194805193836313,0.05411255409025104,0.05411255409025104,0.04112554110743647,0.04112554110743647,0.012987012982814508,0.38961038957871236,0.11688311685532353,0.08658008655683483,0.012987012982814508
179,2.8080132373996647e-11,3.3694827051783035e-11,2.340010991714471e-11,2.433478216870126e-11,2.0532265001492374e-11,1.7177102134909148e-11,7.157680033792107e-12,1.3374584209284042e-11,1.6476245253894127e-11,3.1016610446100876e-12,0.13852813849937878,0.051948051939592864,0.05411255409308175,0.05411255409308175,0.04112554110973429,0.04112554110973429,0.012987012983347392,0.38961038958273264,0.11688311685885108,0.08658008655978595,0.012987012983347392
180,2.4516115572681685e-11,2.941823995468235e-11,2.0430095998897935e-11,2.124620083084697e-11,1.7926310780003008e-11,1.4996995507143742e-11,6.249205323703224e-12,1.1677104856691634e-11,1.4385093590453103e-11,2.7079887337614693e-12,0.138528138503029,0.05194805194066652,0.05411255409555319,0.05411255409555319,0.04112554111174048,0.04112554111174048,0.012987012983812642,0.38961038958624267,0.11688311686193092,0.08658008656236252,0.012987012983812642
181,2.1404454749995163e-11,2.5684439245652265e-11,1.7837045378776562e-11,1.8549620521607457e-11,1.5651101081603433e-11,1.3093583515770517e-11,5.456037005836937e-12,1.0195063601720075e-11,1.2559346114630845e-11,2.3642825129107702e-12,0.13852813850621593,0.0519480519416039,0.05411255409771096,0.05411255409771096,0.041125541113492044,0.041125541113492044,0.01298701298421884,0.38961038958930716,0.11688311686461987,0.08658008656461207,0.01298701298421884
182,1.868773549326501e-11,2.2424534767085917e-11,1.557311271654084e-11,1.619528922789169e-11,1.3664658754626496e-11,1.1431749187004764e-11,4.763540040886923e-12,8.901118338967012e-12,1.0965318873442322e-11,2.0642005344753094e-12,0.13852813850899837,0.05194805194242231,0.05411255409959486,0.05411255409959486,0.04112554111502131,0.04112554111502131,0.012987012984573481,0.38961038959198274,0.11688311686696753,0.0865800865665761,0.012987012984573481
183,1.631583060373522e-11,1.9578379768995785e-11,1.359652534944715e-11,1.4139769271466581e-11,1.1930334173501316e-11,9.980832358282989e-12,4.15893691318359e-12,7.77139696403359e-12,9.573602841232827e-12,1.8022058771992359e-12,0.13852813851142767,0.05194805194313684,0.054112554101239656,0.054112554101239656,0.041125541116356475,0.041125541116356475,0.012987012984883112,0.38961038959431865,0.11688311686901723,0.08658008656829087,0.012987012984883112
184,1.4244975180953446e-11,1.7093461228867786e-11,1.1870812529398764e-11,1.2345135934319804e-11,1.0416129112800671e-11,8.714064066119105e-12,3.631071868200697e-12,6.785057010369803e-12,8.358521392898039e-12,1.5734643825282343e-12,0.13852813851354864,0.05194805194376068,0.054112554102675695,0.054112554102675695,0.04112554111752218,0.04112554111752218,0.012987012985153442,0.3896103895963581,0.11688311687080678,0.086580086569788,0.012987012985153442
185,1.2436959100293971e-11,1.4923931005024776e-11,1.0364132487675647e-11,1.07782777864232e-11,9.094106426765587e-12,7.608072712685696e-12,3.170205073737503e-12,5.923901167857829e-12,7.297656625742647e-12,1.3737554578848163e-12,0.1385281385154004,0.051948051944305344,0.05411255410392947,0.05411255410392947,0.041125541118539936,0.041125541118539936,0.012987012985389462,0.3896103895981387,0.1168831168723692,0.0865800865710951,0.012987012985389462
186,1.0858421983718197e-11,1.3029759950316246e-11,9.048684910668727e-12,9.410285809359489e-12,7.939874645451049e-12,6.642452902582653e-12,2.7678329067768343e-12,5.172041592290187e-12,6.371435793339873e-12,1.1993942010496841e-12,0.13852813851701715,0.051948051944780874,0.054112554105024115,0.054112554105024115,0.041125541119428524,0.041125541119428524,0.012987012985595525,0.38961038959969335,0.11688311687373332,0.08658008657223631,0.012987012985595525
187,9.480237655015505e-12,1.1375999381148492e-11,7.9001979859934e-12,8.215920047089478e-12,6.932137980362005e-12,5.799388997017368e-12,2.4165310500721083e-12,4.515606814569382e-12,5.562770223312425e-12,1.0471634087430415e-12,0.13852813851842868,0.05194805194519605,0.05411255410597983,0.05411255410597983,0.04112554112020433,0.04112554112020433,0.012987012985775434,0.38961038960105066,0.1168831168749243,0.08658008657323268,0.012987012985775434
188,8.276976721878921e-12,9.932136277236862e-12,6.897480554282013e-12,7.173143945131572e-12,6.052303438857641e-12,5.063326441745885e-12,2.109817503385686e-12,3.942485843992971e-12,4.856740058868509e-12,9.142542148755372e-13,0.13852813851966106,0.05194805194555853,0.054112554106814245,0.054112554106814245,0.04112554112088167,0.04112554112088167,0.012987012985932508,0.3896103896022357,0.11688311687596412,0.0865800865741026,0.012987012985932508
189,7.226437368717366e-12,8.671530316521119e-12,6.022031103243639e-12,6.2627177879672716e-12,5.284137799935995e-12,4.420684806214904e-12,1.842032981752367e-12,3.4421047458689033e-12,4.240319009035706e-12,7.982142631668025e-13,0.13852813852073703,0.051948051945875005,0.05411255410754276,0.05411255410754276,0.04112554112147304,0.04112554112147304,0.012987012986069647,0.3896103896032703,0.11688311687687196,0.0865800865748621,0.012987012986069647
190,6.309235702687854e-12,7.570922359325156e-12,5.257696389396754e-12,5.467843734598e-12,4.613468123691081e-12,3.859607240642606e-12,1.6082364939553936e-12,3.00523157257115e-12,3.702134030419339e-12,6.969024578481893e-13,0.13852813852167645,0.05194805194615131,0.054112554108178806,0.054112554108178806,0.04112554112198936,0.04112554112198936,0.01298701298618938,0.3896103896041736,0.11688311687766458,0.08658008657552521,0.01298701298618938
191,5.50844809426978e-12,6.6100053139060145e-12,4.5903733885787484e-12,4.773855903961611e-12,4.0279202697176975e-12,3.3697417294642775e-12,1.4041141744973326e-12,2.6238060500325545e-12,3.2322555075729415e-12,6.08449457540387e-13,0.13852813852249662,0.05194805194639255,0.054112554108734126,0.054112554108734126,0.04112554112244014,0.04112554112244014,0.012987012986293915,0.38961038960496225,0.11688311687835659,0.08658008657610415,0.012987012986293915
192,4.809298913074001e-12,5.77104946633418e-12,4.007749075811273e-12,4.167949792922912e-12,3.5166906008312244e-12,2.942050106030116e-12,1.2258996868927952e-12,2.290790878218494e-12,2.8220140615840646e-12,5.312231833655708e-13,0.1385281385232127,0.051948051946603166,0.05411255410921897,0.05411255410921897,0.04112554112283372,0.04112554112283372,0.012987012986385183,0.3896103896056508,0.11688311687896077,0.08658008657660961,0.012987012986385183
193,4.1988878971838395e-12,5.038575362403045e-12,3.499073233103721e-12,3.638946035106304e-12,3.070346660598482e-12,2.568641305490049e-12,1.0703047296162544e-12,2.0000419027467654e-12,2.4638406076196248e-12,4.637987048728593e-13,0.13852813852383788,0.051948051946787054,0.05411255410964227,0.05411255410964227,0.04112554112317734,0.04112554112317734,0.012987012986464866,0.389610389606252,0.11688311687948828,0.08658008657705092,0.012987012986464866
194,3.6659521256181985e-12,4.399068206512349e-12,3.0549600931877434e-12,3.1770841423206495e-12,2.68065314762909e-12,2.24262577987494e-12,9.344583624457087e-13,1.7461947628644136e-12,2.151126710996634e-12,4.0493194813222056e-13,0.13852813852438373,0.0519480519469476,0.05411255411001185,0.05411255411001185,0.04112554112347734,0.04112554112347734,0.012987012986534435,0.38961038960677685,0.11688311687994883,0.08658008657743622,0.012987012986534435
195,3.2006582019820427e-12,3.840728508389122e-12,2.6672151592380388e-12,2.773842423419753e-12,2.340419976210244e-12,1.957988389728696e-12,8.158540336910565e-13,1.5245659248771646e-12,1.878102665753147e-12,3.5353674087598253e-13,0.1385281385248603,0.051948051947087764,0.05411255411033452,0.05411255411033452,0.04112554112373927,0.04112554112373927,0.012987012986595175,0.3896103896072351,0.11688311688035093,0.08658008657777262,0.012987012986595175
196,2.794420814807399e-12,3.353254377227682e-12,2.328684005166038e-12,2.421780758346906e-12,2.0433696202868672e-12,1.7094774274591955e-12,7.123033308877099e-13,1.3310662754541797e-12,1.6397310465941964e-12,3.08664771140017e-13,0.13852813852527637,0.051948051947210146,0.05411255411061623,0.05411255411061623,0.041125541123967956,0.041125541123967956,0.012987012986648205,0.38961038960763517,0.11688311688070199,0.08658008657806632,0.012987012986648205
197,2.4397443267741525e-12,2.927651446682495e-12,2.033120266644759e-12,2.1144033267352176e-12,1.7840212935072266e-12,1.4925077251422605e-12,6.218956015929564e-13,1.1621256808917088e-12,1.4316137705062989e-12,2.6948808961459015e-13,0.13852813852563964,0.05194805194731699,0.054112554110862195,0.054112554110862195,0.041125541124167615,0.041125541124167615,0.012987012986694505,0.38961038960798444,0.1168831168810085,0.08658008657832274,0.012987012986694505
198,2.130084469914356e-12,2.556066923903875e-12,1.7750703871183396e-12,1.8460387585532614e-12,1.5575898286316072e-12,1.3030760593193767e-12,5.429626992338839e-13,1.014627120685227e-12,1.249910953534912e-12,2.3528383284968483e-13,0.1385281385259568,0.05194805194741028,0.05411255411107694,0.05411255411107694,0.041125541124341934,0.041125541124341934,0.012987012986734927,0.3896103896082894,0.1168831168812761,0.08658008657854661,0.012987012986734927
199,1.8597275948867653e-12,2.231644700869602e-12,1.5497729922021745e-12,1.6117354956875215e-12,1.359897390766496e-12,1.1376872921677107e-12,4.740482035198103e-13,8.858491803601926e-13,1.0912700657975134e-12,2.054208854373207e-13,0.13852813852623372,0.05194805194749172,0.05411255411126443,0.05411255411126443,0.041125541124494125,0.041125541124494125,0.01298701298677022,0.3896103896085557,0.11688311688150974,0.08658008657874207,0.01298701298677022
200,1.6236852463049836e-12,1.9483988548455043e-12,1.353071035793417e-12,1.4071704339673745e-12,1.187296395640092e-12,9.93289886473456e-13,4.138805474939182e-13,7.734158427030379e-13,9.527640777731482e-13,1.7934823507011026e-13,0.13852813852647547,0.05194805194756283,0.05411255411142812,0.05411255411142812,0.041125541124627005,0.041125541124627005,0.012987012986801034,0.3896103896087882,0.11688311688171373,0.08658008657891272,0.012987012986801034
201,1.417602118889351e-12,1.7011032040728286e-12,1.1813350968671444e-12,1.228569160140793e-12,1.0366022108434819e-12,8.672196047592036e-13,3.613495553815891e-13,6.752526511596404e-13,8.318374567707615e-13,1.5658480561112104e-13,0.13852813852668655,0.05194805194762491,0.05411255411157103,0.05411255411157103,0.041125541124743016,0.041125541124743016,0.012987012986827936,0.3896103896089911,0.11688311688189182,0.08658008657906172,0.012987012986827936
202,1.2376756961072412e-12,1.4851948809883153e-12,1.0313964116789222e-12,1.0726363122187704e-12,9.050343984380735e-13,7.571503538920243e-13,3.1548595832674587e-13,5.895484367108626e-13,7.262590172922665e-13,1.3671058058140392e-13,0.13852813852687085,0.05194805194767911,0.054112554111695806,0.054112554111695806,0.0411255411248443,0.0411255411248443,0.012987012986851424,0.3896103896091683,0.1168831168820473,0.08658008657919179,0.012987012986851424
203,1.080586088524399e-12,1.2966901438984701e-12,9.004884057260807e-13,9.364947783693305e-13,7.901654149026788e-13,6.610512683157345e-13,2.754435100535957e-13,5.147219021614092e-13,6.34080755442898e-13,1.1935885328148868e-13,0.13852813852703175,0.051948051947726434,0.054112554111804746,0.054112554111804746,0.04112554112493273,0.04112554112493273,0.01298701298687193,0.389610389609323,0.11688311688218306,0.08658008657930537,0.01298701298687193
204,9.4343477728861e-13,1.1321108738234148e-12,7.86195646652216e-13,8.17632612602937e-13,6.898758219693944e-13,5.771492401396177e-13,2.404833724633191e-13,4.493924473818005e-13,5.536019079328623e-13,1.0420946055106175e-13,0.13852813852717222,0.05194805194776775,0.05411255411189986,0.05411255411189986,0.04112554112500994,0.04112554112500994,0.012987012986889835,0.389610389609458,0.11688311688230159,0.08658008657940452,0.012987012986889835
205,8.236911324789015e-13,9.884204003632754e-13,6.864092762060005e-13,7.138566878580135e-13,6.023151820138019e-13,5.038962047993744e-13,2.0996048305863879e-13,3.923546972762014e-13,4.833375725966936e-13,9.098287532049216e-14,0.13852813852729487,0.051948051947803824,0.054112554111982895,0.054112554111982895,0.04112554112507735,0.04112554112507735,0.012987012986905466,0.3896103896095759,0.11688311688240507,0.0865800865794911,0.012987012986905466
206,7.191457195104256e-13,8.629674725581004e-13,5.992880989128182e-13,6.232522313943042e-13,5.258679165375971e-13,4.39940578737679e-13,1.8331165265662508e-13,3.4255626255398416e-13,4.2199131150772663e-13,7.943504895374242e-14,0.13852813852740195,0.05194805194783532,0.05411255411205539,0.05411255411205539,0.04112554112513621,0.04112554112513621,0.012987012986919113,0.3896103896096788,0.11688311688249542,0.08658008657956667,0.012987012986919113
207,6.278695320341024e-13,7.534373409860343e-13,5.232246094918481e-13,5.441474959258753e-13,4.591234978450553e-13,3.841023221496062e-13,1.6004517377626898e-13,2.990783230199947e-13,3.684312312368613e-13,6.935290821686658e-14,0.13852813852749543,0.05194805194786282,0.05411255411211869,0.05411255411211869,0.04112554112518759,0.04112554112518759,0.012987012986931029,0.3896103896097686,0.1168831168825743,0.08658008657963266,0.012987012986931029
208,5.481783991220816e-13,6.57809048546215e-13,4.56815332177844e-13,4.750829146766106e-13,4.0085042395774404e-13,3.353511667152465e-13,1.397317479613639e-13,2.611186751674695e-13,3.2166909895249633e-13,6.055042378502677e-14,0.13852813852757706,0.05194805194788683,0.05411255411217395,0.05411255411217395,0.04112554112523245,0.04112554112523245,0.012987012986941432,0.3896103896098471,0.11688311688264318,0.08658008657969028,0.012987012986941432
209,4.786019100027405e-13,5.743181419230552e-13,3.9883492466741013e-13,4.147841712670193e-13,3.4997349660927416e-13,2.927876066316268e-13,1.2199656463539234e-13,2.2797693131875934e-13,2.8084210906538045e-13,5.2865177746621036e-14,0.1385281385276483,0.05194805194790779,0.054112554112222204,0.054112554112222204,0.04112554112527162,0.04112554112527162,0.012987012986950515,0.3896103896099156,0.11688311688270331,0.08658008657974059,0.012987012986950515
210,4.1785628296393113e-13,5.014241157405247e-13,3.4821356887205905e-13,3.6213868756811503e-13,3.0555398310118474e-13,2.5562630223566354e-13,1.0651238533245137e-13,1.9904159725096726e-13,2.4519696402125645e-13,4.6155366770289154e-14,0.13852813852771054,0.05194805194792609,0.05411255411226433,0.05411255411226433,0.041125541125305816,0.041125541125305816,0.012987012986958445,0.3896103896099754,0.11688311688275581,0.08658008657978451,0.012987012986958445
211,3.6482067781850913e-13,4.37781988733852e-13,3.040172313064296e-13,3.1617509571847717e-13,2.667722960064279e-13,2.2318159001966548e-13,9.299350569881157e-14,1.737787898984111e-13,2.1407597553754737e-13,4.029718563913626e-14,0.13852813852776485,0.05194805194794207,0.054112554112301106,0.054112554112301106,0.041125541125335674,0.041125541125335674,0.012987012986965368,0.38961038961002764,0.11688311688280165,0.08658008657982286,0.012987012986965368
212,3.1851651486462144e-13,3.822174875026496e-13,2.654304288887454e-13,2.760453155577053e-13,2.329128711598598e-13,1.9485483170193335e-13,8.119048385577186e-14,1.5172238698068408e-13,1.8690492985549035e-13,3.518254287480625e-14,0.1385281385278123,0.051948051947956014,0.05411255411233322,0.05411255411233322,0.04112554112536174,0.04112554112536174,0.012987012986971412,0.38961038961007327,0.11688311688284166,0.08658008657985633,0.012987012986971412
213,2.780894187471887e-13,3.3370537997033716e-13,2.3174118215889035e-13,2.410089067990164e-13,2.0335096493259357e-13,1.7012336894413083e-13,7.088553785488555e-14,1.3246542682211685e-13,1.6318249312366412e-13,3.071706630154727e-14,0.1385281385278537,0.05194805194796819,0.05411255411236125,0.05411255411236125,0.0411255411253845,0.0411255411253845,0.012987012986976689,0.389610389610113,0.11688311688287659,0.08658008657988556,0.012987012986976689
214,2.4279345406004553e-13,2.9135055878786593e-13,2.0232787828032875e-13,2.104194072325213e-13,1.7754112719722048e-13,1.4853087993021824e-13,6.1888527302303e-14,1.156525996929213e-13,1.424709614431208e-13,2.6818361750199502e-14,0.13852813852788984,0.05194805194797882,0.05411255411238573,0.05411255411238573,0.041125541125404376,0.041125541125404376,0.012987012986981296,0.38961038961014777,0.11688311688290709,0.08658008657991108,0.012987012986981296
215,2.1197736181396285e-13,2.5437152565729973e-13,1.7664780143023209e-13,1.8371240489300716e-13,1.550071373070053e-13,1.2967895988531244e-13,5.403344500769469e-14,1.0097369213967229e-13,1.2438818491248469e-13,2.3414492772812376e-14,0.1385281385279214,0.05194805194798811,0.054112554112407105,0.054112554112407105,0.04112554112542172,0.04112554112542172,0.012987012986985319,0.38961038961017813,0.11688311688293372,0.08658008657993335,0.012987012986985319
216,1.8507254281449835e-13,2.2208597184884707e-13,1.5422711894777308e-13,1.6039512411785248e-13,1.3533321740455146e-13,1.1321977019398213e-13,4.7175353923870345e-14,8.81578633545193e-14,1.0860051667106508e-13,2.0442653316545765e-14,0.13852813852794896,0.05194805194799621,0.05411255411242576,0.05411255411242576,0.04112554112543687,0.04112554112543687,0.012987012986988832,0.3896103896102046,0.11688311688295697,0.08658008657995281,0.012987012986988832
217,1.6158256622650434e-13,1.9389818886075066e-13,1.3465213847128292e-13,1.4003733335221122e-13,1.1815636094207713e-13,9.884962049277851e-14,4.118771285943271e-14,7.696864798293974e-14,9.481665684881208e-14,1.7848008865872312e-14,0.13852813852797302,0.05194805194800329,0.054112554112442056,0.054112554112442056,0.041125541125450096,0.041125541125450096,0.012987012986991899,0.38961038961022776,0.11688311688297727,0.0865800865799698,0.012987012986991899
218,1.4107400974390957e-13,1.6928807693857145e-13,1.175616747464561e-13,1.222634069451397e-13,1.0315963487111415e-13,8.630336532494087e-14,3.596004162019884e-14,6.719959317212007e-14,8.278227784268816e-14,1.558268467056807e-14,0.13852813852799403,0.051948051948009465,0.05411255411245628,0.05411255411245628,0.04112554112546164,0.04112554112546164,0.012987012986994576,0.38961038961024796,0.11688311688299499,0.08658008657998462,0.012987012986994576
219,1.2316846235333643e-13,1.478015486518547e-13,1.0264038526274021e-13,1.0674539447180552e-13,9.006633192372848e-14,7.534951197375774e-14,3.139588249804778e-14,5.867044936341033e-14,7.227533175432289e-14,1.3604882390912562e-14,0.13852813852801238,0.051948051948014856,0.0541125541124687,0.0541125541124687,0.041125541125471725,0.041125541125471725,0.012987012986996912,0.3896103896102656,0.11688311688301047,0.08658008657999756,0.012987012986996912
220,1.0753554213156681e-13,1.2904215046585723e-13,8.96129517512573e-14,9.319696970612422e-14,7.863486509168547e-14,6.578594921225499e-14,2.7411020493869237e-14,5.122384454860548e-14,6.310195340959786e-14,1.1878108860992376e-14,0.1385281385280284,0.05194805194801957,0.05411255411247954,0.05411255411247954,0.04112554112548052,0.04112554112548052,0.012987012986998952,0.389610389610281,0.11688311688302397,0.08658008658000886,0.012987012986998952
221,9.388680024563717e-14,1.1266374771884569e-13,7.823900018490943e-14,8.136814759807685e-14,6.86543101037034e-14,5.743621816279048e-14,2.3931929435286378e-14,4.472238062952723e-14,5.509288336926209e-14,1.0370502739734856e-14,0.13852813852804238,0.05194805194802368,0.054112554112489004,0.054112554112489004,0.041125541125488205,0.041125541125488205,0.012987012987000734,0.3896103896102944,0.11688311688303576,0.08658008658001873,0.012987012987000734
222,8.197039867599862e-14,9.836413803606522e-14,6.830866554769948e-14,7.104067177999912e-14,5.994051365669098e-14,5.0146256462104903e-14,2.0894415317894227e-14,3.9046098308063516e-14,4.8100344933524395e-14,9.054246625460878e-15,0.1385281385280546,0.05194805194802727,0.05411255411249727,0.05411255411249727,0.041125541125494915,0.041125541125494915,0.01298701298700229,0.3896103896103061,0.11688311688304606,0.08658008658002735,0.01298701298700229
223,7.156646345942957e-14,8.587947534183064e-14,5.96387195371748e-14,6.202398749773357e-14,5.233269559522313e-14,4.378155565993456e-14,1.8242431837799012e-14,3.4090263733136875e-14,4.199531751980156e-14,7.90505378666468e-15,0.13852813852806525,0.051948051948030406,0.054112554112504485,0.054112554112504485,0.04112554112550077,0.04112554112550077,0.012987012987003648,0.3896103896103163,0.11688311688305505,0.08658008658003487,0.012987012987003648
224,6.248302771265581e-14,7.497940158736199e-14,5.2069189750790144e-14,5.4151725663950297e-14,4.569048234705464e-14,3.8224679403540815e-14,1.592704626040948e-14,2.976343606745206e-14,3.6665156105952266e-14,6.901720038500202e-15,0.13852813852807455,0.05194805194803314,0.054112554112510786,0.054112554112510786,0.041125541125505885,0.041125541125505885,0.012987012987004835,0.38961038961032524,0.11688311688306291,0.08658008658004143,0.012987012987004835
225,5.455248957989565e-14,6.546279636991916e-14,4.546040797553885e-14,4.7278633161453285e-14,3.989131687934313e-14,3.337309661711223e-14,1.3905536544341051e-14,2.5985780319834734e-14,3.201151281631559e-14,6.0257324964808526e-15,0.13852813852808268,0.05194805194803553,0.05411255411251629,0.05411255411251629,0.04112554112551035,0.04112554112551035,0.01298701298700587,0.38961038961033306,0.11688311688306977,0.08658008658004716,0.01298701298700587
226,4.76285197486012e-14,5.715406601940806e-14,3.969043311774539e-14,4.127789275788842e-14,3.4828197387251286e-14,2.9137289696757935e-14,1.214060306113048e-14,2.268759431413489e-14,2.7948522302497065e-14,5.260927988362175e-15,0.1385281385280898,0.051948051948037616,0.05411255411252109,0.05411255411252109,0.041125541125514246,0.041125541125514246,0.012987012987006774,0.38961038961033984,0.11688311688307575,0.08658008658005217,0.012987012987006774
227,4.15833614728172e-14,4.9899903682277106e-14,3.46528012225374e-14,3.6038783181866286e-14,3.0407702991894066e-14,2.5439102815957805e-14,1.0599680365908484e-14,1.980802261651383e-14,2.440121743795214e-14,4.593194821438309e-15,0.13852813852809598,0.051948051948039434,0.05411255411252528,0.05411255411252528,0.041125541125517646,0.041125541125517646,0.012987012987007563,0.3896103896103458,0.11688311688308096,0.08658008658005655,0.012987012987007563
228,3.6305473285882706e-14,4.3566460622848836e-14,3.0254561067768816e-14,3.146463618673635e-14,2.6548270020091334e-14,2.2210299866481155e-14,9.254336320255197e-15,1.729393369235122e-14,2.1304146094801173e-14,4.0102124024499524e-15,0.1385281385281014,0.05194805194804102,0.05411255411252894,0.05411255411252894,0.041125541125520616,0.041125541125520616,0.012987012987008252,0.389610389610351,0.11688311688308553,0.08658008658006036,0.012987012987008252
229,3.16974709072899e-14,3.803687654957429e-14,2.6414559086406167e-14,2.7471052907896177e-14,2.3178687061782165e-14,1.9391305427665338e-14,8.079747480230843e-15,1.509893957563651e-14,1.8600163481370614e-14,3.5012239057341067e-15,0.1385281385281061,0.05194805194804241,0.05411255411253214,0.05411255411253214,0.04112554112552321,0.04112554112552321,0.012987012987008854,0.38961038961035555,0.11688311688308951,0.08658008658006369,0.012987012987008854
230,2.767433036905695e-14,3.320912339805013e-14,2.306194197184248e-14,2.3984346603690436e-14,2.0236781037554695e-14,1.6930105533919353e-14,7.054241069771088e-15,1.3182539963109564e-14,1.623937775814075e-14,3.056837795031188e-15,0.13852813852811022,0.051948051948043625,0.054112554112534926,0.054112554112534926,0.041125541125525474,0.041125541125525474,0.01298701298700938,0.3896103896103595,0.116883116883093,0.0865800865800666,0.01298701298700938
231,2.416181920683049e-14,2.8994122786221567e-14,2.0134849337151808e-14,2.0940183046917867e-14,1.766827003301978e-14,1.4781287958690005e-14,6.1588950882278674e-15,1.1509374941098382e-14,1.4178229477853042e-14,2.6688545367546633e-15,0.13852813852811383,0.05194805194804468,0.05411255411253736,0.05411255411253736,0.04112554112552745,0.04112554112552745,0.012987012987009838,0.38961038961036293,0.11688311688309604,0.08658008658006915,0.012987012987009838
232,2.1095126769040466e-14,2.5314102406719165e-14,1.7579272306053578e-14,1.828239348078698e-14,1.5425761733731452e-14,1.2905204307295831e-14,5.3771891734911515e-15,1.0048572557321606e-14,1.2378687864666959e-14,2.3301153073453542e-15,0.13852813852811696,0.0519480519480456,0.054112554112539485,0.054112554112539485,0.04112554112552918,0.04112554112552918,0.012987012987010238,0.3896103896103659,0.11688311688309869,0.08658008658007137,0.012987012987010238
233,1.8417668371431483e-14,2.2101161029911032e-14,1.534805697502359e-14,1.5961938237127477e-14,1.3467878980802527e-14,1.1267238458490228e-14,4.6946997786372495e-15,8.773179199858884e-15,1.0807549103012467e-14,2.0343699031535843e-15,0.1385281385281197,0.05194805194804641,0.054112554112541345,0.054112554112541345,0.041125541125530685,0.041125541125530685,0.012987012987010587,0.3896103896103686,0.116883116883101,0.0865800865800733,0.012987012987010587
234,1.6080041231980565e-14,1.929601564033611e-14,1.3400034359060046e-14,1.3936001894520054e-14,1.1758496312845222e-14,9.837167856825478e-15,4.098834037694576e-15,7.659662273328113e-15,9.435823688933414e-15,1.7761614156053026e-15,0.1385281385281221,0.05194805194804711,0.05411255411254297,0.05411255411254297,0.041125541125532,0.041125541125532,0.012987012987010892,0.3896103896103708,0.11688311688310303,0.08658008658007499,0.012987012987010892
235,1.4039112921767646e-14,1.684690758973771e-14,1.1699260767409937e-14,1.2167203281041649e-14,1.0266073407659125e-14,8.588605871056551e-15,3.5785974099850975e-15,6.6874759962338505e-15,8.238201539984655e-15,1.5507255437508051e-15,0.13852813852812418,0.051948051948047726,0.054112554112544384,0.054112554112544384,0.041125541125533155,0.041125541125533155,0.01298701298701116,0.38961038961037275,0.11688311688310479,0.08658008658007646,0.01298701298701116
236,1.2257225512466368e-14,1.470864758394328e-14,1.0214354593145457e-14,1.062290574531646e-14,8.963073124974671e-15,7.498514929555712e-15,3.1243908157607488e-15,5.8386823080758925e-15,7.192584994450339e-15,1.3539026863744458e-15,0.138528138528126,0.05194805194804826,0.05411255411254562,0.05411255411254562,0.04112554112553416,0.04112554112553416,0.012987012987011392,0.38961038961037453,0.11688311688310633,0.08658008658007775,0.012987012987011392
237,1.0701500735884098e-14,1.284178188247242e-14,8.917917279447967e-15,9.274614969611784e-15,7.82545341252675e-15,6.546781449602842e-15,2.727833520008944e-15,5.097619891618537e-15,6.279681083262705e-15,1.1820611916441683e-15,0.1385281385281276,0.05194805194804873,0.054112554112546694,0.054112554112546694,0.041125541125535035,0.041125541125535035,0.012987012987011595,0.3896103896103761,0.11688311688310768,0.08658008658007887,0.012987012987011595
238,9.343233334791115e-15,1.121186432626383e-14,7.786027778632793e-15,8.097453213956192e-15,6.832223700580494e-15,5.715844717565823e-15,2.3816084963903704e-15,4.4506152034795264e-15,5.482645551631114e-15,1.0320303481515885e-15,0.13852813852812898,0.05194805194804914,0.05411255411254764,0.05411255411254764,0.0411255411255358,0.0411255411255358,0.012987012987011772,0.3896103896103774,0.11688311688310886,0.08658008658007986,0.012987012987011772
239,8.157361411529168e-15,9.788820761559454e-15,6.7978011759900606e-15,7.069700290488224e-15,5.965057599905158e-15,4.990372872426704e-15,2.079327418061521e-15,3.88573018128213e-15,4.7867720622175195e-15,9.010418809353896e-16,0.1385281385281302,0.051948051948049495,0.054112554112548464,0.054112554112548464,0.041125541125536465,0.041125541125536465,0.012987012987011926,0.3896103896103786,0.11688311688310989,0.08658008658008072,0.012987012987011926
240,7.122004001604312e-15,8.546394132797848e-15,5.935003334445706e-15,6.172392798486048e-15,5.207954757045828e-15,4.3569800142086684e-15,1.8154127842773805e-15,3.392541972324752e-15,4.179220845334138e-15,7.866788730093868e-16,0.13852813852813126,0.05194805194804981,0.05411255411254918,0.05411255411254918,0.04112554112553705,0.04112554112553705,0.012987012987012062,0.3896103896103795,0.11688311688311077,0.08658008658008147,0.012987012987012062
241,6.218057339862227e-15,7.461660005804628e-15,5.1817144497077905e-15,5.3889742254999506e-15,4.546945627744209e-15,3.80397921765161e-15,1.5849950078483409e-15,2.9619506195452677e-15,3.6487817894726415e-15,6.868311699273743e-16,0.13852813852813217,0.05194805194805008,0.0541125541125498,0.0541125541125498,0.041125541125537554,0.041125541125537554,0.01298701298701218,0.3896103896103804,0.11688311688311155,0.08658008658008212,0.01298701298701218
242,5.42884236980279e-15,6.514603582088561e-15,4.524035308028847e-15,4.704989458543927e-15,3.969833721243504e-15,3.3211668939702293e-15,1.383822564573698e-15,2.586011156392769e-15,3.1856676009305557e-15,5.996564445377876e-16,0.13852813852813298,0.051948051948050314,0.05411255411255035,0.05411255411255035,0.041125541125538,0.041125541125538,0.012987012987012282,0.3896103896103812,0.11688311688311223,0.08658008658008269,0.012987012987012282
243,4.739796992097052e-15,5.687750399634762e-15,3.949830826636829e-15,4.1078180687168366e-15,3.4659705595892698e-15,2.8996345219313556e-15,1.2081835467854813e-15,2.2577870125848807e-15,2.7813332161043587e-15,5.235462035194787e-16,0.13852813852813367,0.05194805194805052,0.05411255411255083,0.05411255411255083,0.04112554112553839,0.04112554112553839,0.012987012987012372,0.38961038961038186,0.11688311688311283,0.08658008658008319,0.012987012987012372
244,4.138207373869349e-15,4.965843906165817e-15,3.44850614480366e-15,3.5864414480363916e-15,3.0260591996645596e-15,2.531604274478539e-15,1.054837173557853e-15,1.9712220259337318e-15,2.428318134406277e-15,4.570961084725462e-16,0.13852813852813428,0.0519480519480507,0.054112554112551246,0.054112554112551246,0.04112554112553873,0.04112554112553873,0.01298701298701245,0.38961038961038247,0.11688311688311334,0.08658008658008362,0.01298701298701245
245,3.612973361032087e-15,4.335563955694646e-15,3.010811134124308e-15,3.1312395018806042e-15,2.641982692710856e-15,2.2102855080291587e-15,9.209539938514457e-16,1.7210286987227306e-15,2.1201087626703512e-15,3.990800639476213e-16,0.1385281385281348,0.05194805194805086,0.05411255411255161,0.05411255411255161,0.041125541125539025,0.041125541125539025,0.01298701298701252,0.3896103896103829,0.1168831168831138,0.086580086580084,0.01298701298701252
246,3.1544036652087834e-15,3.785281034276857e-15,2.6286697209527324e-15,2.73381314576593e-15,2.3066543162102406e-15,1.92974946650733e-15,8.040636792585997e-16,1.502590636843641e-15,1.851018231145834e-15,3.4842759430219333e-16,0.13852813852813528,0.051948051948051,0.054112554112551926,0.054112554112551926,0.04112554112553928,0.04112554112553928,0.01298701298701258,0.38961038961038336,0.1168831168831142,0.08658008658008433,0.01298701298701258
247,2.7540370461630533e-15,3.3048416801173754e-15,2.2950308717594205e-15,2.3868293313110205e-15,2.0138868147284447e-15,1.6848198882570237e-15,7.020094430539967e-16,1.3118773715891106e-15,1.6160814635450407e-15,3.042040919559303e-16,0.1385281385281357,0.05194805194805112,0.054112554112552204,0.054112554112552204,0.041125541125539504,0.041125541125539504,0.012987012987012632,0.38961038961038374,0.11688311688311455,0.08658008658008462,0.012987012987012632
248,2.404486190303897e-15,2.885381138760088e-15,2.003738491885846e-15,2.083885741924692e-15,1.7582782370551367e-15,1.4709774974050621e-15,6.129082445196301e-16,1.1453699924680765e-15,1.4109635650662772e-15,2.65593572598201e-16,0.13852813852813606,0.05194805194805122,0.05411255411255245,0.05411255411255245,0.0411255411255397,0.0411255411255397,0.012987012987012677,0.3896103896103841,0.11688311688311485,0.08658008658008487,0.012987012987012677
249,2.099301404611479e-15,2.5191597966099895e-15,1.749417837149319e-15,1.8193926616862163e-15,1.535112263198359e-15,1.2842766174269275e-15,5.351160442592887e-16,9.9999621888579e-16,1.2318798380435027e-15,2.3188361915771297e-16,0.13852813852813636,0.05194805194805131,0.05411255411255266,0.05411255411255266,0.04112554112553987,0.04112554112553987,0.012987012987012717,0.38961038961038436,0.11688311688311512,0.08658008658008509,0.012987012987012717
250,1.8328516109492528e-15,2.1994203747769804e-15,1.527376342436449e-15,1.5884698377517967e-15,1.3402711821445185e-15,1.1212723683363682e-15,4.671974694154283e-16,8.730737126869904e-16,1.075525949416836e-15,2.0245223672984573e-16,0.13852813852813664,0.051948051948051396,0.05411255411255285,0.05411255411255285,0.041125541125540024,0.041125541125540024,0.012987012987012752,0.3896103896103846,0.11688311688311535,0.08658008658008529,0.012987012987012752
251,1.6002204449441555e-15,1.920263248284235e-15,1.3335170374366659e-15,1.386856433269585e-15,1.1701599147166625e-15,9.789571041995343e-16,4.078993290700504e-16,7.622605856133468e-16,9.390169615303959e-16,1.7675637591704912e-16,0.1385281385281369,0.051948051948051466,0.05411255411255301,0.05411255411255301,0.041125541125540156,0.041125541125540156,0.012987012987012783,0.3896103896103848,0.11688311688311555,0.08658008658008545,0.012987012987012783
252,1.397115542316628e-15,1.6765375901197336e-15,1.1642629519172536e-15,1.2108324093212402e-15,1.0216396796588145e-15,8.547049181688509e-16,3.56127491152389e-16,6.65512188480141e-16,8.198341013023291e-16,1.5432191282218816e-16,0.13852813852813708,0.05194805194805153,0.05411255411255315,0.05411255411255315,0.04112554112554027,0.04112554112554027,0.01298701298701281,0.389610389610385,0.11688311688311573,0.0865800865800856,0.01298701298701281
253,1.2197893388687484e-15,1.4637463315978165e-15,1.0164911157134739e-15,1.0571498852874655e-15,8.91970079003091e-16,7.462231910868462e-16,3.109266942006191e-16,5.810433847817032e-16,7.157782855936641e-16,1.347349008119609e-16,0.13852813852813728,0.051948051948051584,0.05411255411255327,0.05411255411255327,0.041125541125540364,0.041125541125540364,0.012987012987012832,0.3896103896103852,0.11688311688311588,0.08658008658008573,0.012987012987012832
254,1.064969922781561e-15,1.2779631854260111e-15,8.874749356430193e-16,9.229732111490807e-16,7.787585341221545e-16,6.515102896721966e-16,2.7146292147688403e-16,5.072956126288602e-16,6.249295452622793e-16,1.1763393263341907e-16,0.13852813852813745,0.05194805194805163,0.05411255411255338,0.05411255411255338,0.041125541125540455,0.041125541125540455,0.012987012987012853,0.38961038961038535,0.11688311688311602,0.08658008658008584,0.012987012987012853
255,9.298006633515936e-16,1.115760200444626e-15,7.748338861197855e-16,8.058266459811287e-16,6.799161394985667e-16,5.688186337672529e-16,2.370080122138757e-16,4.4290812727172463e-16,5.456115992258843e-16,1.0270347195415965e-16,0.13852813852813758,0.051948051948051674,0.054112554112553474,0.054112554112553474,0.04112554112554053,0.04112554112554053,0.01298701298701287,0.38961038961038547,0.11688311688311613,0.08658008658008594,0.01298701298701287
