"i","Seed","R12","R15","R12R15","R12R23","R12R25","R15R52","R12R25R23","R12R15R23","R15R52R23","R12R15R54","R15R52R54","R12R15R23R34","R12R15R23R54","R12R25R23R34","R12R25R23R54","R15R52R23R54","R15R54","R12R23R34","R12R25R54","R15R52R23R34"
0,1,0,0,0,0,0,0,0,0,0,0,0,0,0,0,0,0,0,0,0,0
1,0.9915384615384616,0.003846153846153846,0.004615384615384615,0,0,0,0,0,0,0,0,0,0,0,0,0,0,0,0,0,0
2,0.9831485207100593,0.007614891518737672,0.009127100591715977,0.00002205128205128205,0.00001923076923076923,0.000012820512820512818,9.230769230769229e-6,0,0,0,0,0,0,0,0,0,0,0.00004615384615384615,0,0,0
3,0.9748295716886666,0.011307391581955192,0.013536929740555304,0.00006535768573307035,0.000056984714003944776,0.0000380111768573307,0.000027346508875739644,1.282051282051282e-7,1.7435897435897435e-7,4.6153846153846146e-8,2.205128205128205e-7,9.230769230769229e-8,0,0,0,0,0,0.00013742485207100593,1.9230769230769231e-7,1.2820512820512818e-7,0
4,0.9665810137743779,0.01492481651999392,0.017846626131981375,0.00012914248520136886,0.00011257192668032166,0.00007513231447765472,0.00005401017072371416,5.056459566074951e-7,6.876092702169626e-7,1.8196331360946744e-7,8.74089677843524e-7,3.6577278106508877e-7,1.7435897435897437e-9,1.7435897435897437e-9,1.282051282051282e-9,1.282051282051282e-9,4.615384615384615e-10,0.000272794149476559,7.621548323471401e-7,5.083168967784352e-7,4.615384615384615e-10
5,0.9584022513501331,0.0184683129443416,0.022057916506630762,0.0002126479885872908,0.0001853198105022859,0.00012375471816046963,0.0000888932704268212,1.2464343654646908e-6,1.6948092664205398e-6,4.4837490095584886e-7,2.1655145298572125e-6,9.058744883022303e-7,8.619682445759369e-9,8.619682445759369e-9,6.338510848126233e-9,6.338510848126233e-9,2.281171597633136e-9,0.0004512604107963727,1.8878740991503567e-6,1.2596400415549824e-6,2.281171597633136e-9
6,0.9502926938387091,0.0219390117985171,0.026172500681769316,0.0003151351449195483,0.00027457271171562247,0.00018345944053586792,0.0001316757043836804,2.4580119706320314e-6,3.341885725702869e-6,8.838737550708379e-7,4.291994415730121e-6,1.7948071925704424e-6,2.5567775109964767e-8,2.5567775109964767e-8,1.880285450277314e-8,1.880285450277314e-8,6.764920607191625e-9,0.0006718395758626803,3.7410722041732157e-6,2.4971872231596788e-6,6.764920607191625e-9
7,0.9422517556600739,0.025338028560247385,0.030192051951480125,0.00043588315843768406,0.0003796915588462809,0.00025383758825622024,0.00018204557018146382,4.241391306284139e-6,5.765966108171961e-6,1.5245748018878232e-6,7.443345864925604e-6,3.111564236407246e-6,5.898663236699346e-8,5.898663236699346e-8,4.3382974209093455e-8,4.3382974209093455e-8,1.5603658157900006e-8,0.0009335645826803734,6.486799321329441e-6,4.331781628518358e-6,1.5603658157900006e-8
8,0.9342788561891039,0.028666463441121705,0.034118217481052045,0.0005741891101649037,0.0005000535090000798,0.00033449011963320157,0.00023969899053170212,6.691389950927161e-6,9.095701107684545e-6,2.4043111567573858e-6,0.000011802177449302444,4.932019938221884e-6,1.1664629344871307e-7,1.1664629344871307e-7,8.579688727193484e-8,8.579688727193484e-8,3.084940617677824e-8,0.0012354851021951746,0.00001028371490979225,6.870157511080561e-6,3.084940617677824e-8
9,0.9263734197136576,0.03192540158375389,0.03795261869565164,0.0007293675866116066,0.000635051601055687,0.00042502764597577593,0.00030433994063583066,9.896857780074892e-6,0.000013451577666355638,3.5547198862807486e-6,0.000017544068550951482,7.329009843538906e-6,2.0760330452555853e-7,2.0760330452555853e-7,1.5271078678120646e-7,1.5271078678120646e-7,5.48925177443521e-8,0.001576667277005695,0.000015284249999793048,0.000010215058707412576,5.48925177443521e-8
10,0.9185348753930035,0.03511591325648314,0.041696851663360165,0.0009007503154829154,0.0007840944156235284,0.000525070236565319,0.0003756800789175965,0.000013940897524537898,0.00001894622271627218,5.005325191734287e-6,0.00002483774441706755,0.000010372409249897212,3.421190811891149e-7,3.421190811891149e-7,2.5167936458195537e-7,2.5167936458195537e-7,9.043971660715958e-8,0.0019561934639622113,0.000021634766010349918,0.000014465335167170335,9.043971660715958e-8
11,0.9107626572166012,0.038239054045643414,0.04535248747265622,0.0010876858082656691,0.0009466057416455519,0.0006342472272051163,0.0004534385810605529,0.000018901078808952163,0.00002568469789143974,6.783619082487584e-6,0.000033845247571896704,0.000014129210039073177,5.315813083518367e-7,5.315813083518367e-7,3.9108833982733435e-7,3.9108833982733435e-7,1.4049296852450244e-7,0.002373161980595813,0.0000294757101665852,0.000019716037532823524,1.4049296852450244e-7
12,0.9030562039632299,0.04129586504543117,0.04892107260442334,0.0012895390095724745,0.0011220242495130098,0.0007521970322825176,0.0005373419772899571,0.00002484964584095054,0.00003376478544709113,8.915139606140596e-6,0.000044722105654553394,0.000018663595849678707,7.884282872662341e-7,7.884282872662341e-7,5.80099127916856e-7,5.80099127916856e-7,2.0832915934937828e-7,0.002826686855322375,0.00003894176758304072,0.000026058509804874687,2.0832915934937828e-7
13,0.8954149591604642,0.04428737304540074,0.052404129298560934,0.0015056909531225046,0.0013098031705816155,0.0008785669602830505,0.0006271239928394544,0.000031853718917254146,0.00004327726561772172,0.00001142354670046757,0.00005761749575027814,0.000024037015622578278,1.1260761417371455e-6,1.1260761417371455e-6,8.285955863263613e-7,8.285955863263613e-7,2.9748055541078423e-7,0.0033158975813666084,0.00005016201007817082,0.00003358048012769986,2.9748055541078423e-7
14,0.887838371044491,0.047214590715616435,0.05580315591527553,0.0017355384242407914,0.0015094099829655924,0.0010130130326968072,0.0007225253915439844,0.000039975489908929704,0.00005430618563958519,0.00001433069573065549,0.00007267440528150318,0.00003030825555097282,1.5588487979143628e-6,1.5588487979143628e-6,1.1471327754989028e-6,1.1471327754989028e-6,4.117160224154599e-7,0.0038399388743522176,0.00006326004178398697,0.000042366149730530363,4.117160224154599e-7
15,0.8803258925202685,0.05007851678948998,0.05911962729112855,0.001978493628759785,0.001720326103494248,0.0011551998062584098,0.0008232938225013757,0.00004927241188412045,0.00006692912065788276,0.000017656708773762302,0.0000900297895239111,0.00003753350946641267,2.101910654310215e-6,2.101910654310215e-6,1.5468876745882e-6,1.5468876745882e-6,5.550229797220148e-7,0.0043979704335049725,0.00007835414161364289,0.00005249628005749844,5.550229797220148e-7
16,0.8728769811220201,0.05288013624433158,0.06235499508991554,0.0022339838682089454,0.0019420465857167939,0.0013048001984628337,0.0009291836697461122,0.000059797383022710916,0.00008121742673350485,0.000021420043710793934,0.00010981472581150895,0.00004576644769142643,2.7712018608890426e-6,2.7712018608890426e-6,2.0396117934294044e-6,2.0396117934294044e-6,7.315900674596379e-7,0.0049891667064162586,0.00009555740264858537,0.00006404827812008254,7.315900674596379e-7
17,0.8654910989740645,0.055620420479642656,0.06551068814845065,0.0025014512211800808,0.002174079823843172,0.0014614953163003298,0.0010399559048797516,0.00007159892497362684,0.00009723648615893546,0.000025637561185308617,0.0001321545644935984,0.00005505828438888755,3.583376128224091e-6,3.583376128224091e-6,2.6375856236565136e-6,2.6375856236565136e-6,9.457905045675772e-7,0.005612716657315414,0.00011497786850575331,0.00007709628010471088,9.457905045675772e-7
18,0.8581677127519762,0.058300327493177845,0.06858811281732956,0.0027803522307580895,0.0024159472625106654,0.0016249742881546338,0.0011553779426034566,0.00008472135580179987,0.00011504594528780106,0.0000303245894860012,0.00015716907670539922,0.00006545784343768506,4.555740989813446e-6,4.555740989813446e-6,3.353574873392782e-6,3.353574873392782e-6,1.2021661164206633e-6,0.006267823538799921,0.00013671866674418504,0.00009171123326771418,1.2021661164206633e-6
19,0.8509062936440749,0.0609208020548035,0.07158865329674222,0.0030701575979086367,0.0026671831122680434,0.0017949340988095738,0.001275223499099064,0.00009920495766823926,0.0001346999450775377,0.00003549498740929846,0.0001849725990129801,0.00007701162286371962,5.706200442691457e-6,5.706200442691457e-6,4.200788431410781e-6,4.200788431410781e-6,1.5054120112806752e-6,0.006953704666973217,0.0001608781393692917,0.0001079609761492605,1.5054120112806752e-6
20,0.8437063173132405,0.0634827758781798,0.07451367196740663,0.00337035188071617,0.0029273340706709268,0.0019710794275101086,0.0013992724532060625,0.00011508613938314915,0.00015624734453975692,0.00004116120515660781,0.00021567417499206647,0.00008976385785471027,7.053199893466834e-6,7.053199893466834e-6,5.192838008093174e-6,5.192838008093174e-6,1.8603618853736598e-6,0.007669591199940639,0.00018754997049197215,0.00012591031713735624,1.8603618853736598e-6
21,0.8365672638590516,0.06598716779029298,0.07736450971669327,0.0036804331993675063,0.003195959048883977,0.002153122489024723,0.0015273107103427848,0.00013239759396860648,0.0001797319372881124,0.00004733434331950597,0.0002493776937992282,0.00010375658238677089,8.615673338864403e-6,8.615673338864403e-6,6.343699401924666e-6,6.343699401924666e-6,2.271973936939738e-6,0.008414727919614704,0.0002168233111986814,0.00014562111141245732,2.271973936939738e-6
22,0.8294886177802442,0.06843488389886412,0.08014248626000904,0.003999912946778024,0.003472628903687376,0.0023407828776569953,0.0016591300691210296,0.0001511684513639712,0.00020519266136880094,0.00005402421000482977,0.00028618202579290325,0.00011902968949019874,0.000010412992711745527,0.000010412992711745527,7.66767534161073e-6,7.66767534161073e-6,2.7453173701347976e-6,0.009188373016781637,0.00024878290168752116,0.00016715233630270454,2.7453173701347976e-6
23,0.8224698679374883,0.07082681775766037,0.0828489004575085,0.004328315504759252,0.003756926174786907,0.0025337874141550206,0.0017945280906042323,0.00017142442640393467,0.00023266380255427296,0.00006123937615033832,0.0003261811552606835,0.00013562099018140904,0.000012464919325433536,0.000012464919325433536,9.179359855250443e-6,9.179359855250443e-6,3.2855594701830956e-6,0.009989797879381727,0.0002835091907243949,0.0001905601650792745,3.2855594701830956e-6
24,0.8155105075164788,0.07316385052973441,0.08548503062619948,0.004665177965628414,0.00404844482732876,0.00273186999546823,0.001933307970160186,0.00019318796219592078,0.00026217519127627343,0.00006898722908035272,0.000369464310308276,0.00015356627108745137,0.000014791557350976265,0.000014791557350976265,0.000010893604119289789,0.000010893604119289789,3.897953231686479e-6,0.010818286883956812,0.000321078452472264,0.00021589803922082468,3.897953231686479e-6
25,0.8086100339913393,0.07544685114861756,0.08805213484750875,0.005010049859162168,0.004346789999521953,0.002934771447301988,0.002075278411860182,0.00021647836902043938,0.0002937523933699859,0.0000772740243495466,0.0004161160899645601,0.00017289935078905323,0.000017413309263738998,0.000017413309263738998,0.000012825483741248996,0.000012825483741248996,4.5878255224900056e-6,0.011673137190218806,0.0003615629007455516,0.00024321673917550697,4.5878255224900056e-6
26,0.8017679490883357,0.07767667647749141,0.09055145127037287,0.005362492884798478,0.004651577755273009,0.0031422393794211835,0.002220253505377297,0.00024131195887494705,0.0003274168947968035,0.00008610493592185658,0.0004662165885561818,0.00019365213490765506,0.00002035083319743886,0.00002035083319743886,0.00001499026743145339,0.00001499026743145339,5.360565765985471e-6,0.012553658538693894,0.0004050308007407711,0.0002725644536485269,5.360565765985471e-6
27,0.7949837587498958,0.07985417146636299,0.09298419840991842,0.0057220806489922185,0.0049624348417392486,0.003354028043654837,0.0023680526053373833,0.00026770217577879737,0.0003631862805091032,0.00009548410473030593,0.0005198415174041665,0.00021585466996142802,0.000023625002145406894,0.000023625002145406894,0.000017403387020202862,0.000017403387020202862,6.221615125204037e-6,0.013459173051397622,0.00045154657829350124,0.0003039868474427387,6.221615125204037e-6
28,0.7882569730989352,0.08198016930726784,0.09535157544179447,0.006088398407631715,0.0052789984517087425,0.0035698981945545575,0.0025185002130771596,0.00029565972195395976,0.00040107440761634635,0.00010541468566238672,0.0005770623238940888,0.00023953519601480186,0.000027256864950497925,0.000027256864950497925,0.000020080408777990835,0.000020080408777990835,7.176456172507096e-6,0.014389015035496807,0.0005011709267108937,0.0003375271278792871,7.176456172507096e-6
29,0.7815871064034826,0.08405549158752511,0.09765476249221981,0.006461042813425054,0.005600915990716602,0.0037896169526604653,0.002671425860764591,0.00032519267999334914,0.0004410915730078738,0.00011589889301452479,0.0006379463079704059,0.00026472019814557344,0.00003126760902666139,0.00003126760902666139,0.00002303700599753043,0.00002303700599753043,8.230603029130964e-6,0.01534253078991475,0.0005539609112279811,0.00037322610982483265,8.230603029130964e-6
30,0.7749736770416069,0.08608094844106866,0.09989492092380635,0.006839621668166535,0.005927844848808951,0.004012957670328976,0.002826663997837562,0.0003563066311258398,0.00048324467558389695,0.00012693804445805724,0.0007025567361046564,0.00029143445675321937,0.00003567852475674013,0.00003567852475674013,0.00002628893279746392,0.00002628893279746392,9.389591959276212e-6,0.016319078414836947,0.0006099700711351472,0.0004111222793514373,9.389591959276212e-6
31,0.7684162074666394,0.08805733869787775,0.10207319361721894,0.007223753679795212,0.0062594521768674785,0.0042396998000776035,0.0029840538797176112,0.00038900476968433106,0.0005275373732424149,0.0001385326035580839,0.0007709529527863217,0.000319701096731595,0.0000405109715125791,0.0000405109715125791,0.00002985199910872232,0.00002985199910872232,0.000010658972403856784,0.017318027624075007,0.0006692485196232367,0.00045125185605472706,0.000010658972403856784
32,0.761914224172691,0.08998545003153062,0.10419070524873157,0.00761306822415898,0.006595414667409076,0.0044696287654026985,0.0031434394587562847,0.0004232880138805907,0.0005739702347661009,0.00015068222088551029,0.0008431904895842739,0.0003495416355287711,0.00004578634524500325,0.00004578634524500325,0.00003374204680556563,0.00003374204680556563,0.000012044298439437624,0.018338759560247195,0.0007318430413919115,0.0004936488540555031,0.000012044298439437624
33,0.7554672576604606,0.09186605910490388,0.10624856256373867,0.00800720511139916,0.006935418339776578,0.00470253583402676,0.0033046692773724034,0.00045915511298802263,0.0006225408867496041,0.0001633857737615815,0.0009193211718258637,0.00038097603011633395,0.00005152604759266426,0.00005152604759266426,0.00003797492694437154,0.00003797492694437154,0.000013551120648292727,0.01938066661273451,0.0007977971880660023,0.0005383451417095301,0.000013551120648292727
34,0.7490748424033337,0.09369993171404074,0.10824785464627922,0.008405814356871997,0.007279158329638154,0.004938217993532705,0.0034675963633392947,0.0004966027510309845,0.0006732441557041964,0.00017664140467321188,0.0009993932229398553,0.000414022722890058,0.0000577514564601603,0.0000577514564601603,0.00004256647807425177,0.00004256647807425177,0.000015184978385908542,0.020443152238371898,0.0008671513714637681,0.0005853705000497978,0.000015184978385908542
35,0.7427365168137671,0.09548782293021027,0.1101896531846313,0.008808555956524943,0.007626338682714389,0.005176477829343183,0.0036320781271817638,0.0005356256470768222,0.0007260722054732664,0.00019044655839644411,0.0010834513665085753,0.0004486986865234509,0.00006448389801720227,0.00006448389801720227,0.000047532505584561614,0.000047532505584561614,0.00001695139243264066,0.02152563078483469,0.0009399429547601497,0.0006347526799851248,0.00001695139243264066
36,0.7364518232099582,0.09723047724018,0.11207501273303308,0.009215099666647034,0.007976672152653535,0.0054171234050037365,0.0037979762616432997,0.000576216652224383,0.000781014670088807,0.00020479801786442404,0.0011715369260738248,0.00048501946779526856,0.00007174462007193493,0.00007174462007193493,0.000052888762055329836,0.000052888762055329836,0.000018855858016605104,0.022627527316681002,0.0010162063415872936,0.0006865174582785566,0.000018855858016605104
37,0.730220307782797,0.0989286286847239,0.11390497096958581,0.009625124787913995,0.008329880002976875,0.00565996814472928,0.0039651566431847165,0.0006183668433804258,0.0008380587821957778,0.00021969193881535206,0.001263687922740295,0.0005229992304117016,0.000079554766772823,0.000079554766772823,0.00005865092857757367,0.00005865092857757367,0.000020903838195249343,0.023748277444011333,0.001095973063113829,0.000740688692328594,0.000020903838195249343
38,0.7240415205630965,0.10058300099538724,0.11568054895039373,0.010038319953650203,0.008685691813017546,0.005904830718174088,0.0041334892354761175,0.0006620656139130533,0.0008971894971680218,0.0002351238832549686,0.001359939170619435,0.0005626507968435488,0.00008793535459478077,0.00008793535459478077,0.00006483459701137793,0.00006483459701137793,0.000023100757583402863,0.02488732715370719,0.0011792718631435976,0.0007972883737758867,0.000023100757583402863
39,0.717915015389101,0.10219430772952988,0.11740275135999481,0.010454382922230861,0.009043845287777524,0.0061515349273861,0.004302847994844763,0.0007073007612690545,0.0009583896130363041,0.00025108885176724984,0.001460322370155937,0.00060398568919831,0.00009690724956646099,0.00009690724956646099,0.00007145525315050846,0.00007145525315050846,0.00002545199641595255,0.026044132643211124,0.0012661287812737732,0.0008563366809576276,0.00002545199641595255
40,0.7118403498742701,0.10376325240366908,0.11907256675813535,0.010873020373549154,0.00940408607162888,0.006399909595907075,0.0044731107776420816,0.0007540585716398623,0.0010216398863459907,0.00026758131470612864,0.0015648661993782455,0.0006470141691467576,0.00010649114569682402,0.00010649114569682402,0.000078528260763199,0.000078528260763199,0.000027962884933625047,0.027218160156811073,0.0013565672341515483,0.0009178520302314886,0.000027962884933625047
41,0.7058170853753342,0.1052905286251427,0.12069096782294117,0.011293947709474417,0.009766167565786745,0.0066497884599807,0.004644159249493721,0.0008023239017586968,0.001086919144058913,0.00028459524230021647,0.0016735964031137371,0.0006917452769231784,0.00011670754456028393,0.00011670754456028393,0.00008606884647959763,0.00008606884647959763,0.000030638698080686336,0.028408885824392424,0.001450608094867837,0.0009818511261905593,0.000030638698080686336
42,0.6998447869606198,0.10677682022211347,0.12225891159053692,0.011716888858228658,0.010129850749482678,0.006901010061831464,0.004815878796397197,0.0008520802579093822,0.0011542043916110626,0.0003021241337016807,0.0017865358802084813,0.0007381868694181157,0.00012757673600087305,0.00012757673600087305,0.0000940920854971846,0.0000940920854971846,0.0000334846505036885,0.029615795502621837,0.0015482697705257046,0.0010483490107903663,0.0000334846505036885
43,0.6939230233786453,0.1082228013719348,0.12377733969116457,0.012141576082610014,0.010494904004768534,0.007153417644977704,0.0049881584376323135,0.0009033098722252941,0.0012234709172349268,0.0003201610450096331,0.0019037047687907678,0.0007863456573820876,0.00013911877991698368,0.00013911877991698368,0.00010261288807627842,0.00010261288807627842,0.00003650589184070531,0.030838384618527205,0.0016495682780205314,0.001117359111408681,0.00003650589184070531
44,0.6880513670269799,0.10962913672789804,0.12524717858185122,0.012567749791992976,0.010861102944882066,0.00740685905154282,0.005160890740450158,0.0009559937763549052,0.001294692392652507,0.000338698616297602,0.0020251205296168678,0.0008362272417584108,0.00015135348908933296,0.00015135348908933296,0.00011164598679853136,0.00011164598679853136,0.000039707502290801635,0.03207615801543885,0.0017545173180682169,0.0011888932878584579,0.000039707502290801635
45,0.6822293939213669,0.11099648154438145,0.126669339775676,0.012995158358036444,0.011228230246106856,0.007661186621529338,0.005333971736507109,0.0010101118725684614,0.0013678409702423619,0.00035772909767390075,0.0021507980275367977,0.0008878361491629123,0.00016430041301585801,0.00016430041301585801,0.00012120592456208042,0.00012120592456208042,0.00004309448845377765,0.033328629801257365,0.0018631283475170376,0.0012629618783738862,0.00004309448845377765
46,0.6764566836651091,0.11232548180042021,0.12804472006768436,0.013423557934031854,0.011596075483060315,0.007916257094021002,0.005507300840010854,0.0010656430023784284,0.0014428873767813864,0.0003772443744029583,0.002280749611117162,0.0009411758665279834,0.00017797882271828163,0.00017797882271828163,0.00013130704328776502,0.00013130704328776502,0.00004667177943051666,0.03459532319901412,0.0019754106499781064,0.0013395737445891795,0.00004667177943051666
47,0.6707328194187121,0.113616774321717,0.1293742017574988,0.013852712277824813,0.011964434967344744,0.008171931510278755,0.0056807807675460596,0.0011225650127444993,0.0015198010038594523,0.00039723599111495336,0.0024149851904574807,0.000996248874928092,0.00019240769648609548,0.00019240769648609548,0.00014196347331154932,0.00014196347331154932,0.00005044422317454624,0.03587577039969096,0.0020913714048087094,0.0014187363155293896,0.00005044422317454624
48,0.6650573878697845,0.11487098690111253,0.1306586528686725,0.014282392578244828,0.012333111589497583,0.008428075118696964,0.005854317459547866,0.0011808548199321522,0.0015985499950625366,0.0004176951751303846,0.002553512313235729,0.0010530566826035526,0.00020760570652469002,0.00020760570652469002,0.00015318912343899432,0.00015318912343899432,0.00005441658308569578,0.03716951241726595,0.0022110157544821566,0.001500455630632177,0.00005441658308569578
49,0.659429979203194,0.11608873841753461,0.13189892736483316,0.014712377284978876,0.012701914664178186,0.008684557281586885,0.006027820003391993,0.0012404884710919858,0.001679101330017502,0.0004386128589255162,0.0026963362390181773,0.0011115998571990312,0.0002235912064753154,0.0002235912064753154,0.00016499767163831585,0.00016499767163831585,0.000058593534836999625,0.03847609894595267,0.0023343468703771325,0.0015847363818191466,0.000058593534836999625
50,0.6538501870714747,0.11727063895344489,0.13309586536266332,0.015142451941825641,0.013070659778529557,0.008941251383754864,0.006201200558070779,0.0013014412036253412,0.001761420905389307,0.00045997970176396585,0.002843460011867966,0.0011718780572329511,0.00024038221977549043,0.00024038221977549043,0.0001774025563492357,0.0001774025563492357,0.00006297966342625479,0.039795088219601,0.0024613660170189145,0.0016715819546350155,0.00006297966342625479
51,0.6483176085654853,0.1184172899108014,0.13425029334176208,0.0155724090232684,0.013439168643654622,0.009198034742843357,0.006374374280425045,0.0013636875024000406,0.001845473612919081,0.0004817861105190404,0.0029948845312862227,0.0012338900628136589,0.0002579964288293835,0.0002579964288293835,0.00019041696838548912,0.00019041696838548912,0.00006757946044389445,0.041126046873227635,0.00259207261480421,0.001760994468472564,0.00006757946044389445
52,0.6428318441853158,0.11952928412555545,0.1353630243514335,0.01600204777430557,0.01380726894914772,0.009454788521403377,0.006547259252902193,0.0014272011548784385,0.0019312234145892233,0.0005040222597107848,0.0031506086215189067,0.0012976338056179093,0.0002764511649585743,0.0002764511649585743,0.00020405384340948954,0.00020405384340948954,0.00007239732154908485,0.04246854980664526,0.0027264643012407564,0.0018529748159009977,0.00007239732154908485
53,0.63739249781144,0.12060720598070084,0.13643485821444565,0.016431174053479037,0.014174794220623035,0.009711397640667512,0.0067197764128115265,0.001491955304218379,0.002018633414999459,0.0005266781107810801,0.003310629099261962,0.0013631063981469312,0.00029576339910446654,0.00029576339910446654,0.00021832585495827392,0.00021832585495827392,0.0000774375441461927,0.043822180050159594,0.0028645369907322337,0.0019475227011150314,0.0000774375441461927
54,0.6319991766761125,0.12165163151789307,0.1374665817278039,0.016859600179041413,0.014541583680182822,0.009967750695993169,0.006891849483048245,0.0015579225004060926,0.0021076659310356083,0.0005497434306295161,0.0034749408397967527,0.0014303041622750466,0.0003159497332544611,0.0003159497332544611,0.0002332454080004577,0.0002332454080004577,0.0000827043252540035,0.04518652863230405,0.003006284932938464,0.0020446366775217066,0.0000827043252540035
55,0.626651491335007,0.12266312854765654,0.13845896886058132,0.017287144778204377,0.01490748210976924,0.010223739873946248,0.007063404904258129,0.001625074749478546,0.0021982825589107126,0.000573207809432167,0.003643536841587167,0.001499222657105529,0.00033702639256481717,0.00033702639256481717,0.0002488246330045186,0.0002488246330045186,0.00008820175956029865,0.046561194449582094,0.0031517007697402922,0.0021443141844816383,0.00008820175956029865
56,0.6213490556390954,0.12364225675819673,0.1394127809488486,0.01771363263941133,0.015272339717344702,0.01047926087099591,0.00723437176841542,0.0016933835608912706,0.0022904442386560845,0.0005970606777648143,0.0038164082893692108,0.0015698567061481104,0.0003590092181539243,0.0003590092181539243,0.0002650753804993041,0.0002650753804993041,0.00009393383765462032,0.047945784138187904,0.0033007755908379846,0.002246551583221101,0.00009393383765462032
57,0.6160914867067646,0.1245895678228348,0.14032876688774512,0.01813889456757851,0.015636012005846606,0.010734212813791626,0.007404681753786886,0.0017628199930862405,0.002384111316137835,0.0006212913230515951,0.003993544615763324,0.0016422004238322646,0.00038191366054048516,0.00038191366054048516,0.0002820092161082168,0.0002820092161082168,0.00009990444443226846,0.04933991194767639,0.0034534989880114315,0.00235134419193106,0.00009990444443226846
58,0.610878404896169,0.12550560550608159,0.14120766332073253,0.018562767242249773,0.015998359644863337,0.010988498180994202,0.007574269061255573,0.0018333546973129625,0.0024792436026724596,0.0006458889053594976,0.004174933561439109,0.0017162472413701335,0.0004057547737018635,0.0004057547737018635,0.00029963741603907917,0.00029963741603907917,0.00010611735766278441,0.05074319961655384,0.0036098591080698976,0.0024586863200689764,0.00010611735766278441
59,0.6057094337778167,0.1263909057683677,0.14205019482607076,0.0189850930786111,0.016359248344979354,0.011242022726632894,0.007743070351978205,0.001904957959754552,0.002575800432313137,0.0006708424725585855,0.004360561233861607,0.0017919899319826893,0.0004305472097285881,0.0004305472097285881,0.0003179709630122088,0.0003179709630122088,0.0001125762467163794,0.052155276249761164,0.003769842704518531,0.0025685713018789185,0.0001125762467163794
60,0.600584200107389,0.1272459968694463,0.14285707410055723,0.019405720091311966,0.016718548734738204,0.011494695404961293,0.007911024686350673,0.001977599742009223,0.0026737407168765277,0.0006961409748673049,0.0045504121646477175,0.0018694206355024713,0.0004563052140517195,0.0004563052140517195,0.0003370205426097543,0.0003370205426097543,0.00011928467144196525,0.05357577819802187,0.003933435187968325,0.0026809915291452473,0.00011928467144196525
61,0.595502333798788,0.12807139947048501,0.14362900214056815,0.019824501761041554,0.017076136240173134,0.011746428296785029,0.008078073464256527,0.002051249719976306,0.0027730229987780177,0.0007217732788017122,0.004744469365560837,0.001948530882365978,0.00048304262122048476,0.00048304262122048476,0.00035679654002984657,0.00035679654002984657,0.0001262460811906383,0.05500434893902744,0.004100620675315707,0.0027959384831948604,0.0001262460811906383
62,0.5904634678974137,0.12886762673486316,0.14436666842044074,0.020241296903808683,0.017431890966856007,0.01199713653723487,0.008244160366573815,0.002125877321194615,0.002873605501741576,0.0007477281805469605,0.0049427143831712525,0.0020293116170085434,0.000510772851208265,0.000510772851208265,0.00037730903722960963,0.00037730903722960963,0.00013346381397865543,0.05644063896043313,0.004271382037717438,0.002913402766162711,0.00013346381397865543
63,0.5854672385536663,0.12963518442769006,0.14507075106823494,0.02065596954287531,0.017785697584416057,0.012246738244959223,0.008409231297916089,0.0022014517606797506,0.002975446179448641,0.0007739944187688904,0.005145127352209339,0.0021117532206742814,0.0005395089062256807,0.0005395089062256807,0.0003985678104415558,0.0003985678104415558,0.00014094109578412502,0.05788430564463753,0.004445700947385998,0.0030333741315350595,0.00014094109578412502
64,0.5805132849966738,0.1303745710140606,0.14574191703891196,0.021068388783294284,0.018137445213480905,0.012495154452710468,0.008573234330583818,0.002277942075305672,0.0030785027621887647,0.000800560686883093,0.005351687047638092,0.0021958455336534423,0.0005692633680201672,0.0005692633680201672,0.0004205823280483533,0.0004205823280483533,0.00014868103997181393,0.05933501315531988,0.0046235579232301585,0.0031558415139846517,0.00014868103997181393
65,0.5756012495082403,0.13108627775606327,0.1463808222849672,0.021478428689002897,0.018487027314993194,0.012742309039300013,0.008736119649702884,0.002355317156774714,0.0031827328015730637,0.0008274156447983502,0.005562370935471035,0.0022815778769592803,0.0006000483956420548,0.0006000483956420548,0.00044336174880141,0.00044336174880141,0.00015668664684064486,0.060792432325709,0.004804932375364968,0.0032807930585117564,0.00015668664684064486
66,0.5707307773970167,0.13177078880855628,0.14698811192455416,0.021885968162424666,0.018834341581856956,0.012988128662897391,0.008897839499527275,0.0024335457832190305,0.0032880937133699275,0.0008545479301508976,0.005777155222361064,0.002368939073456309,0.0006318757236577854,0.0006318757236577854,0.00046691492036915716,0.00046691492036915716,0.00016496080328862837,0.06225624054855868,0.0049898026485148995,0.0034082161489047565,0.00016496080328862837
67,0.5659015169728882,0.13242858131372703,0.1475644204071351,0.022290890826532593,0.019179289832868786,0.013232542695649118,0.009058348130883473,0.0025125966494753266,0.003394542818520842,0.0008819461690455161,0.005996014903985311,0.0024579174684515818,0.0006647566607914848,0.0006647566607914848,0.0004912503782013475,0.0004912503782013475,0.00017350628259013735,0.06372612166780421,0.005178146064333469,0.00353809743553373,0.00017350628259013735
68,0.561113119521579,0.1330601254944498,0.1481103716766947,0.022693084909327966,0.01952177790888961,0.013475483159593472,0.009217601749734492,0.002592438396073628,0.003502037382392651,0.0009095989863190232,0.006218923812250637,0.0025485009497604166,0.0006987020889766931,0.0006987020889766931,0.0005163763446961007,0.0005163763446961007,0.0001823257442805925,0.06520176587187557,0.005369938962662157,0.003670422862490221,0.0001823257442805925
69,0.5563652392794733,0.13366588474645652,0.1486265793325513,0.023092443130689602,0.0198617155712137,0.013716884663847736,0.009375558466841865,0.002673039636979755,0.00361053465232107,0.0009374950153413151,0.006445854661343916,0.0026406769672577615,0.0007337224628006197,0.0007337224628006197,0.000542300728656837,0.000542300728656837,0.00019142173414378274,0.06668286958864252,0.005565156741751053,0.003805177694086156,0.00019142173414378274
70,0.551657533408647,0.13424631572933557,0.14911364678780084,0.023488862591549215,0.020199016402092422,0.013956684343044874,0.00953217824850434,0.002754368986130111,0.003719991893498809,0.0009656229073686982,0.006676779092650812,0.0027344325519261803,0.0007698278093238303,0.0007698278093238303,0.0005690311250266346,0.0005690311250266346,0.00020079668429719589,0.06816913538196802,0.0057637738974631895,0.003942346540724634,0.00020079668429719589
71,0.5469896619721123,0.13480186845637274,0.14957216742542692,0.023882244665349363,0.02053359770737089,0.014194821796996986,0.009687422868352375,0.0028363950827963746,0.0038303664232602203,0.0009939713404638459,0.006911667718566304,0.002829754334411224,0.0008070277282588185,0.0008070277282588185,0.0005965748148879357,0.0005965748148879357,0.00021045291337088286,0.06966027184984602,0.005965764061484114,0.004081913384155082,0.00021045291337088286
72,0.5423612879092713,0.1353329863832488,0.15000272475211146,0.024272494891741218,0.020865380421196573,0.014431239031563273,0.009841255860177943,0.0029190866158166685,0.003941615643812999,0.0010225290279963308,0.007150490165219798,0.0029266285630947476,0.0008453313924914207,0.0008453313924914207,0.0006249387657158994,0.0006249387657158994,0.00022039262677552132,0.07115599352410029,0.006171100038557823,0.004223861602125052,0.00022039262677552132
73,0.5377720770115775,0.1358401064956081,0.15040589254977854,0.02465952287248015,0.02119428901275954,0.014665880400700654,0.009993642471779496,0.0030024123467288066,0.004053697073466101,0.001051284726737294,0.00739321511413721,0.003025041121696527,0.0008847475489295506,0.0008847475489295506,0.0006541296318740661,0.0006541296318740661,0.00023061791705548463,0.07265602077162141,0.006379753842769789,0.004368173992440685,0.00023061791705548463
74,0.5332216978984026,0.13632365939551155,0.15078223502490432,0.025043242169477866,0.021520251395024923,0.014898692549675505,0.010144549619802361,0.0030863411318402655,0.004166568376401711,0.0010802272445614455,0.007639810342862012,0.003124977546414322,0.0009252845196642117,0.0009252845196642117,0.0006841537553413542,0.0006841537553413542,0.00024113076432285757,0.0741600796971192,0.0065916967328973845,0.0045148327964476915,0.00024113076432285757
75,0.5287098219931083,0.13678406938678855,0.1511323069556252,0.025423570204970544,0.021843198835418732,0.01512962435941541,0.010293945845555135,0.0031708419432685876,0.004280187391037815,0.0011093454477692285,0.00789024276455679,0.0032264230426123455,0.0009669502034282287,0.0009669502034282287,0.0007150171666597568,0.0007150171666597568,0.00025193303676847203,0.07566790204736824,0.006806899246847633,0.0046638197219444465,0.00025193303676847203
76,0.5242361234993205,0.1372217545593008,0.1514566538366762,0.025800428163763198,0.02216306586842903,0.015358626891980141,0.010441801271783058,0.003255883888985022,0.0043945121570266405,0.0011386282680416195,0.008144478466606495,0.003329362501067897,0.001009752077338607,0.001009752077338607,0.0007467255860924428,0.0007467255860924428,0.0002630264912461643,0.0771792251169245,0.007025331235201821,0.0048151159655386005,0.0002630264912461643
77,0.5198002793774031,0.13763712687213198,0.15175581202219035,0.026173740897511105,0.02247979021008505,0.015585653337131442,0.010588087560379664,0.003341436231893319,0.00450950094093302,0.0011680647090397025,0.008402482748244127,0.0034337805137857275,0.0010536971989088732,0.0010536971989088732,0.0007792844249822929,0.0007792844249822929,0.0002744127739265805,0.07869379165529126,0.0072469618938861115,0.004968702234458402,0.0002744127739265805
78,0.5154019693211328,0.13803059223571634,0.15203030886639077,0.026543436830999925,0.022793312674277626,0.01581065895998158,0.01073277787101835,0.0034274684079747264,0.004625112260635532,0.0011976438526608067,0.008664220157219238,0.003539661389389524,0.0010987922083182035,0.0010987922083182035,0.0008126987873012261,0.0008126987873012261,0.00028609342101697753,0.08021134977551317,0.007471759795986962,0.005124558767829716,0.00028609342101697753
79,0.5110408757345695,0.1384025505929194,0.15228066286220499,0.026909447870386762,0.023103577090884914,0.016033601049700908,0.010875846820685856,0.0035139500435293985,0.00474130490849208,0.0012273548649626824,0.008929654525529237,0.0036469891680997076,0.001145043330924559,0.001145043330924559,0.0008469734713809733,0.0008469734713809733,0.0002980698595435856,0.08173165286417708,0.007699692922729738,0.005282665357429532,0.0002980698595435856
80,0.5067166837091232,0.13875339599908368,0.15250738377783213,0.027271709313365103,0.023410530225668098,0.016254438869265125,0.011017270444099978,0.0036008509715435982,0.004858037973310456,0.001257187001766858,0.009198749004233104,0.0037557476363065663,0.0011924563800094798,0.0011924563800094798,0.0008821129718162673,0.0008821129718162673,0.00031034340819321245,0.08325445949279912,0.007930728693638587,0.005443001367926541,0.00031034340819321245
81,0.5024290810008152,0.13908351670105254,0.15271097279129228,0.027630159761217236,0.02371412170190238,0.016473133606223093,0.011157026154994143,0.003688141247211279,0.004975270861163299,0.0012871296139520209,0.009471466097366755,0.003865920340747566,0.0012410367597425844,0.0012410367597425844,0.0009181214815317033,0.0009181214815317033,0.00032291527821088104,0.08477953333057744,0.008164833995895269,0.005605545756619193,0.00032291527821088104
82,0.49817775800773134,0.13939329521518443,0.15289192262298718,0.027984741032718405,0.02401430392370927,0.01668964832446659,0.011295092708251816,0.0037757911626378434,0.005092963315085794,0.001317172152447951,0.009747767694978928,0.003977490602297507,0.0012907894683542175,0.0012907894683542175,0.0009550028940038161,0.0009550028940038161,0.00033578657435040125,0.08630664305849037,0.008401975212914293,0.005770277092681423,0.00033578657435040125
83,0.493962407747666,0.13968310840437034,0.15305071766630104,0.028335398079857552,0.024311032001056703,0.01690394791698354,0.011431450162874014,0.0038637712607531172,0.005211075433693368,0.0013473041729402512,0.010027615105306111,0.004090441529380025,0.0013417191015050755,0.0013417191015050755,0.0009927608056301946,0.0009927608056301946,0.00034895829587488076,0.08783556228472024,0.008642118252151386,0.005937173575926089,0.00034895829587488076
84,0.48978272583595495,0.13995332755406678,0.1531878341162697,0.02868207890534019,0.024604263676394275,0.017115999059576687,0.011566079845763506,0.003952052348459828,0.005329567688755644,0.0013775153402958162,0.010310969086104687,0.0042047560310087655,0.001393829855842009,0.001393829855842009,0.0010313985182377257,0.0010313985182377257,0.00036243133760428326,0.08936606946138324,0.008885228572161952,0.0061062130550959244,0.00036243133760428326
85,0.4856384104634969,0.14020431844735634,0.15330374009634634,0.029024734481839516,0.02489395925289137,0.017325770165529927,0.011698964316309592,0.004040605509043163,0.005448400941761879,0.0014077954327187175,0.01059778987515809,0.004320416829466401,0.0014471255327295656,0.0014471255327295656,0.001070919041722324,0.001070919041722324,0.0003762064910072414,0.09089794780254593,0.009131271208925894,0.006277373045691691,0.0003762064910072414
86,0.4815291623749596,0.14043644143904807,0.15339889578329055,0.02936331867296247,0.02518008152424663,0.01753323134120483,0.011830087331757642,0.004129402113866254,0.005567536459512144,0.001438134345645891,0.010888037219976485,0.004437406472629497,0.0015016095421471845,0.0015016095421471845,0.0011113250968127555,0.0011113250968127555,0.0003902844453344286,0.09243098520350938,0.009380210801454807,0.0064506307473469904,0.0003902844453344286
87,0.4774546848471715,0.14065005152882953,0.1534737535302089,0.029697788155898106,0.025462595706037757,0.017738354342550253,0.011959433813347858,0.004218413833375775,0.005686935928767536,0.0014685220953917614,0.01118167040670611,0.004555707345947073,0.001557284906742306,0.001557284906742306,0.001152619117951418,0.001152619117951418,0.0004046657887908875,0.09396497416134228,0.009632011616697272,0.006625963060759039,0.0004046657887908875
88,0.4734146836676954,0.14084549843348232,0.1535287579877729,0.03002810234571615,0.025741469368581276,0.0179411125325081,0.012086989813208058,0.004307612647441137,0.005806561469991802,0.0014989488225506655,0.01147864828826509,0.0046753016840805515,0.0016141542660299813,0.0016141542660299813,0.0011948032562851757,0.0011948032562851757,0.0004193510097448051,0.09549971169664437,0.00988663757375765,0.006803346604184541,0.0004193510097448051
89,0.4694088671135841,0.14102312665817257,0.15356434622364112,0.030354223321284228,0.026016672371272333,0.01814148083929875,0.012212742481985483,0.004396970855050125,0.005926375650215817,0.0015294047951656925,0.011778929311722251,0.004796171582212632,0.0016722198807298993,0.0016722198807298993,0.0012378793827595872,0.0012378793827595872,0.00043434049797031176,0.0970349992765221,0.010144052267443462,0.006982757729509622,0.00043434049797031176
90,0.4654369459303153,0.1411832755668282,0.1535809478401113,0.030676115752772824,0.026288176798375324,0.018339435715569844,0.012336680037202983,0.004486461083383191,0.006046341495055497,0.001559880411672306,0.012082471544935093,0.0049182990070324875,0.0017314836372320575,0.0017314836372320575,0.0012818490913100884,0.0012818490913100884,0.0004496345459219687,0.0985706427387585,0.010404218991156185,0.0071641725379026095,0.0004496345459219687
91,0.461498633310905,0.14132627945161386,0.1535789850900281,0.03099374683071755,0.026555956896236542,0.01853495509839239,0.012458791732325161,0.0045760562962879605,0.0061664224999128355,0.001590366203624875,0.01238923270246282,0.005041665807404517,0.0017919470521826125,0.0017919470521826125,0.0013267137021439205,0.0013267137021439205,0.0004652333500386917,0.1001064522171596,0.010667100759139937,0.007347566895058308,0.0004652333500386917
92,0.4575936448751974,0.14145246760151517,0.15355887299097187,0.03130708619660889,0.026819989011890668,0.01872801837008855,0.01257906782652034,0.004665729802174952,0.006286582640388955,0.0016208528382140033,0.012699170170769996,0.005166253724727769,0.001853611277181741,0.001853611277181741,0.0013724742651068,0.0013724742651068,0.00048113701207494047,0.10164224206805987,0.010932660328102303,0.0075329164460422315,0.00048113701207494047
93,0.4537216986493303,0.14156216437004313,0.15352101943775304,0.03161610587498008,0.0270802515330334,0.018918606319875606,0.012697499555104477,0.004755455261354864,0.00640678638193719,0.001651331120582325,0.013012241032736085,0.005292044402992972,0.0019164771035856305,0.0019164771035856305,0.0014191315631285496,0.0014191315631285496,0.0004973455404570805,0.10317783079796958,0.011200860218221208,0.007720196629743117,0.0004973455404570805
94,0.44988251504537446,0.14165568924206953,0.1534658253132368,0.031920780206964365,0.027336724829333057,0.01910670110631095,0.012814079100653417,0.004845206692837257,0.006526998688783457,0.001681791995946201,0.013328402091485886,0.005419019398544017,0.0019805449674050023,0.0019805449674050023,0.0014666861157420982,0.0014666861157420982,0.0005138588516629038,0.10471304099234711,0.011471662733551543,0.007909382692941874,0.0005138588516629038
95,0.4460758168411444,0.1417333568998045,0.15339368459752245,0.03222108578529327,0.02758939119505452,0.019292286220523185,0.01292879956477009,0.004934958480609843,0.006647185032140387,0.001712226551530544,0.01364760989355553,0.005547160189550551,0.002045814954292837,0.002045814954292837,0.0015151381826704708,0.0015151381826704708,0.0005306767716223658,0.10624769924547948,0.011745029981844873,0.008100449704004984,0.0005306767716223658
96,0.44230132916018083,0.14179547728792657,0.15330498447550087,0.03251700139070827,0.0278382347929693,0.019475346450214686,0.013041654940493584,0.005024685379417111,0.006767311397740894,0.0017426260183237836,0.013969820751408462,0.005676448185198252,0.002112286804614241,0.002112286804614241,0.0015644877674765693,0.0015644877674765693,0.0005477990371376713,0.10778163609145472,0.012020923893795419,0.008293372566210216,0.0005477990371376713
97,0.43855877945190236,0.14184235567787581,0.1532001054428139,0.0328085079297584,0.02808324159952611,0.01965586784442122,0.013152640085337182,0.005114362520056406,0.006887344292716181,0.0017729817726597759,0.014294990765315546,0.005806864734603188,0.0021799599185916498,0.0021799599185916498,0.0016147346212707404,0.0016147346212707404,0.0005652252973209091,0.10931468593620972,0.012299306241725112,0.008488126030712364,0.0005652252973209091
98,0.4348478974719247,0.14187429273132074,0.15307942141023867,0.03309558837395724,0.02832439935125672,0.019833837679014487,0.013261750694942752,0.005203965414209137,0.007007250751842403,0.0018032853376332664,0.01462307584461313,0.00593839113545656,0.0022488333615188114,0.0022488333615188114,0.0016658782464713045,0.0016658782464713045,0.0005829551150475069,0.11084668699063785,0.012580138657720372,0.008684684709156575,0.0005829551150475069
99,0.43116841526254684,0.1418915845628089,0.1529432998065196,0.03337822770027277,0.02856169749239238,0.020009244422933673,0.013368983277339088,0.005293469958824216,0.007126998343179531,0.0018335283843553148,0.014954031728352702,0.006071008642405988,0.0023189058690372354,0.0023189058690372354,0.001717917900613396,0.001717917900613396,0.0006009879684238396,0.11237748120474024,0.012863382651232939,0.00888302308594672,0.0006009879684238396
100,0.42752006713340224,0.14189452280161158,0.15279210167967086,0.033656412832924414,0.028795127123666553,0.020182077705132365,0.013474335127792041,0.005382852440070375,0.007246555173125279,0.001863702733054904,0.01528781400535543,0.006204698475179379,0.0023901758524690307,0.0023901758524690307,0.001770852600201638,0.001770852600201638,0.0006193232522673927,0.11390691420280542,0.013148999626156862,0.009083115530176057,0.0006193232522673927
101,0.4239025896422735,0.14188339465277253,0.15262618179677118,0.03393013258646193,0.02902468095228017,0.020352328282227418,0.013577804304234503,0.005472089536873517,0.007365889890906284,0.0018938003540327662,0.015624378133684674,0.0063394418264573,0.0024626414042002837,0.0024626414042002837,0.0018246811246023418,0.0018246811246023418,0.0006379602795979417,0.11543483521960211,0.013436950897393527,0.009284936307227381,0.0006379602795979417
102,0.42031572157606967,0.14185848295737072,0.15244588874227302,0.03419937761010112,0.029250353243006028,0.020519988006836583,0.013679389603264527,0.005561158324054785,0.007484971692528069,0.0019238133684732833,0.015963679459549292,0.006475219869499645,0.0025363003031093467,0.0025363003031093467,0.001879402019971077,0.001879402019971077,0.0006568982831382694,0.11696109703756982,0.01372719770691633,0.009488459590049656,0.0006568982831382694
103,0.4167592039319645,0.1418200662520068,0.15225156501484768,0.03446414033329205,0.02947213977040945,0.020685049796591935,0.013779090536700105,0.005650036275084559,0.0076037703242047,0.00195373404912014,0.016305673235650305,0.00661201376553229,0.002611150020034627,0.002611150020034627,0.0019350136032116247,0.0019350136032116247,0.0006761364168230023,0.11848555592499255,0.014019701239346389,0.009693659470118021,0.0006761364168230023
104,0.413232779898694,0.141768418827523,0.1520435471227873,0.03472441491249572,0.02969003777216266,0.02084750760381641,0.013876907308679298,0.005738701264467193,0.007722256085288431,0.001983554820821238,0.016650314638983223,0.006749804670899292,0.0026871877232766744,0.0026871877232766744,0.0019915139659624705,0.0019915139659624705,0.0006956737573142037,0.12000807157514103,0.014314422637050484,0.009900509968083941,0.0006956737573142037
105,0.40973619483801277,0.14170381078696612,0.15182216567798534,0.0349801971791456,0.029904045903430897,0.021007356385850908,0.013972840793294684,0.005827131569770806,0.007840399830719016,0.0020132682609482096,0.01699755878810818,0.006888573743986085,0.0027644102841295586,0.0027644102841295586,0.0020489009786071426,0.0020489009786071426,0.0007155093055224161,0.12152850704636889,0.01461132301477211,0.010108985044122106,0.0007155093055224161
106,0.40626919626630653,0.14162650810280283,0.15158774548851514,0.03523148458877094,0.030114164192308546,0.021164592076019697,0.014066892512751235,0.005915305873316081,0.007958172973011799,0.002042867099695719,0.017347360759899635,0.007028302151919031,0.002842814282436749,0.002842814282436749,0.0021071722943048505,0.0021071722943048505,0.0007356419881318982,0.12304672870314874,0.014910363473806419,0.010319058607980615,0.0007356419881318982
107,0.40283153383636083,0.14153677267339695,0.1513406056498281,0.035478276171259086,0.030320393996284084,0.021319211555222078,0.014159064616036996,0.006003203263537553,0.008075547483803113,0.002072344220265561,0.017699675605787345,0.007168971077046543,0.0029223960121668668,0.0029223960121668668,0.0021663253530380113,0.0021663253530380113,0.0007560706591288554,0.1245626061580339,0.015211505115729504,0.010530704528740812,0.0007560706591288554
108,0.39942295931928395,0.14143486237875744,0.15108105963459062,0.035720572482234515,0.030522737959713,0.021471212624138404,0.014249359858096097,0.006090803236030526,0.00819249589497096,0.0021016926589404344,0.018054458367499936,0.007310561723206913,0.0030031514870048977,0.0030031514870048977,0.002226357385673387,0.002226357385673387,0.000776794101331511,0.12607601221453216,0.015514709055692345,0.010743896644293033,0.000776794101331511
109,0.3960432265865823,0.14132103113556663,0.15080941538117998,0.035958375555532704,0.030721199972278238,0.021620593976038854,0.014337781579493837,0.006178085694296318,0.008308991299348423,0.0021309056050521063,0.01841166409232228,0.007453055321787874,0.0030850764459546074,0.0030850764459546074,0.002287265418033692,0.002287265418033692,0.0007978110279209154,0.12758682281087808,0.015819936435289474,0.010958608770534417,0.0007978110279209154
110,0.39269209159238816,0.1411955289514975,0.15052597538085846,0.0361916888567473,0.0309157851284181,0.021767355170183494,0.01442433368656379,0.00626503095019818,0.008425007351046713,0.0021599764008485333,0.018771247847877606,0.007596433137582813,0.0031681663589480918,0.0031681663589480918,0.002349046274976655,0.002349046274976655,0.0008191200839714365,0.1290949169646899,0.016127148435012256,0.011174814710294806,0.0008191200839714365
111,0.38936931235583716,0.14105860197882897,0.15023103676364516,0.036420517237829464,0.031106499687701954,0.0219114966058024,0.01450902063202705,0.006351619724139861,0.008540518265404242,0.0021888985412643817,0.01913316473644508,0.007740676474448451,0.0032524164324585587,0.0032524164324585587,0.002411696584478637,0.002411696584478637,0.0008407198479799218,0.13060017671849847,0.016436306286296436,0.01139248826199664,0.0008407198479799218
112,0.38607464894359544,0.14091049256736765,0.14992489138290416,0.036644866892718744,0.0312933510361344,0.022053019496644795,0.014591847396073934,0.006437833144978416,0.008655498818577644,0.0022176656735992295,0.019497369908823375,0.007885766680768722,0.003337821615112601,0.003337821615112601,0.0024752127817200356,0.0024752127817200356,0.0008626088333925656,0.13210248708613492,0.016747371283173454,0.011611603228054665,0.0008626088333925656
113,0.38280786345253426,0.14075143931668527,0.14960782589866778,0.036864745313984995,0.031476347648369,0.022191925846086348,0.014672819467898633,0.00652365274968252,0.008769924346790133,0.0022462715971076144,0.01986381857775056,0.00803168515472946,0.003424376603298377,0.003424376603298377,0.0025395911131698198,0.0025395911131698198,0.0008847854901285579,0.13360173599996397,0.0170603047935348,0.011832133423021113,0.0008847854901285579
114,0.37956871999255126,0.14058167712767983,0.1492801218597135,0.037080161250461506,0.03165549905081294,0.022328218422784003,0.01475194282767749,0.006609060482747198,0.008883770745252153,0.0022747102625049554,0.02023246603089041,0.008178413349408447,0.0035120758467662785,0.0035120758467662785,0.002604827640666645,0.002604827640666645,0.000907248206099634,0.13509781425895062,0.017375068270018487,0.012054052681481976,0.000907248206099634
115,0.3763569846695374,0.14040143725346926,0.14894205578441239,0.037291124665849607,0.031830815785604455,0.02246190073686784,0.014829223928981753,0.006694038695375551,0.008997014466768793,0.0023029757713932436,0.020603267643395023,0.008325932777685223,0.0036009135542188,0.0036009135542188,0.0026709182454941168,0.0026709182454941168,0.0009299953087246836,0.13659061547754775,0.017691623260526618,0.012277334865709815,0.0009299953087246836
116,0.37317242556848745,0.14021094734962572,0.14859389924036695,0.037497646698275586,0.032002309375445064,0.022592977016659722,0.014904669681615851,0.006778570144437727,0.009109632520048013,0.0023310623756102877,0.02097617889005352,0.008474225016975041,0.003690883698886488,0.003690883698886488,0.0027378586324478724,0.0027378586324478724,0.000953025066438616,0.13808003603539187,0.01800993141838266,0.012501953873078495,0.000953025066438616
117,0.37001481273675413,0.1400104315237589,0.14823591892285637,0.03769973962078094,0.03216999228926911,0.02272145218590858,0.014978287434872348,0.006862637991217088,0.009221602467723248,0.002358964476506161,0.021351155357036276,0.0086232717137912,0.003781980024086968,0.003781980024086968,0.0028056443338922497,0.0028056443338922497,0.0009763356901947189,0.13956597502779555,0.018329954512137113,0.012727883643245091,0.0009763356901947189
118,0.3668839181674432,0.1398001103844564,0.147868376732106,0.037897416802727464,0.03233387790873342,0.02284733184153248,0.015050084961194976,0.0069462257999531865,0.009332902424103584,0.0023866766241503997,0.021728152753244086,0.008773054588139923,0.0038741960487642005,0.0038741960487642005,0.0028742707138044205,0.0028742707138044205,0.0009999253349597804,0.14104833421702412,0.018651654435029804,0.012955098165104177,0.0009999253349597804
119,0.3637795157829494,0.13958020108958943,0.14749152984939856,0.038090692672098955,0.032493980495510146,0.022970622231857682,0.015120070440241263,0.007029317536190897,0.009443511052664262,0.0024141935164733665,0.02210712692127136,0.008923555437751873,0.003967525073005236,0.003967525073005236,0.0029437329718039525,0.0029437329718039525,0.0010237921012012845,0.14252701798434517,0.01897499321411714,0.013183571483519502,0.0010237921012012845
120,0.36070138141863217,0.13935091739399147,0.14710563081204367,0.03827958267868157,0.032650315159366256,0.023091330235345115,0.015188252443336442,0.007111897564944734,0.009553407563289838,0.0024415099983451055,0.022488033847992348,0.009074756142154285,0.004061960183531879,0.004061960183531879,0.0030140261471658615,0.0030140261471658615,0.0010479340363660182,0.14400193328283914,0.019299933019072242,0.013413277705838078,0.0010479340363660182
121,0.3576492928066284,0.13911246969651786,0.14671092758722257,0.038464103258105405,0.03280289782701344,0.02320946333979491,0.015254639918310482,0.007193950648687119,0.009662571709282003,0.0024686210605948857,0.022870829674779162,0.009226638666587648,0.004157494259164778,0.004157494259164778,0.0030851451228153088,0.0030851451228153088,0.0010723491363494693,0.14547298959095956,0.019626436170665906,0.013644191008191529,0.0010723491363494693
122,0.35462302955980307,0.13886506508649424,0.14630766364472433,0.038644271796729995,0.03295174521171247,0.023325029622019714,0.015319242174710269,0.007275461945169062,0.009770983784143601,0.0024955218389745406,0.023255470707360216,0.009379185065770753,0.004254119976257598,0.004254119976257598,0.00315708462930218,0.00315708462930218,0.001097035346955418,0.1469400988668318,0.01995446514893604,0.013876285641589478,0.001097035346955418
123,0.3516223731558355,0.1386089073895613,0.1458960780285896,0.03882010659735681,0.0330968747836164,0.023438037727977732,0.015382068869379064,0.007356417005081488,0.009878624618150087,0.002522207613068601,0.023641913425327517,0.009532377487517856,0.004351829814099034,0.004351829814099034,0.0032298392487538703,0.0032298392487538703,0.0011219905653451635,0.14840317550327903,0.020283982601053168,0.014109535937809675,0.0011219905653451635
124,0.34864710692143996,0.1383441972129235,0.14547640542767779,0.03899162684575217,0.03323830474083726,0.023548496853356603,0.015443129992395558,0.0074368017695651345,0.009985475574719257,0.0025486738051541244,0.024030114491301085,0.009686198176211646,0.004450616060280534,0.004450616060280534,0.0033034034188046853,0.0033034034188046853,0.0011472126414758495,0.14986213628356493,0.020614951348889334,0.014343916315089453,0.0011472126414758495
125,0.3456970160167201,0.13807113199000903,0.14504887624517387,0.03915885257796432,0.03337605398122126,0.02365641672459933,0.01550243585336498,0.007516602567576739,0.010091518546589757,0.0025749159790130196,0.024420030759758606,0.009840629476135601,0.004550470816027726,0.004550470816027726,0.0033777714365003366,0.0033777714365003366,0.0011726993795273908,0.1513169003378417,0.020947334396297704,0.014579401283623018,0.0011726993795273908
126,0.34277188741965553,0.13778990602454888,0.1446137166670494,0.03932180464841857,0.03351014207481762,0.023761807580363704,0.015559997068054852,0.007595806113118938,0.01019673595181852,0.0026009298386995843,0.02481161928553825,0.00999565383466925,0.004651386001493624,0.004651386001493624,0.003452937462176104,0.003452937462176104,0.001198448539317521,0.15276738910029344,0.021281094936109916,0.014815965450869011,0.001198448539317521
127,0.33987150991071996,0.13750071053408167,0.14417114872949371,0.039480504698774885,0.03364058923702674,0.023864680153406745,0.015615824545368128,0.007674399502341103,0.010301110729606967,0.002626711227265867,0.025204837332022435,0.0101512538053498,0.004753353361011809,0.004753353361011809,0.003528895523307293,0.003528895523307293,0.0012244578377045168,0.15421352626696394,0.021616196356858092,0.015053583526672649,0.0012244578377045168
128,0.33699567405762926,0.13720373369289193,0.14372139038533027,0.03963497512753252,0.03376741630241337,0.023965045652885916,0.015669929474646592,0.007752370210518071,0.010404626335965459,0.0026522561254473903,0.025599642379010183,0.010307412050803481,0.004856364468307879,0.004856364468307879,0.003605639518330704,0.003605639518330704,0.0012507249499771754,0.15565523775425888,0.02195260224922836,0.015292230328206716,0.0012507249499771754
129,0.3341441722002185,0.13689916067438881,0.1432646555694324,0.039785239060366503,0.033890644699170934,0.024062915747068935,0.015722323313297554,0.007829706088913516,0.01050726673922519,0.0026775606503116754,0.025995992130285507,0.010464111345549948,0.004960410731667533,0.004960410731667533,0.003683163220435885,0.003683163220435885,0.0012772475112316493,0.15709245165811217,0.02229027641225249,0.015531880784735575,0.0012772475112316493
130,0.3313167984354474,0.13658717369293205,0.14280115426315368,0.039931320321181164,0.03401029642422336,0.0241583025464442,0.015773017774736955,0.007906395361534493,0.010609016415406422,0.0027026210538719296,0.02639384452088917,0.010621334578682924,0.005065483399059785,0.005065483399059785,0.00376146028132502,0.00376146028132502,0.001304023117734766,0.15852509821380648,0.0226291828592442,0.015772509942206265,0.001304023117734766
131,0.3285133486025321,0.13626795204511238,0.14233109255778698,0.04007324340386619,0.03412639401895096,0.024251218587223976,0.01582202481664221,0.007982426621783436,0.01070986034345161,0.0027274337216681758,0.026793157724100982,0.010779064756430293,0.005171573563213849,0.005171573563213849,0.003840524234940365,0.003840524234940365,0.0013310493282734854,0.159953109756438,0.022969285823486434,0.016014092967670708,0.0013310493282734854
132,0.325733620268203,0.13594167215049324,0.14185467271706656,0.040211033444740814,0.034238960545527344,0.02434167681523266,0.01586935662950815,0.008057788829013724,0.010809784000331746,0.0027519951713180233,0.027193890158139646,0.010937285004596715,0.005278672166648365,0.005278672166648365,0.0039203485011582,0.0039203485011582,0.0013583236654901671,0.16137642068201588,0.023310549763675945,0.01625660515354295,0.0013583236654901671
133,0.32297741271208746,0.13560850759182033,0.14137209323872701,0.04034471619567215,0.03434801956385435,0.02442969057017248,0.015915025625499662,0.008132471304994704,0.010908773356033907,0.0027763020510392037,0.027596000492587053,0.011095978570891797,0.005386770006651683,0.005386770006651683,0.0040009263894483366,0.0040009263894483366,0.0013858436172033473,0.16279496740918656,0.02365293936913122,0.016500021921695276,0.0013858436172033473
134,0.32024452691221594,0.13526862915470583,0.14088354891513294,0.04047431799785392,0.034453595109082545,0.024515273570259292,0.01595904442759462,0.008206463730291854,0.011006814868437772,0.002800351138145918,0.027999447654543774,0.011255128827146793,0.005495857740212022,0.005495857740212022,0.004082251102498284,0.004082251102498284,0.0014136066377137394,0.16420868834157382,0.023996419564769764,0.016744318827397,0.0014136066377137394
135,0.317534765530651,0.13492220486679407,0.14038923089299285,0.04059986575623206,0.0345557116697047,0.02459843989722109,0.01600142585901097,0.008279756140567588,0.01110389547808856,0.002824139337520973,0.02840419083452231,0.01141471927142274,0.0056059258888963995,0.0056059258888963995,0.004164315739801202,0.004164315739801202,0.0014416101490951987,0.16561752383072514,0.024340955515860588,0.016989471563099594,0.0014416101490951987
136,0.3148479328992378,0.13456940003641474,0.1398893267321709,0.04072138691456388,0.03465439416621026,0.024679203981652086,0.01604218293291179,0.008352338922808024,0.011200002602873632,0.0028476636800656083,0.028810189492084633,0.01157473353001285,0.005716964843677285,0.005716964843677285,0.004247113301206878,0.004247113301206878,0.0014698515424704085,0.16702141613965507,0.024686512632557635,0.017235455962071804,0.0014698515424704085
137,0.31218383500547503,0.13421037729073057,0.1393840204636093,0.04083890943109782,0.03474966793028883,0.024757580588715355,0.016081328842382458,0.008424202811480824,0.011295124132609679,0.002870921321128855,0.02921740336123027,0.011735155359341968,0.0058289648697060215,0.0058289648697060215,0.004330636690434959,0.004330636690434959,0.0014983281792710645,0.16842030940697678,0.02503305657421974,0.017482248001888325,0.0014983281792710645
138,0.3095422794785056,0.1338452966133854,0.1388734926463748,0.040952461754861,0.034841558684571006,0.02483358480418706,0.01611887695067394,0.00849533888462908,0.01138924842354727,0.00289390953891819,0.02962579245554125,0.011895968647765792,0.005941916111032119,0.005941916111032119,0.004414878718549767,0.004414878718549767,0.001527037392482353,0.16981414961161287,0.025380553253522627,0.017729823807775477,0.001527037392482353
139,0.3069230755752259,0.13347431538165938,0.1383579204238417,0.04106207280254212,0.034930092522895084,0.02490723202083554,0.01615484078170658,0.008565738559906003,0.0114823642927992,0.002916625732893196,0.03003531707308986,0.012057157417272531,0.0060558085952675915,0.0060558085952675915,0.004499832107396058,0.004499832107396058,0.001555976487871535,0.1712028845380766,0.025728968840368335,0.01797815965581735,0.001555976487871535
140,0.30432603416651244,0.13309758840313704,0.13783747757902434,0.041167771935957206,0.03501529589108846,0.02497853792512854,0.016189234010828665,0.008635393590555044,0.01157446101269891,0.002939067422143865,0.03044593780111528,0.012218705825089597,0.006170632238195584,0.006170632238195584,0.004585489492995118,0.004585489492995118,0.001585142745200467,0.17258646374231504,0.026078269765597285,0.018227231976025705,0.001585142745200467
141,0.301750967723565,0.13271526795189473,0.13731233458907113,0.04126958894008635,0.03509719556825267,0.025047518484262066,0.016222070455824283,0.008704296061339881,0.011665528305095013,0.002961232243755131,0.030857615520474852,0.012380598165197884,0.0062863768483225725,0.0062863768483225725,0.004671843428900668,0.004671843428900668,0.0016145334194219057,0.17396483851810526,0.02642842272450817,0.01847701735527699,0.0016145334194219057
142,0.2991976903043656,0.13232750380421326,0.1367826586789329,0.04136755400166951,0.03517581864854127,0.02511418993350445,0.01625336406816506,0.00877243838442857,0.01175555633558772,0.0029831179511591497,0.03127031140987572,0.012542818869756127,0.006403032131373523,0.006403032131373523,0.004758886389514066,0.004758886389514066,0.001644145741859457,0.17533796186399597,0.026779394680190697,0.01872749254011961,0.001644145741859457
143,0.29666601754025174,0.13193444327382192,0.13624861387421722,0.041461697688349716,0.03525119252341998,0.02517856876384926,0.01628312892450045,0.00883981329523599,0.011844535707712784,0.003004722412476792,0.03168398694989241,0.012705352510437778,0.0065205876947293994,0.0065205876947293994,0.004846610773358352,0.004846610773358352,0.0016739769213710484,0.1767057884507853,0.027131152866676108,0.018978634439454654,0.0016739769213710484
144,0.29415576662260345,0.13153623124667957,0.13571036105324089,0.04155205092835231,0.03532334486439876,0.02524067170997093,0.016311379218381376,0.008906413848228583,0.011932457457078343,0.0030260436088497583,0.03209860392677591,0.012868183799682784,0.006639033051806527,0.006639033051806527,0.004935008906310712,0.004935008906310712,0.0017040241454958163,0.17806827458952748,0.027483664791910306,0.019230420127093147,0.0017040241454958163
145,0.29166675628964295,0.13113301021529883,0.13516805799829215,0.04163864499068911,0.035392303606225514,0.025300515738476963,0.016338129252212136,0.008972233412695195,0.012019313045459867,0.00304707963276467,0.03251412443605943,0.013031297591866598,0.006758357626377311,0.006758357626377311,0.005024073044792998,0.005024073044792998,0.001734284581584314,0.17942537820005988,0.027836898240554294,0.019482826844192856,0.001734284581584314
146,0.289198806813346,0.13072492031261898,0.1346218594461144,0.041721511465876354,0.035458096930531584,0.025358118036450803,0.016363393429425537,0.00903726566848776,0.0121050943548582,0.0030678286863704374,0.032930510885966324,0.01319467888438872,0.006878550756831909,0.006878550756831909,0.00511379537891995,0.00511379537891995,0.0017647553779119606,0.1807770587800428,0.02819082127661655,0.019735832001577625,0.0017647553779119606
147,0.2867517399864638,0.13031209934543334,0.13407191713762268,0.041800682247155836,0.03552075324991915,0.025413496000279437,0.016387186246876382,0.009101504601735365,0.012189793681525523,0.0030882890797901564,0.033347726000625084,0.013358312818682975,0.006999601700380492,0.006999601700380492,0.005204168035604828,0.005204168035604828,0.001795433664775665,0.18212327737450396,0.028545402245921867,0.019989413181942133,0.001795433664775665
148,0.2843253791096553,0.12989468282737685,0.13351837986686424,0.04187618951220852,0.035580301192481,0.02546666722476002,0.01640952228744848,0.009164944500535118,0.012273403729963855,0.003108459229428735,0.033765732823096646,0.013522184681151739,0.007121499637195747,0.007121499637195747,0.005295183081622181,0.005295183081622181,0.0018263165555735665,0.1834639965458802,0.028900609778421057,0.020243548141944928,0.0018263165555735665
149,0.2819195489787274,0.1294728040114792,0.13296139352923425,0.041948065705350375,0.0356367695867432,0.025517649492479876,0.01643041621287048,0.009227579950623153,0.012355917606900557,0.0031283376562774028,0.03418449471821873,0.013686279904026223,0.007244233674495385,0.007244233674495385,0.005386832526627533,0.005386832526627533,0.0018574011478678539,0.18479918034454884,0.029256412790345868,0.020498214814192527,0.0018574011478678539
150,0.2795340758719843,0.1290465939222891,0.13240110116895756,0.042016343520200186,0.03569018744702154,0.025566460763464277,0.01644988275673589,0.009289405831028899,0.012437328815245108,0.0031479229842162073,0.03460397537527223,0.013850584066154928,0.00736779285056439,0.00736779285056439,0.005479108326133764,0.005479108326133764,0.001888684524430628,0.1861287942798412,0.0296127804862133,0.020753391309117325,0.001888684524430628
151,0.2771687875376829,0.12861618138757513,0.13183764302584747,0.042081055882809394,0.03574058395918263,0.02561311916508661,0.01646793671772277,0.009350417309715715,0.012517631248031279,0.0031672139383155627,0.03502413881047423,0.014015082893722287,0.007492166138716842,0.007492166138716842,0.005572002384444053,0.005572002384444053,0.00192016375427279,0.18745280529153077,0.029969682360683515,0.021009055916751968,0.00192016375427279
152,0.2748235131815948,0.1281816930696086,0.13127115658135183,0.0421422359352442,0.03578798846680079,0.02565764298223556,0.016484592953008623,0.009410609839210776,0.012596819182348642,0.0031862093431378655,0.03544494936930233,0.014179762260899514,0.007617342451197154,0.007617342451197154,0.00566550655754121,0.00566550655754121,0.0019518358936559455,0.18877118172178925,0.03032708820027534,0.021265187108402833,0.0019518358936559455
153,0.27249808345467363,0.1277432534960334,0.13070177660389717,0.04219991701961027,0.03583243045770215,0.025700050647734056,0.0164998663718762,0.009469979152227075,0.012674887273267226,0.0032049081210401512,0.03586637172865477,0.014344608190429601,0.007743310643020641,0.007743310643020641,0.005759612655933318,0.005759612655933318,0.001983697987087324,0.19008389328760278,0.030684968084943347,0.02152176353822519,0.001983697987087324
154,0.2701923304408264,0.12730098509032844,0.1301296351935411,0.042254132662510685,0.03587393955088728,0.025740360733004824,0.01651377192950585,0.009528521257280211,0.01275183054775894,0.0032233092904787293,0.03628837089885087,0.014509606854148363,0.007870059515753314,0.007870059515753314,0.005854312447455589,0.005854312447455589,0.0020157470682977256,0.19139091105364175,0.031043292389520367,0.02177876404470253,0.0020157470682977256
155,0.2679060876447886,0.12685500820186754,0.12955486182594303,0.042304916559927866,0.03591254548382414,0.025778591938977514,0.016526324620950345,0.009586232434302589,0.012827644398619272,0.003241411964316684,0.036710912225475976,0.014674744573443421,0.007997577821230903,0.007997577821230903,0.0059495976600283905,0.0059495976600283905,0.0020479801612025127,0.19269220740557716,0.03140203178502924,0.022036167652032576,0.0020479801612025127
156,0.26563918998010194,0.1264054411355821,0.12897758339566345,0.04235230256252039,0.03594827810010307,0.02581476308723241,0.016537539475287976,0.009643109230257504,0.012902324578392606,0.0032592153481351017,0.037133961391075256,0.014840007819652924,0.008125854265217097,0.008125854265217097,0.006045459984371416,0.006045459984371416,0.0020803942808456798,0.19398775602383658,0.03176115723986748,0.022293953571422352,0.0020803942808456798
157,0.2633914737571934,0.12595240018123147,0.12839792425880156,0.042396324661325854,0.035981167337445934,0.025848893111375865,0.016547431549949983,0.009699148454755526,0.012975867193304366,0.0032767187385488394,0.03755748441670046,0.015005383214405804,0.008254877511001023,0.008254877511001023,0.006141891076673992,0.006141891076673992,0.002112986434327031,0.1952775318577932,0.03212064002086851,0.022552101202294676,0.002112986434327031
158,0.26116277667155563,0.1254959996422858,0.12781600627498077,0.04243701697386101,0.03601124321606133,0.025881001048642664,0.016556015925218336,0.009754347175675448,0.013048268697203061,0.0032939215215276123,0.03798144766331372,0.015170857529905305,0.008384636182934066,0.008384636182934066,0.006238882561221547,0.006238882561221547,0.0021457536217125194,0.19656151110038123,0.03248045169424297,0.022810590133408436,0.0021457536217125194
159,0.2589529377920271,0.12503635186442666,0.12723194884869207,0.04247441373061067,0.0360385358273384,0.025911106031720643,0.01656330769889002,0.009808702714792023,0.013119525885515175,0.003310823170723152,0.03840581783305233,0.015336417689157488,0.008515118869906097,0.008515118869906097,0.0063364260329783016,0.0063364260329783016,0.0021786928369277956,0.19783967116313103,0.032840564126403585,0.02306940014389486,0.0021786928369277956
160,0.2567617975491715,0.12457356726366998,0.12664586897000432,0.04250854926189698,0.03606307532287156,0.025939227280792922,0.016569321981104057,0.00986221264341258,0.01318963588921572,0.003327423245803139,0.03883056197035844,0.015502050766146388,0.008646314128761249,0.008646314128761249,0.006434513060126222,0.006434513060126222,0.002211801068635027,0.19911199065161794,0.033200949484676966,0.023328511204212067,0.002211801068635027
161,0.25458919772375543,0.12410775435411629,0.12605788125465117,0.04253945798512077,0.03608489190380872,0.025965384095793263,0.016574073889327506,0.009914874778024533,0.01325859616881713,0.0033437213907925967,0.03925564746297741,0.015667743985957428,0.008778210487653405,0.008778210487653405,0.006533135186560348,0.006533135186560348,0.0022450753010930585,0.200378449341318,0.03356158023790568,0.023587903477019997,0.0022450753010930585
162,0.25243498143532367,0.12363901977533272,0.1254680979835034,0.042567174392366985,0.036104015810515824,0.025989595848870086,0.016577578543496896,0.009966687175955703,0.013326404508379087,0.003359717332423382,0.039681042042828615,0.015833484724850702,0.008910796449341576,0.008910796449341576,0.006632283934340593,0.006632283934340593,0.0022785125150009845,0.2016390281538645,0.03392242915694377,0.02384755731797793,0.0022785125150009845
163,0.25029899313087095,0.12316746831937175,0.12487662914143584,0.04259173303836626,0.03612047731255056,0.02601188197705481,0.01657985106131145,0.010017648131049326,0.013393059009541726,0.003375410878492399,0.040106713786752284,0.015999260510285673,0.009044060494425367,0.009044060494425367,0.00673195080610015,0.00673195080610015,0.002312109688325218,0.20289370913369953,0.03428346931504893,0.024107453276466632,0.002312109688325218
164,0.24818107857360974,0.12269320295743115,0.12428358245559822,0.04261316852880488,0.036134306698938246,0.026032261975130228,0.016580906553674647,0.010067756169355449,0.013458558085584557,0.0033908019162291084,0.040532631117135946,0.01616505902089879,0.009177991084520784,0.009177991084520784,0.006832127287410643,0.006832127287410643,0.0023458637971101423,0.20414247542511388,0.03464467408817443,0.02436757209623718,0.0023458637971101423
165,0.24608108483183308,0.12221632486615962,0.12368906343309803,0.04263151550897544,0.0361455342687431,0.02605075538869471,0.016580760120280723,0.010117010044840452,0.013522900455513352,0.0034058904106728993,0.040958762802424,0.016330868086435534,0.00931257666537663,0.00931257666537663,0.006932804849104197,0.006932804849104197,0.0023797718162724335,0.20538531124966986,0.03500601715516381,0.02462789471598848,0.0023797718162724335
166,0.2439988602678714,0.12173693345361275,0.12309317539810466,0.04264680865276087,0.036154190321928174,0.026067381807418154,0.016579426845342707,0.01016540873511626,0.013586085138177106,0.0034206764030608448,0.041385077957513755,0.01649667568763834,0.009447805669931763,0.009447805669931763,0.007033974949552602,0.007033974949552602,0.0024138307203791626,0.20662220188400082,0.03536747249785124,0.024888402269875428,0.0024138307203791626
167,0.24193425452714326,0.1212551263848637,0.1224960195283829,0.042659082651944374,0.03616030515049744,0.02608216085848559,0.016576921793458776,0.010212951437190787,0.01364811144641713,0.0034351600092263415,0.041811546044041366,0.016662469956091767,0.009583666521313533,0.009583666521313533,0.007135629036903764,0.007135629036903764,0.002448037484409771,0.20785313363798186,0.03572901440107053,0.02514907608794961,0.002448037484409771
168,0.23988711852729822,0.12077099960727289,0.12189769489126466,0.04266837220583819,0.03616390902991347,0.02609511220022452,0.01657326000561366,0.010259637563241056,0.013708978981250168,0.0034493414180091085,0.042238136870560807,0.016828239174026354,0.009720147635777705,0.009720147635777705,0.007237758551275672,0.007237758551275672,0.0024823890845020345,0.2090780938332657,0.0360906174525755,0.025409897696534466,0.0024823890845020345
169,0.23785730444745184,0.12028464737542123,0.12129829847906679,0.04267471201122405,0.03616503221078461,0.02610625551591206,0.016568456495311985,0.010305466736410402,0.0137686876260874,0.0034632208896769948,0.04266482059261919,0.01699397177408249,0.009857237425590207,0.009857237425590207,0.007340354926908083,0.007340354926908083,0.0025168824986821258,0.21029707078217835,0.036452256542874636,0.02567084881853671,0.0025168824986821258
170,0.23584466571751186,0.11979616227571101,0.12069792524396346,0.042678136752598565,0.03616370491081531,0.026115610507758118,0.016562526244840437,0.010350438786631036,0.013827237540991055,0.0034767987543600147,0.04309156771273143,0.017159656339035607,0.009994924301851081,0.009994924301851081,0.007443409594272187,0.007443409594272187,0.0025515147075788956,0.21151005376696902,0.03681390686498248,0.02593191137369583,0.0025515147075788956
171,0.23384905700759442,0.11930563525063866,0.12009666813232112,0.04267868109271655,0.03615995730701361,0.026123196891060782,0.016555484201655757,0.010394553746473257,0.013884629156970278,0.0034900754104970166,0.04351834908025741,0.017325281601484013,0.010133196677260991,0.010133196677260991,0.007546913982138497,0.007546913982138497,0.0025862826951224957,0.21271703301940864,0.037175543914090635,0.02619306747877341,0.0025862826951224957
172,0.23187033421753017,0.11881315562274375,0.11949461811850368,0.04267637966342591,0.03615381952814991,0.026129034388530332,0.016547345274895563,0.010437811847022475,0.013940863170317834,0.003503051323295355,0.043945135891184574,0.017490836443500572,0.010272042968830693,0.010272042968830693,0.00765085951960323,0.00765085951960323,0.002621183449227466,0.21391799970073186,0.03753714348716077,0.02645429944768402,0.002621183449227466
173,0.22990835446645877,0.11831881111823814,0.11889186423815629,0.042671267056787344,0.03614532164746113,0.02613314272477819,0.016538124332009137,0.010480213513785176,0.013995940536989106,0.0035157270232039255,0.044371899687818836,0.017656309896249528,0.010411451600533871,0.010411451600533871,0.007755237638073454,0.007755237638073454,0.0026562139624604197,0.21511294588191693,0.03789868168244227,0.026715589791569322,0.0026562139624604197
174,0.22796297608251181,0.11782268789031942,0.11828849362097499,0.04266337781647264,0.03613449367559463,0.02613554162096731,0.016527836195505314,0.010521759362624901,0.014049862467024797,0.0035281031043998927,0.04479861235838671,0.01782169113956962,0.010551411005903762,0.010551411005903762,0.007860039773211307,0.007860039773211307,0.0026913712326924587,0.21630186452429848,0.03826013489891689,0.026976921218817104,0.0026913712326924587
175,0.22603405859258288,0.11732487054217279,0.11768459152296985,0.042652746429435236,0.03612136555378632,0.026136250789620532,0.016516495639814683,0.010562450195729222,0.014102630419018646,0.0035401802232894212,0.04522524613655144,0.017986969501524674,0.010691909630574009,0.010691909630574009,0.007965257366837555,0.007965257366837555,0.0027266522637364576,0.21748474946050825,0.03862147983567283,0.027238276635026776,0.0027266522637364576
176,0.2241214627121841,0.11682544214966507,0.11708024135822943,0.04263940731784689,0.03610596714726741,0.026135289929583465,0.016504117388263403,0.010602286997608694,0.014154246094631404,0.003551959097022706,0.04565177360084579,0.01815213445792282,0.010832935934764195,0.010832935934764195,0.008070881868794847,0.008070881868794847,0.002762054065969352,0.21866159537573795,0.038982693491210696,0.027499639142922982,0.002762054065969352
177,0.2222250503353887,0.11632448428373507,0.11647552473019353,0.04262339483129453,0.03608832823889461,0.026132678721138596,0.01649071611015591,0.010641270931128662,0.014204711433152235,0.003563440502023569,0.046078167674024256,0.018317175631805457,0.010974478395710509,0.010974478395710509,0.008176904738770934,0.008176904738770934,0.002797573656939579,0.2198323977893203,0.03934375316268337,0.027760992042218817,0.002797573656939579
178,0.22034468452485848,0.11582207703248401,0.11587052146244183,0.04260474323923128,0.036068478522998375,0.026128436821267302,0.016476306417963958,0.010679403333574764,0.014254028606108644,0.0035746252725338775,0.0465044016223372,0.018482082792907015,0.011116525510042032,0.011116525510042032,0.00828331744808222,0.00828331744808222,0.0028332080619598147,0.22099715303662223,0.039704636445072314,0.028022318829430203,0.0028332080619598147
179,0.21848022950195586,0.11531829902296988,0.11526530962900544,0.04258348672367598,0.036046447599444156,0.026122583859056574,0.016460902864619383,0.010716685712752933,0.014302200011925956,0.00358551429917302,0.04693044905472952,0.018646845857086654,0.011259065796103118,0.011259065796103118,0.008390111481417968,0.008390111481417968,0.0028689543146851533,0.22215585825124662,0.0400653212303023,0.028283603197642875,0.0028689543146851533
180,0.2166315506369393,0.11481322744270941,0.11465996558420839,0.04255965937215542,0.036022264967901604,0.02611513943124729,0.016444519940908103,0.010753119743124638,0.014349228270637298,0.003596108527512656,0.04735628392196628,0.018811454885732846,0.011402087796222378,0.011402087796222378,0.008497278338545498,0.008497278338545498,0.0029048094576768833,0.22330851134753665,0.04042578570629674,0.02854482903623344,0.0029048094576768833
181,0.2147985144392421,0.11430693806089168,0.11405456399204612,0.04253329517088387,0.035995960022316795,0.026106123097920944,0.016427172072962896,0.010788707261978054,0.014395116218645001,0.0036064089566669438,0.04778188051568783,0.01897590008514193,0.01154558007892875,0.01154558007892875,0.008604809535976744,0.008604809535976744,0.00294077054295201,0.22445511100337873,0.04078600835597576,0.028805980430545913,0.00294077054295201
182,0.21298098854783318,0.11379950524930657,0.11344917785510784,0.04250442799817434,0.03596756204558264,0.02609555437832177,0.016408873619852545,0.01082345026563582,0.014439866903534243,0.0036164166378984193,0.04820721346739667,0.019140171805871558,0.0116895312411152,0.0116895312411152,0.008712696608596525,0.008712696608596525,0.002976834632518679,0.2255956566432992,0.04114596795619893,0.02906704166152512,0.002976834632518679
183,0.2111788417216592,0.11329100200299222,0.1128438785430494,0.042473091618076296,0.0359371002044028,0.026083452746811297,0.01638963887126497,0.010857350905699989,0.014483483578939705,0.0036261326732397138,0.048632257747378414,0.019304260542070083,0.011833929910150543,0.011833929910150543,0.008820931111252883,0.008820931111252883,0.0030129987988976635,0.22673014842185027,0.04150564357665476,0.029327997205308338,0.0030129987988976635
184,0.20939194383016824,0.11278149996060471,0.11223873582062359,0.04243931967423456,0.03590460354434438,0.026069837628952434,0.016369482045282095,0.010890411485334721,0.01452596969946597,0.0036355582141312445,0.049056988663559176,0.019468156930782732,0.011978764745939941,0.011978764745939941,0.008929504620309883,0.008929504620309883,0.003049260125630061,0.22785858720728075,0.04186501457869879,0.02958883173277645,0.003049260125630061
185,0.20762016584391293,0.11227106942451369,0.1116338178752741,0.042403145683964305,0.035870100985075,0.02605472839772016,0.016348417286244112,0.01092263445558727,0.014567328915662304,0.00364469446007503,0.04948138186030152,0.01963185175123555,0.012124024442934601,0.012124024442934601,0.00903840873516323,0.00903840873516323,0.0030856157077713735,0.228980974565487,0.04222406061414223,0.029849530109065974,0.0030856157077713735
186,0.2058633798252337,0.11175977938062737,0.11102919134429987,0.0423646030325371,0.035833621315779655,0.02603814436983607,0.016326458662701,0.010954022411747708,0.014607565069052463,0.00365354265730475,0.04990541331714116,0.019795335924097993,0.012269697732091224,0.012269697732091224,0.009147635079719102,0.009147635079719102,0.003122062652372124,0.23009731274423972,0.04258276162399298,0.030110077393043177,0.003122062652372124
187,0.20412145891902017,0.11124769751795044,0.11042492134159614,0.04232372496767307,0.03579519319075313,0.026020104802223953,0.016303620165449086,0.010984578089747865,0.01464668218722003,0.0036621040974721603,0.05032905934746654,0.019958600510725004,0.012415773382781749,0.012415773382781749,0.009257175303836579,0.009257175303836579,0.0031585980789451715,0.23120760465768272,0.04294109783715078,0.030370458836741537,0.0031585980789451715
188,0.20239427734355153,0.11073489024787828,0.10982107148397849,0.04228054459423433,0.035754845125163665,0.02600062888858376,0.016279915705650544,0.011014304362599871,0.01468468447894984,0.0036703801163499626,0.05075229659714327,0.020121636712379494,0.012562240204653949,0.012562240204653949,0.009367021084734058,0.009367021084734058,0.003195219119919893,0.23231185387109865,0.04329904976905831,0.030630659884763777,0.003195219119919893
189,0.20068171038141377,0.1102214227232308,0.10921770391709609,0.04223509486911504,0.035712605490983665,0.025979735756081264,0.016255359113033743,0.011043204236874672,0.014721576329425893,0.0036783720925512163,0.05117510204308561,0.020284435869436,0.012709087049443447,0.012709087049443447,0.009477164128360057,0.009477164128360057,0.0032319229210833926,0.23341006458593844,0.04365659822030995,0.030890666173649616,0.0032319229210833926
190,0.1989836343704941,0.10970735885702931,0.10861487934094019,0.04218740859632327,0.03566850251308343,0.025957444462150814,0.01622996413417243,0.011071280849220863,0.014757362295486229,0.0036860814462653605,0.05159745299177676,0.020446989460566337,0.012856302812737705,0.012856302812737705,0.009587596170728803,0.009587596170728803,0.003268706642008905,0.23450224162510938,0.04401372427521979,0.03115046353121043,0.003268706642008905
191,0.19729992669505145,0.10919276134101971,0.10801265703495393,0.0421375184222504,0.03562256426548385,0.02593377399140865,0.016203744430841723,0.011098537462924144,0.014792047100935065,0.0036935096380109156,0.05201932707773999,0.02060928910190806,0.013003876435692568,0.013003876435692568,0.00969830897922101,0.00969830897922101,0.0033055674564715586,0.23558839041851876,0.044370409300350626,0.03141003797583194,0.0033055674564715586
192,0.19563046577686255,0.1086776916639452,0.10741109488274941,0.04208545683112328,0.03557481866776422,0.02590874325267425,0.016176713578449003,0.01112497746450765,0.014825635631912562,0.003700658167404906,0.0524407022619625,0.020771326546216478,0.013151796906701919,0.013151796906701919,0.009809294353850253,0.009809294353850253,0.003342502552851668,0.2366685169888683,0.04472663494300547,0.031669375715746025,0.003342502552851668
193,0.19397513106644296,0.10816221012957172,0.10681024939643796,0.04203125614063508,0.03552529348162121,0.02588237107609729,0.016148885064537766,0.011150604360373417,0.014858132932322476,0.0037075285719490527,0.05286155683027373,0.02093309368200097,0.013300053263021045,0.013300053263021045,0.009920544128495329,0.009920544128495329,0.003379509134525717,0.23774262793769577,0.04508238312968311,0.031928463148272766,0.003379509134525717
194,0.19233380303434225,0.10764637587446944,0.1062101757405791,0.04197494849775034,0.03547401630757538,0.025854676210387735,0.016120272287362576,0.011175421773485171,0.014889544199317938,0.0037141224258327604,0.05328186939168008,0.021094582532646348,0.01344863459234427,0.01344863459234427,0.010032050172099063,0.010032050172099063,0.003416584420245208,0.23881073043166018,0.04543763606449932,0.03218728685903374,0.003416584420245208
195,0.1907063631625132,0.10713024688555323,0.1056109277557541,0.041916565874680144,0.03542101458182147,0.025825677320146817,0.016090888554533295,0.011199433440092658,0.014919874778845583,0.003720441338752918,0.053701618876657586,0.021255785255519972,0.01359753003433745,0.01359753003433745,0.010143804389833914,0.010143804389833914,0.0034537256445035355,0.23987283218906594,0.04579237622757507,0.03244583362113762,0.0034537256445035355
196,0.18909269393575343,0.10661388001738528,0.10501255798176977,0.04185614006502329,0.03536631557321888,0.02579539298329646,0.016060747081726803,0.011222643206497612,0.014949130161248143,0.0037264869547505262,0.054120784535404386,0.021416694141065305,0.013746728782125905,0.013746728782125905,0.01025579872423484,0.01025579872423484,0.003490930057891065,0.2409289414666235,0.046146586373393285,0.03270409039433909,0.003490930057891065
197,0.1874926788332201,0.10609733100924304,0.1044151176804977,0.04179370268006943,0.03530994638041882,0.025763841688604964,0.016029860991464442,0.011245055025861537,0.014977315976925693,0.0037322609510641496,0.05453934593605462,0.021577301611882573,0.013896220083738387,0.013896220083738387,0.010368025156299816,0.010368025156299816,0.00352819492743857,0.24197906704644118,0.04650024952912547,0.03296204432417205,0.00352819492743857
198,0.18590620232001595,0.10558065450195528,0.10381865685835483,0.0417292851452602,0.03525193392912473,0.0257310418333067,0.015998243311953472,0.011266672955055394,0.01500443799205559,0.0037377650370001886,0.05495728296285531,0.021737600221797215,0.014045993243507644,0.014045993243507644,0.010480475706558431,0.010480475706558431,0.0035655175369492115,0.24302321822324616,0.04685334899292966,0.033219682741058104,0.0035655175369492115
199,0.18433314983884655,0.10506390405450945,0.10322322428843024,0.041662918696804524,0.035192304969482426,0.02569701172081362,0.01596590697599088,0.011287501151551235,0.015030502104371195,0.003743000952819952,0.055374575814307915,0.02189758265491675,0.0141960376234282,0.0141960376234282,0.010593142436108986,0.010593142436108986,0.003602895187319213,0.24406140479182967,0.04720586833222091,0.03347699315939117,0.003602895187319213
200,0.1827734078017486,0.10454713216043318,0.1026288675322638,0.04159463437844435,0.03513108607359693,0.025661769558516446,0.015932864819927877,0.011307543870355886,0.015055514338999402,0.0037479704686435075,0.05579120500127596,0.02205724172467666,0.014346342644471911,0.014346342644471911,0.010706017447624498,0.010706017447624498,0.0036403251968474127,0.24509363703471393,0.04755779138191573,0.033733963276599305,0.0036403251968474127
201,0.1812268635818877,0.1040303902639528,0.10203563296128172,0.04152446303836699,0.03506830363317248,0.025625333455673475,0.015899129582693485,0.011326805460986673,0.015079480844356959,0.0037526753833702765,0.05620715134506041,0.02221657037287594,0.014496897787861906,0.014496897787861906,0.010819092886328057,0.010819092886328057,0.003677804901533848,0.24611992571003657,0.0479091022426517,0.03399058097218447,0.003677804901533848
202,0.1796934055054256,0.1035137287759319,0.10144356577789403,0.041452435326260556,0.03500398385727271,0.025587721421384883,0.015864713904875646,0.011345290364489216,0.015102407888105563,0.0037571175236163386,0.05662239597544408,0.022375561668702876,0.014647692596305476,0.014647692596305476,0.010932360940937923,0.010932360940937923,0.0037153316553675507,0.24714028203964936,0.048259785278983426,0.034246834306741206,0.0037153316553675507
203,0.1781729228434566,0.10299719708959254,0.10085271003625933,0.04137858169050888,0.03493815277019782,0.02554895136265055,0.0158296303278583,0.011363003110497264,0.015124301853165663,0.00376129874266839,0.057036920328706685,0.022534208807751633,0.014798716675186532,0.014798716675186532,0.011045813844582815,0.011045813844582815,0.003752902830603714,0.24815471769742833,0.048609825117556155,0.034502711520955055,0.003752902830603714
204,0.17666530580401196,0.10248084359602212,0.10026310866272149,0.041302932375522405,0.03487083620947582,0.025509041082509433,0.015793891293012945,0.011379948314334564,0.015145169233788888,0.0037652209194543136,0.05745070614561178,0.022692505111030215,0.014949959693718188,0.014949959693718188,0.011159443875687788,0.011159443875687788,0.003790515818030398,0.2491632447977909,0.04895920664525813,0.03475820103458156,0.003790515818030398
205,0.17517044552413186,0.10196471569946858,0.09967480347592345,0.04122551741920175,0.03480205982396467,0.02546800827825853,0.015757509140943194,0.011396130674158672,0.015165016631688975,0.003768885957530292,0.057863735469367,0.022850444023960345,0.015101411386056076,0.015101411386056076,0.011273243358831134,0.011273243358831134,0.0038281680272249413,0.25016587588441813,0.04930791500735289,0.03501329144540666,0.0038281680272249413
206,0.1736882340620046,0.10144885983242656,0.09908783520660266,0.041146366650530466,0.0347318490720626,0.025425870539749547,0.015720496110780892,0.011411554968146673,0.015183850752231087,0.003772295784084402,0.05827599064355902,0.023008019115369777,0.015253061552372967,0.015253061552372967,0.01138720466557272,0.01138720466557272,0.0038658568868002443,0.2511626239191774,0.04965593560559254,0.035267971528189244,0.0038658568868002443
207,0.17221856438917224,0.10093332147051749,0.09850224351707333,0.041065509687293805,0.03466022922002369,0.02538264534776139,0.015682864339532383,0.011426226051722697,0.015201678400679326,0.0037754523489566187,0.05868745431006432,0.023165224076477586,0.015404900059895277,0.015404900059895277,0.011501320215254187,0.011501320215254187,0.0039035798446410883,0.25215350227124333,0.05000325409631316,0.03552223023358674,0.0039035798446410883
208,0.17076133038280233,0.10041814514716596,0.09791806702039971,0.04098297593392027,0.03458722534037588,0.025338350072446697,0.015644625861473544,0.011440148854827128,0.015218506478502288,0.0037783576236751484,0.05909810940693726,0.02332205271987291,0.01555691684390207,0.01555691684390207,0.011615582475771413,0.011615582475771413,0.003941334368130655,0.25313852470641407,0.0503498563885134,0.03577605668706436,0.003941334368130655
209,0.16931642681802478,0.09990337446807519,0.0973353432992655,0.04089879457944282,0.03451286231043878,0.02529300197185055,0.01560579260759224,0.011453328379227405,0.01523434197973643,0.0037810136005090133,0.05950793916627646,0.023478498978487645,0.015709101908687094,0.015709101908687094,0.011729983964319684,0.011729983964319684,0.003979117944367406,0.25411770537661804,0.05069572864191716,0.03602944018778882,0.003979117944367406
210,0.1678837493603338,0.09938905212550415,0.09675410892454359,0.04081299459557663,0.03443716481093851,0.025246618190499708,0.015566376405076889,0.011465769695870239,0.015249191987407044,0.003783422291536794,0.05991692711207089,0.023634556904563567,0.015861445328484457,0.015861445328484457,0.011844517248111959,0.011844517248111959,0.004016928080372496,0.2550910588096107,0.05104085726502155,0.036282370207507325,0.004016928080372496
211,0.16646319455805403,0.09887521991234892,0.09617439947357075,0.040725604734910416,0.034360157324717054,0.02519921575806056,0.015526388976849822,0.011477477942275128,0.015263063670006582,0.0037855857277314425,0.060325057058026654,0.023790220668614335,0.016013937248358527,0.016013937248358527,0.011959174945070662,0.011959174945070662,0.004054762303287864,0.25605859989885615,0.05138522891313093,0.03653483638941232,0.004054762303287864
212,0.1650546598348705,0.0983619187360307,0.09559624954813177,0.040636653529208394,0.03428186413553352,0.025150811588064148,0.015485841941144217,0.011488458319968985,0.015275964278030059,0.003787505958061063,0.06073231310537576,0.023945484558382833,0.016166567885058592,0.016166567885058592,0.012073949724493414,0.012073949724493414,0.0040926181605651785,0.25702034389359185,0.0517288304863781,0.03678682854699293,0.0040926181605651785
213,0.1636580434824216,0.09784918863219318,0.09501969279215733,0.04054616928781997,0.034202309326954776,0.02510142247669662,0.015444746811123317,0.011498716091961705,0.015287901140567278,0.0037891850486055628,0.061138679640667846,0.024100342977794276,0.016319327527838892,0.016319327527838892,0.012188834307693103,0.012188834307693103,0.0041304932201457895,0.25797630638907315,0.05207164912773344,0.037038336662873574,0.0041304932201457895
214,0.16227324465295495,0.09733706877821152,0.09444476190913983,0.040454180096194295,0.03412151678133316,0.02505106510165348,0.015403114994540782,0.01150825658026247,0.015298881661951548,0.003790625081689068,0.06154414133354605,0.02425479044590551,0.016472206539244565,0.016472206539244565,0.01230382146861272,0.01230382146861272,0.004168385070631845,0.25892650331699474,0.05241367222100299,0.037289350887640536,0.004168385070631845
215,0.16090016335204532,0.09682559750651555,0.09387148867927167,0.04036071381449703,0.034039510178868665,0.02499975602105605,0.01536095779344095,0.011517085163436597,0.015308913318464599,0.0037918281550279906,0.06194868313450799,0.024408821595850918,0.01662519535586408,0.01662519535586408,0.012418904034415344,0.012418904034415344,0.004206291321448736,0.25987095093608614,0.05275488738881632,0.03753986153865707,0.004206291321448736
216,0.15953870043137416,0.09631481231772945,0.09329990397630977,0.040265798076326506,0.03395631299675343,0.024947511672428594,0.015318286403897879,0.011525207274202708,0.015318003655097355,0.0037927963808946355,0.06235229027265296,0.02456243117378533,0.016778284489048726,0.016778284489048726,0.01253407488604971,0.01253407488604971,0.004244209602999016,0.26080966582287884,0.05309528249060501,0.03778985909886763,0.004244209602999016
217,0.15818875758157022,0.09580474989363046,0.09273003778417085,0.04016946028752666,0.03387194850839619,0.024894348371734598,0.01527511191579203,0.011532628397069975,0.015326160282366219,0.0037935318852962323,0.06275494825341622,0.024715614037824307,0.0169314645255997,0.0169314645255997,0.012649326958791738,0.012649326958791738,0.004282137566807962,0.26174266486264186,0.053434845620572546,0.03803933421559192,0.004282137566807962
218,0.15685023732511078,0.09529544610992875,0.09216191921326125,0.0400717276250942,0.03378643978272441,0.02484028231247068,0.015231445312623491,0.011539354066015237,0.015333390873184515,0.003794036807169268,0.0631566428562915,0.024868365156982226,0.01708472612842336,0.01708472612842336,0.012764653242762438,0.012764653242762438,0.004320072885660924,0.2626699652404836,0.05377356510565651,0.038288277699309266,0.004320072885660924
219,0.1555230430092829,0.09478693604887103,0.09159557651654533,0.039972627036177405,0.033699809683561975,0.024785329564816716,0.015187297471360661,0.0115453898621997,0.01533970315978871,0.003794313297589,0.06355736013254244,0.02502067961010846,0.017238060037155205,0.017238060037155205,0.01288004678342259,0.01288004678342259,0.004358013253732617,0.2635915844326162,0.05411142950348375,0.038536680522433975,0.004358013253732617
220,0.15420707879920437,0.09427925401166991,0.09103103710535654,0.03987218523716407,0.033612080869080296,0.0247295060748407,0.015142679162323341,0.011550741411724996,0.01534510493071903,0.0037943635189940234,0.06395708640290422,0.025172552584822067,0.017391457068753093,0.017391457068753093,0.012995500682044588,0.012995500682044588,0.004395956386708508,0.26450754019778167,0.05444842760031937,0.03878453381808214,0.004395956386708508
221,0.1529022496709034,0.09377243353076146,0.09046832756495479,0.03977042871285622,0.03352327579132064,0.02467282766375699,0.015097601049099204,0.011555414383428301,0.01534960402785407,0.0037941896444257596,0.06435580825527586,0.0253239793764453,0.01754490811806028,0.01754490811806028,0.013111008096161838,0.013111008096161838,0.004433900021898448,0.2654178505688352,0.054784548409010175,0.03903182887883055,0.004433900021898448
222,0.1516084614044573,0.09326650738189324,0.0899074736698342,0.03966738371572916,0.03343341669578577,0.02461531002723651,0.015052073688492627,0.011559414486716256,0.015353208343499005,0.0037937938567827404,0.06475351254240441,0.02547495538693629,0.017698404158338822,0.017698404158338822,0.013226562239996121,0.013226562239996121,0.0044718419183427055,0.26632253384448473,0.055119781166923384,0.039278557155468116,0.0044718419183427055
223,0.15032562057718882,0.0927615075960447,0.0893485003987848,0.03956307626527253,0.03334252562109881,0.024556968734767606,0.015006107530504905,0.0115627474694374,0.015355925817526957,0.003793178348089549,0.0651501863795617,0.025625476123821215,0.01785193624177381,0.01785193624177381,0.013342156384863283,0.013342156384863283,0.004509779856910533,0.2672216085811831,0.05545411533388124,0.03952471025574048,0.004509779856910533
224,0.14905363455692033,0.0922574654711826,0.08879143194971191,0.039457532147411156,0.033250624398727384,0.024497819229066242,0.014959712918344902,0.01156541911579282,0.01535776443457311,0.0037923453187802825,0.06554581714221443,0.025775537199126265,0.018005495499949082,0.018005495499949082,0.013457783859557657,0.013457783859557657,0.0045477116403914285,0.2681150935851709,0.05578754059009223,0.039770279943088155,0.0045477116403914285
225,0.14779241149528485,0.09175441158385311,0.08823629175421711,0.039350776914003356,0.03315773465277117,0.02443787682553419,0.014912900088469152,0.01156743524428472,0.015358732221281127,0.0037912969769964013,0.06594039246368853,0.025925134328309715,0.018159073144294813,0.018159073144294813,0.013573438050715585,0.013573438050715585,0.004585635093579231,0.269003007904668,0.0561200468340795,0.04001525813537882,0.004585635093579231
226,0.14654186032109398,0.0912523758006131,0.087683102491944,0.03924283588241458,0.03306387779981092,0.02437715671176402,0.014865679170650549,0.0115688017057026,0.015358837243601426,0.003790035537898819,0.06633390023282856,0.026074263329194408,0.018312660466507626,0.018312660466507626,0.013689112403158432,0.013689112403158432,0.004623548063349196,0.2698853708222102,0.05645162418060721,0.04025963690363416,0.004623548063349196
227,0.14530189073376165,0.09075138728930246,0.08713188610469261,0.03913373413516429,0.03296907504881713,0.024315673947089604,0.014818060188074678,0.011569524381146739,0.01535808760414084,0.0037885632229940954,0.06672632859165271,0.026222920120900915,0.01846624883894364,0.01846624883894364,0.013804800420215459,0.013804800420215459,0.0046614484187281835,0.2707622018471296,0.05678226295860532,0.0405034084707518,0.0046614484187281835
228,0.14407241319678366,0.09025147453015968,0.08658266381030581,0.03902349651964389,0.03287334740111669,0.024253443462180935,0.014770053057462944,0.011569609180088642,0.015356491439563235,0.003786882259474587,0.06711766593300436,0.026371100722781662,0.01861982971498505,0.01861982971498505,0.013920495664026925,0.013920495664026925,0.004699334050958124,0.27163352070817653,0.05711195370909349,0.0407465652102227,0.004699334050958124
229,0.14285333893127242,0.08975266532678262,0.0860354561163313,0.038912147647903704,0.032776715650415546,0.024190480058682087,0.014721667589221612,0.011569062038468162,0.015354056918040579,0.00378499487957241,0.0675079008982008,0.026518801253356292,0.018773394629380685,0.018773394629380685,0.014036191755827812,0.014036191755827812,0.00473720287355287,0.2724993473462796,0.05744068718310466,0.040989099644844505,0.00473720287355287
230,0.1416445799095463,0.0892549868169366,0.08549028283346238,0.038799711896507084,0.03267920038287587,0.02412679840889113,0.01467291348761595,0.011567888916826929,0.015350792236754004,0.00378290331992707,0.06789702237467984,0.026666017929248508,0.01892693519856109,0.01892693519856109,0.014151882376212493,0.014151882376212493,0.004775052822348594,0.27335970190744285,0.05776845433960882,0.041231004445431325,0.004775052822348594
231,0.1404460488487732,0.08875846548321162,0.08494716308876105,0.038686213406449524,0.032580821977245954,0.024062413055480885,0.014623800350968635,0.011566095798477765,0.015346705619444378,0.0037806098209666084,0.06828501949364492,0.02681274706412467,0.01908044312092863,0.01908044312092863,0.014267561265380762,0.014267561265380762,0.004812881855547865,0.27421460473577747,0.05809524634343757,0.041472272429520236,0.004812881855547865
232,0.1392576592046682,0.08826312716353096,0.08440611533866657,0.03857167608314101,0.032481600605041246,0.023997338411259377,0.014574337671881628,0.011563688687709767,0.015341805314011891,0.0037781166263021193,0.06867188162770942,0.026958985067634354,0.019233910177123073,0.019233910177123073,0.01438322222336554,0.01438322222336554,0.004850687953757531,0.2750640763666651,0.058421054563210034,0.04171289656007505,0.004850687953757531
233,0.1380793251652441,0.08776899706151285,0.08386715738179294,0.03845612359644966,0.03238155623077488,0.023931588758968923,0.014524534837480736,0.011560673608028673,0.015336099590164163,0.003775425982135485,0.06905759838854082,0.02710472844435317,0.019387328230263193,0.019387328230263193,0.014498859110242639,0.014498859110242639,0.004888469120020552,0.2759081375200517,0.05874587056926045,0.04195286994418764,0.004888469120020552
234,0.1369109616446151,0.08727609975668717,0.0833303063715182,0.03833957938080488,0.03228070861223619,0.023865178251122766,0.014474401129682112,0.011557056600432193,0.015329596737112377,0.003772540136680179,0.06944215962450533,0.027249973792727977,0.019540689226164833,0.019540689226164833,0.014614465846322925,0.014614465846322925,0.004926223379841907,0.2767468090938697,0.0590696861315682,0.04219218583177733,0.004926223379841907
235,0.135752484276853,0.0867844592145692,0.08279557882836901,0.03822206663535813,0.03217907730081569,0.023798120909878213,0.014423945725479916,0.01155284372171995,0.01532230506131494,0.003769461339594986,0.06982555541831338,0.027394717804024797,0.01969398519353596,0.01969398519353596,0.014730036412327247,0.014730036412327247,0.004963948781208708,0.2775801121575849,0.05939249321769056,0.04243083761428856,0.004963948781208708
236,0.134603809409895,0.08629409879659225,0.08226299065220347,0.03810360832419973,0.032076681641874945,0.02373043062694527,0.014373177697254455,0.01154804104283766,0.01531423288426815,0.0037661918414304855,0.07020777608466697,0.027538957261279598,0.01984720824414911,0.01984720824414911,0.014845564849544447,0.014845564849544447,0.005001643394604658,0.2784080679458686,0.05971428399069872,0.04266881882338734,0.005001643394604658
237,0.13346485409950357,0.08580504126990084,0.08173255713419521,0.037984227176629776,0.03197354077515999,0.023662121163529733,0.014322106013100045,0.011542654647255218,0.015305388540343369,0.003762733893088148,0.07058881216790897,0.02768268903825214,0.02000035057299179,0.02000035057299179,0.014961045259972824,0.014961045259972824,0.005039305313018963,0.27923069785239063,0.06003505080711747,0.0429061231296568,0.005039305313018963
238,0.132335536103277,0.0853173088170065,0.08120429296862187,0.03786394568748172,0.031869673635256834,0.02359320615030979,0.014270739537171935,0.011536690629378295,0.015295780374670184,0.0037590897452918852,0.07096865443967526,0.02782591009838314,0.020153404458395224,0.020153404458395224,0.015076471806445377,0.015076471806445377,0.005076932651949845,0.2800480234237326,0.06035478621486907,0.043142744341292096,0.005076932651949845
239,0.1312157738747108,0.08483092304530787,0.08067821226446091,0.03774278611749676,0.03176509895208759,0.023523699087445164,0.0142190870300516,0.011530155092993134,0.015285416741065046,0.003755261648071907,0.07134729389655008,0.02796861749375486,0.020306362262141928,0.020306362262141928,0.01519183871273916,0.01519183871273916,0.005114523549402764,0.2808600663534188,0.06067348295122164,0.04337867640279519,0.005114523549402764
240,0.13010548655730939,0.08434590499647689,0.08015432855679556,0.03762077049374759,0.031659835251446,0.023453613344617846,0.014167157149129748,0.011523054149744123,0.015274306000004853,0.003751251850260727,0.07172472175772504,0.028110808364055377,0.020459216429552576,0.020459216429552576,0.015307140263669092,0.015307140263669092,0.005152076165883483,0.28166684847606344,0.060991133940742515,0.04361391339366964,0.005152076165883483
241,0.12900459397874753,0.08386227515571276,0.07963265481803417,0.03749792061010989,0.03155390085557095,0.023382962161103502,0.014114958449006393,0.011515393917643816,0.015262456516644981,0.0037470625990011614,0.07210092946266251,0.028252479935546675,0.020611959489552623,0.020611959489552623,0.015422370805166534,0.015422370805166534,0.0051895886843860905,0.2824683917616314,0.06130773229325698,0.04384844952711582,0.0051895886843860905
242,0.1279130166450812,0.08338005346086566,0.07911320346894514,0.03737425802778002,0.03144731388375666,0.02331175864587266,0.014062499381907366,0.011507180519615027,0.0152498766588812,0.00374269613926617,0.0724759086687636,0.02839362952003674,0.020764584054719072,0.020764584054719072,0.015537524744342971,0.015537524744342971,0.0052270593103761025,0.28326471830981176,0.061623271301812686,0.04408227914872686,0.0052270593103761025
243,0.12683067573500745,0.08289925931143151,0.07859598638951105,0.03724980407583743,0.03134009225299838,0.02324001577772079,0.014009788298116646,0.011498420082064613,0.015236574795454998,0.0037381547133903833,0.0728496512490414,0.028534254513855814,0.020917082821307883,0.020917082821307883,0.01565259654953912,0.01565259654953912,0.005264486271768764,0.2840558503445012,0.061937744440650255,0.044315396735185586,0.005264486271768764
244,0.12575749309417278,0.08241991157741996,0.07808101492960409,0.03712457985185033,0.03123225367867223,0.023167746405426418,0.013956833446423919,0.011489118733488585,0.015222559294101747,0.003733440560613159,0.07322214928979977,0.02867435239683698,0.021069448569262433,0.021069448569262433,0.015767580750359767,0.015767580750359767,0.005301867818902668,0.28484181020839633,0.06225114536318024,0.044547796892962795,0.005301867818902668
245,0.12469339122952978,0.08194202860809688,0.07756829991948581,0.036998606222523184,0.031123815675248127,0.02309496324793642,0.013903642974586768,0.011479282603108187,0.015207838519741204,0.0037285559166330153,0.07359339508831828,0.02881392073130122,0.02122167416220345,0.02122167416220345,0.015882471937694653,0.015882471937694653,0.0053392022245088,0.28562262035769237,0.06256346789996696,0.04477947435701706,0.0053392022245088
246,0.12363829330374147,0.08146562824060317,0.07705785168013392,0.03687190382438463,0.031014795557034475,0.023021678894577697,0.013850224929806938,0.011468917819536533,0.015192420832709823,0.003723503013173289,0.0739633811505435,0.028952957161047087,0.021373752547400864,0.021373752547400864,0.015997264763725736,0.015997264763725736,0.00537648778367513,0.2863983033568872,0.06287470605671944,0.04501042398949642,0.00537648778367513
247,0.12259212312963289,0.08099072780845155,0.07654968003339853,0.03674449306451447,0.030905210438953584,0.022947905805294374,0.013796587259220101,0.011458030509475471,0.01517631458703433,0.003718284077558858,0.07433210018878735,0.029091459410345157,0.021525676755727963,0.021525676755727963,0.016111953941921102,0.016111953941921102,0.005413722813806863,0.28716888187368855,0.06318485401228978,0.0452406407784422,0.005413722813806863
248,0.12155480516468985,0.08051734414990282,0.07604379431199079,0.03661639412130839,0.030795077237346615,0.022873656310909797,0.013742737810398597,0.01144662679644228,0.015159528128746061,0.003712901332303781,0.07469954511943248,0.029229425282937357,0.021677439901598306,0.021677439901598306,0.016226534247015856,0.016226534247015856,0.005450905654582451,0.2879343786740225,0.06349390611667932,0.04547011983649514,0.005450905654582451
249,0.12052626450560401,0.08004549361622328,0.0755402033693061,0.036487626945279086,0.03068441267080702,0.022798942613412494,0.0136886843318666,0.011434712799525805,0.015142069794235503,0.0037073569947096985,0.07506570906064557,0.029366852661041342,0.021829035182885766,0.021829035182885766,0.01634100051498028,0.01634100051498028,0.005488034667905489,0.2886948166171424,0.0638018568890528,0.04569885639960424,0.005488034667905489
250,0.11950642688286427,0.07957519207982479,0.07503891558908475,0.03635821125989259,0.03057323326104135,0.022723776786265384,0.013634434473627213,0.011422294632171707,0.015123947908646546,0.0037016532764748374,0.07543058533009836,0.02950373950436001,0.02198045588082812,0.02198045588082812,0.016455347642975536,0.016455347642975536,0.005525108237852586,0.2894502186508355,0.06410870101576087,0.04592684582573837,0.005525108237852586
251,0.11849521865539388,0.07910645494228913,0.07453993889491232,0.03622816656243845,0.03046155533375645,0.022648170774737485,0.013579995787700975,0.011409378400996404,0.015105170784309882,0.0036957923833134767,0.07579416744269729,0.02964008384909628,0.022131695359914588,0.022131695359914588,0.016569570589297252,0.016569570589297252,0.005562124770617334,0.29020060780672635,0.06441443334837128,0.04615408359360102,0.005562124770617334
252,0.11749256680523285,0.07863929714227803,0.07404328075956229,0.03609751212493266,0.030349395019571956,0.022572136396257388,0.013525375728675284,0.011395970204629352,0.015085746719215065,0.0036897765145857122,0.07615644910832167,0.02977588380697329,0.022282747067757687,0.022282747067757687,0.016683664373307216,0.016683664373307216,0.0055990826944504685,0.2909460071956755,0.06471904890170885,0.046380565301348396,0.0055990826944504685
253,0.11649839893226549,0.07817373316333055,0.07354894821418334,0.03596626699505205,0.030236768254957146,0.022495685340787788,0.013470581654264279,0.011382076132583291,0.015065683995520667,0.0036836078629373745,0.076517424229571,0.029911137564260042,0.022433604534949837,0.022433604534949837,0.01679762407535351,0.01679762407535351,0.005635980459596326,0.2916864400032711,0.06502254285190456,0.04660628666531097,0.005635980459596326
254,0.11551264324899248,0.07770977704154913,0.07305694785733369,0.035834449997099074,0.03012369078319118,0.022418829171220407,0.013415620825878681,0.011367702264152088,0.015044990878102038,0.0036772886139499485,0.07687708689952152,0.030045843380802684,0.022584261374905042,0.022584261374905042,0.01691144483667934,0.01691144483667934,0.0056728165382257,0.2924219294854129,0.06532491053445413,0.04683124351871885,0.0056728165382257
255,0.11453522857534718,0.0772474423731759,0.07256728586386482,0.03570207973299575,0.030010178155345738,0.0223415793237906,0.013360500409205169,0.011352854667335785,0.01502367561313613,0.003670820945800343,0.07723543139949252,0.030179999589061472,0.022734711283686062,0.022734711283686062,0.01702512185932086,0.01702512185932086,0.005709589424365199,0.29315249896398626,0.06562614744228605,0.04705543181043105,0.005709589424365199
256,0.11356608433355578,0.0767867423220607,0.07207996799365693,0.0355691745833058,0.029896245731289187,0.022263947108510995,0.01330522747479482,0.011337539397792508,0.015001746426722872,0.003664207028930362,0.07759245219682247,0.030313604593153524,0.022884948039817422,0.022884948039817422,0.01713865040599422,0.01713865040599422,0.005746297633823203,0.2938781718226249,0.06592624922383951,0.047278847603668954,0.005746297633823203
257,0.11260514054304108,0.07632768962702213,0.07159499960020829,0.03543575270828373,0.029781908680711337,0.022185943709623533,0.013249808998660212,0.011321762497816844,0.014979211523542575,0.003657449025725729,0.07794814394265552,0.030446656867901472,0.02303496550408465,0.02303496550408465,0.017252025799972145,0.017252025799972145,0.005782939704112507,0.2945989715025614,0.0662252116811524,0.047501487074754066,0.005782939704112507
258,0.11165232781536918,0.07587029660910319,0.07111238563908096,0.03530183204894997,0.029667181984167925,0.022107580186069255,0.013194251862880726,0.01130552999534433,0.014956079085548846,0.0036505490902045156,0.07830250146973836,0.030579154957888075,0.023184757619320075,0.023184757619320075,0.017365243424950313,0.017365243424950313,0.005819514194369765,0.29531492149856353,0.06652303076795951,0.0477233465118503,0.005819514194369765
259,0.11070757734923914,0.07541457517872276,0.07063213067620476,0.03516743032819089,0.029552080434143976,0.022028867471975227,0.013138562856215678,0.011288847902981682,0.014932357270696512,0.003643509367714829,0.07865551979022786,0.03071109747651688,0.023334318410175563,0.023334318410175563,0.01747829872490376,0.01747829872490376,0.005856019685271809,0.29602604535495436,0.06681970258780119,0.04794442231371099,0.005856019685271809
260,0.10977082092551481,0.07496053684272448,0.07015423889604207,0.03503256505188285,0.02943661863613519,0.021949816377158007,0.013082748674724852,0.011271722217062404,0.014908054211704016,0.003636331994641611,0.07900719409350977,0.03084248310507904,0.02348364198288253,0.02348364198288253,0.017591187203933576,0.017591187203933576,0.0058924547789489575,0.29673236666171643,0.06711522339214263,0.04816471098843074,0.0058924547789489575
261,0.10884199090229893,0.07450819271132417,0.06967871410961522,0.034897253510039104,0.02932081100974656,0.021870437587643052,0.013026815922396063,0.011254158916727397,0.0148831780148498,0.003629019098122403,0.0793575197440286,0.03097331059182629,0.02363272252499957,0.02363272252499957,0.0177039044261042,0.0177039044261042,0.005928818098895373,0.29743390905067685,0.06740958957850397,0.04838420915220232,0.005928818098895373
262,0.10792102021004871,0.07405755350495731,0.06920555976239891,0.03476151277797883,0.029204671789807405,0.021790741666199487,0.012970771111779352,0.01123616396303022,0.014857736758802155,0.003621572795771935,0.079706492279129,0.03110357875105025,0.023781554305148066,0.023781554305148066,0.017816446015271475,0.017816446015271475,0.005965108289876598,0.29813069619177296,0.06770279768860143,0.048602913528078745,0.005965108289876598
263,0.10700784234673291,0.07360862956102787,0.0687347789420794,0.03462535971751714,0.029088215027502067,0.021710739052889685,0.012914620664627459,0.011217743298066638,0.01483173849348203,0.003613995195415393,0.08005410740690878,0.031233286462168042,0.02393013167273609,0.02393013167273609,0.017928807654901777,0.017928807654901777,0.006001324017834317,0.29882275178939693,0.06799484440649951,0.04882082094474074,0.006001324017834317
264,0.1061023913730298,0.07316143084055972,0.0682663743861829,0.0344888109781753,0.028971454591515504,0.0216304400656331,0.012858370912542206,0.011198902844128094,0.014805191238958315,0.0036062883948302224,0.08040036100408396,0.03136243266881432,0.024078449057670908,0.024078449057670908,0.018040985087882443,0.018040985087882443,0.006037463969788471,0.29951009957881775,0.06828572655677453,0.04903792833526963,0.006037463969788471
265,0.1052046019075657,0.07271596693475202,0.06780034848957493,0.03435188299841024,0.028854404169193045,0.021549854900783802,0.012802028097626438,0.01117964850287875,0.014778102984375078,0.003598454481496329,0.08074524911386571,0.03149101637793974,0.024226500970060492,0.024226500970060492,0.018152974116323724,0.018152974116323724,0.006073526853736773,0.3001927633226796,0.06857544110268969,0.04925423273592596,0.006073526853736773
266,0.10431440912219399,0.07227224707143978,0.06733670331183272,0.03421459200686241,0.028737077267713587,0.02146899363372122,0.012745598373141192,0.011159986154555736,0.014750481686910271,0.0035904955323545346,0.08108876794384981,0.031619036658916,0.024374281999904244,0.024374281999904244,0.018264770601352513,0.018264770601352513,0.0061095113985517365,0.30087076680757535,0.06886398514438162,0.0494697312849338,0.0061095113985517365
267,0.10343174873731388,0.07183028012146091,0.06687544058449257,0.03407695402362127,0.02861948721527556,0.021387866219453534,0.01268908780416774,0.011139921657192273,0.014722335270765424,0.0035824136135731498,0.08143091386391843,0.031746492642647416,0.024521786816773347,0.024521786816773347,0.01837637046289807,0.01837637046289807,0.006145416353875282,0.3015441338406937,0.06915135591705876,0.049684421221271015,0.006145416353875282
268,0.10255655701722893,0.07139007460493096,0.0664165617181742,0.033938984861507475,0.02850164716229494,0.02130648249323327,0.012632502368274208,0.011119460845863282,0.014693671626185806,0.0035742107803225253,0.08177168340415464,0.031873383520689094,0.024669010169481,0.024669010169481,0.018487769679469992,0.018487769679469992,0.006181240490011014,0.3022128882465386,0.06943755078921152,0.04989829988346555,0.006181240490011014
269,0.1016887707655447,0.07095163869742688,0.0659600678095839,0.03380070012737098,0.02838357008261468,0.021224852171184538,0.012575847956186444,0.011098609531953166,0.014664498608510611,0.0035658890765574458,0.08211107325276971,0.031999708544371834,0.02481594688574286,0.02481594688574286,0.018598964287928624,0.018598964287928624,0.006216982597814239,0.3028770538637203,0.06972256726083446,0.05011136470839788,0.006216982597814239
270,0.10082832732060547,0.07051498023608078,0.06550595964839839,0.033662115223404336,0.028265268774724902,0.021142984850941526,0.012519130372462814,0.011077373502445408,0.014634824037252636,0.003557450534807229,0.08244908025404342,0.0321254670239337,0.024962591871827967,0.024962591871827967,0.018709950383248155,0.018709950383248155,0.0062526414885798135,0.30353665454181616,0.07000640296166061,0.050323613230109726,0.0062526414885798135
271,0.09997516455096957,0.07008010672558525,0.06505423772403131,0.033523245348470336,0.028146755862993224,0.021060890012297672,0.01246235533617267,0.011055758519233624,0.014604655695207022,0.0035488971759733987,0.08278570140627746,0.032250658327658326,0.02510894011220049,0.02510894011220049,0.018820724118272607,0.018820724118272607,0.006288215993927886,0.30419171413830015,0.07028905564940785,0.05053504307861914,0.006288215993927886
272,0.09912922085092289,0.06964702534411099,0.06460490223228396,0.033384105499443296,0.028028043798904598,0.02097857701786516,0.012405528481578141,0.01103377031845375,0.014574001327588543,0.003540231009134794,0.08312093385976216,0.032375281881020054,0.025254986669152563,0.025254986669152563,0.018931281703464944,0.018931281703464944,0.00632370496568762,0.3048422565155405,0.07057052320803778,0.05074565197874212,0.00632370496568762
273,0.09829043513603046,0.06921574294913838,0.0641579530818824,0.03324471047256325,0.027909144862310074,0.02089605511374422,0.012348655358819037,0.011011414609837015,0.014542868641197004,0.003531454031359989,0.08345477491475659,0.032499337165835834,0.02540072668242845,0.02540072668242845,0.01904161940664948,0.01904161940664948,0.0063591072757789675,0.3054883055378633,0.07085080364602682,0.05095543774892077,0.0063591072757789675
274,0.09745874683872557,0.06878626608320368,0.06371338990090233,0.03310507486480236,0.027790071162683932,0.02081333343020185,0.012291741434600515,0.010988697076083362,0.014511265303610247,0.0035225682275268847,0.08378722201948222,0.03262282371942402,0.025546155368840417,0.025546155368840417,0.01915173355274785,0.01915173355274785,0.006394421816092568,0.30612988506868216,0.07112989509464993,0.051164398300058214,0.006394421816092568
275,0.09663409590393636,0.0683586009795614,0.06327121204308382,0.032965213075242805,0.027670834640388553,0.020730420982359502,0.012234792092883312,0.010965623372254985,0.014479198942404334,0.0035135755701493497,0.08411827276813023,0.032745741133770025,0.02569126802187652,0.02569126802187652,0.019261620523508684,0.019261620523508684,0.006429647498367837,0.3067670189676912,0.07140779580627676,0.05137253163436023,0.006429647498367837
276,0.0958164227847492,0.06793275356776371,0.06283141859403728,0.03282513930646554,0.02755144706794655,0.020647326670889313,0.01217781263557623,0.010942199125189645,0.014446677144400424,0.0035044780192107793,0.08444792489888266,0.03286808905469886,0.025836060011300566,0.025836060011300566,0.019371276757231236,0.019371276757231236,0.00646478325406933,0.307399731088122,0.07168450415268066,0.051579835844183825,0.00646478325406933
277,0.09500566843810901,0.06750872947915806,0.06239400837734267,0.032684867565949176,0.027431920051319593,0.020564059282718518,0.012120808283230661,0.010918429932933453,0.014413707454937898,0.003495277522004445,0.08477617629194731,0.03298986718105462,0.02598052678274457,0.02598052678274457,0.01948069874848313,0.01948069874848313,0.0064998280342614375,0.3080280452740624,0.07196001862336013,0.051786309110892714,0.0064998280342614375
278,0.09420177432055578,0.0670865340523042,0.06195897996054345,0.032544411667478484,0.02731226503119339,0.0204806274917416,0.012063784175736886,0.010894321364192775,0.014380297377173284,0.0034859760129805095,0.0851030249676068,0.03311107526388693,0.02612466385729395,0.02612466385729395,0.019589883047812465,0.019589883047812465,0.006534780809481482,0.30865198535783583,0.07223433782387333,0.0519919497037199,0.006534780809481482
279,0.09340468238399723,0.06666617233831151,0.06152633166103687,0.03240378523256174,0.027192493284268354,0.020397039859539823,0.01200674537302192,0.010869878957804939,0.014346454371404522,0.003476575413599584,0.08542846908428159,0.0332317131056443,0.026268466831065682,0.026268466831065682,0.019698826261454392,0.019698826261454392,0.006569640569611288,0.3092715751574412,0.07250746047418526,0.052196755978637314,0.006569640569611288
280,0.09261433507151726,0.06624764910609787,0.06109606155186234,0.032263001691856426,0.027072615924555437,0.020313304836107764,0.011949696855748666,0.010845108222227434,0.014312185854420133,0.0034670776321927017,0.0857525069366072,0.03335178055937452,0.026411931374779728,0.026411931374779728,0.01980752505103244,0.01980752505103244,0.0066044063237472835,0.3098868384740516,0.07277938540702794,0.05240072637723271,0.0066044063237472835
281,0.0918306753132198,0.06583096884757103,0.06066816746738943,0.03212207428660263,0.02695264390467667,0.020229430760586472,0.01189264352601616,0.010820014635045274,0.014277499198872865,0.0034574845638275908,0.08607513695352577,0.03347127752793201,0.026555053233323928,0.026555053233323928,0.019915976133254715,0.019915976133254715,0.006639077100069211,0.3104977990895702,0.0730501115662735,0.05260385942559379,0.006639077100069211
282,0.09105364652210793,0.06541613578273354,0.06024264700890699,0.03198101607006361,0.026832588017169912,0.02014542586200291,0.011835590208060697,0.010794603642496223,0.014242401732677342,0.0034477980901811197,0.0863963576963918,0.03359020396319217,0.026697828225312657,0.026697828225312657,0.020024176279605167,0.020024176279605167,0.006673651945707487,0.3111044807642441,0.07331963800532026,0.052806153733199655,0.006673651945707487
283,0.09028319258999778,0.06500315386471232,0.0598194975501151,0.03183983990897291,0.026712458895797413,0.020061298260015313,0.011778541648957601,0.010768880659013547,0.014206900738431347,0.003438020079417801,0.08671616785709244,0.033708559865272776,0.02684025224263943,0.02684025224263943,0.020132122316030128,0.020132122316030128,0.006708129926609298,0.31170690723433314,0.07358796388549196,0.05300760799181969,0.006708129926609298
284,0.08951925788346704,0.06459202678471375,0.05939871624252117,0.03169855848498759,0.026592267016857685,0.019977055965664126,0.011721502519323468,0.01074285106678601,0.014171003452860242,0.0034281523860742328,0.08703456625618217,0.03382634528176235,0.026982321250023745,0.026982321250023745,0.020239811122620265,0.020239811122620265,0.006742510127403476,0.3123051022098343,0.07385508847444994,0.05320822097441984,0.006742510127403476
285,0.0887617872398377,0.06418275797690542,0.05898030002074188,0.031557184296146866,0.02647202270050029,0.01989270688212821,0.011664477414018657,0.010716520215334802,0.014134717066284167,0.0034181968509493653,0.08735155184103205,0.033943560306955584,0.027124031284552347,0.027124031284552347,0.020347239633288123,0.020347239633288123,0.006776791651264219,0.3128990893722595,0.07412101114461851,0.05340799153407648,0.006776791651264219
286,0.08801072596319294,0.06377535062322552,0.058564245607712284,0.031415729658335834,0.026351736112043146,0.019808258805485972,0.011607470852849862,0.010689893421107082,0.014098048722107553,0.0034081553010004715,0.08766712368399351,0.03406020508109577,0.02726537845521519,0.02726537845521519,0.020454404835441472,0.020454404835441472,0.006810973619773712,0.31348889237246697,0.07438573137162352,0.05360691860289776,0.006810973619773712
287,0.08726601982042746,0.06336980765812068,0.05815054951980366,0.03127420670675364,0.026231417263291888,0.0197237194254811,0.011550487281272538,0.010662975967085847,0.014061005516330558,0.0033980295492447112,0.08798128098057688,0.03417627978962427,0.027406358942436263,0.027406358942436263,0.020561303769652543,0.020561303769652543,0.006845055172783717,0.3140745348285441,0.07464924873274395,0.05380500119095262,0.006845055172783717
288,0.08652761503733154,0.06296613177321349,0.05773920807185146,0.03113262739738568,0.02611107601386096,0.01963909632629262,0.011493531071093058,0.010635773102415843,0.014023594497082022,0.0033878213946661796,0.08829402304764442,0.034291784662437,0.02754696899759957,0.02754696899759957,0.0206679335293234,0.0206679335293234,0.006879035468276164,0.3146560403237421,0.07491156290537687,0.05400223838520743,0.006879035468276164
289,0.08579545829470797,0.06256432542190035,0.057330217382094754,0.03099100350847931,0.025990722072496013,0.01955439698730894,0.011436606521170366,0.010608290042045191,0.013985822664173513,0.0033775326221283214,0.08860534932161827,0.03440671997314793,0.02768720494257039,0.02768720494257039,0.02077429126034756,0.02077429126034756,0.006912913682222826,0.31523343240446056,0.07517267366551549,0.054198629348470355,0.006912913682222826
290,0.08506949672452198,0.0621643908238809,0.0569235733770287,0.030849346642022643,0.025870364998397247,0.01946962878390564,0.011379717858117,0.010580531966382485,0.013947696968674093,0.0033671650022916067,0.08891525935670307,0.034521086038359634,0.027827063169212126,0.027827063169212126,0.02088037416076801,0.02088037416076801,0.006946689008444109,0.3158067345782815,0.07543258088624044,0.054394173318343446,0.006946689008444109
291,0.08434967790608372,0.061766329969619685,0.056519271796171174,0.030707668225225963,0.025750014202543362,0.01938479898822666,0.011322869236999303,0.01055250402096902,0.013909224312505382,0.0033567202915363594,0.0892237528231233,0.034634883216940804,0.027966540138898866,0.027966540138898866,0.020986179480431834,0.020986179480431834,0.006980360658467025,0.3163759703120518,0.07569128453622441,0.054588869606182505,0.006980360658467025
292,0.08363594986226301,0.06137014462474111,0.056117308196745166,0.030565979512005317,0.025629678949015737,0.019299914769968656,0.011266064742036655,0.010524211316165918,0.013870411548056549,0.003346200231890629,0.08953082950537555,0.0347481119093108,0.02810563238202392,0.02810563238202392,0.021091704520641526,0.021091704520641526,0.007013927861382389,0.3169411630300135,0.07594878467824984,0.05478271759606477,0.007013927861382389
293,0.08292826105573617,0.0609758363343586,0.0557176779582781,0.030424291584467866,0.025509368356322514,0.019214983197168262,0.011209308387299596,0.01049565892685583,0.01383126547781883,0.0033356065509629997,0.0898364893004956,0.034860772556731166,0.028244336497504487,0.028244336497504487,0.021196946633803185,0.021196946633803185,0.007047389863701295,0.317502336111981,0.07620508146774,0.054975716743764454,0.007047389863701295
294,0.08222656038526456,0.06058340642733879,0.05532037628711945,0.0302826153543986,0.025389091398722266,0.019130011236991935,0.011152604117406659,0.010466851892158962,0.013791792854039201,0.0033249409618802375,0.09014073221634028,0.03497286564060416,0.028382649152282675,0.028382649152282675,0.021301903223071742,0.021301903223071742,0.007080745929210925,0.31805951289156376,0.07646017515130323,0.055167866575736135,0.007080745929210925
295,0.08153079718200462,0.060192856020501624,0.05492539822087792,0.03014096156474799,0.025268856907546922,0.019045005756528184,0.011095955808219798,0.010437795215163151,0.013752000378392817,0.003314205163229666,0.09044355836988427,0.035084391681778224,0.028520567080823067,0.028520567080823067,0.02140657174199333,0.02140657174199333,0.007113995338829727,0.31861271665443497,0.07671406606529045,0.05535916668810605,0.007113995338829727
296,0.0808409212058492,0.059804186022757326,0.05453273863277949,0.029999340791120196,0.02514867357252365,0.018959973523581933,0.011039367267538257,0.010408493862667685,0.013711894701673857,0.0033034008390061716,0.09074496798553175,0.03519535123986042,0.028658087084606994,0.028658087084606994,0.02151094969414496,0.02151094969414496,0.007147137390462023,0.31916197063664375,0.07696675463436592,0.05554961674567133,0.007147137390462023
297,0.0801568826417997,0.05941739713918099,0.05414239223594758,0.02985776344326148,0.025028549943095377,0.018874921207470727,0.010982842235790742,0.010378952764940653,0.013671482423504393,0.0032925296585637393,0.09104496139344295,0.035305744912535804,0.02879520603162373,0.02879520603162373,0.02161503463277164,0.02161503463277164,0.007180171398852085,0.31970729802297154,0.07721824137009116,0.055739216480907156,0.007180171398852085
298,0.07947863209636909,0.05903248987502567,0.05375435358760647,0.02971623976654839,0.02490849442973969,0.0187898553798226,0.010926384386725777,0.01034917681548951,0.01363077009206093,0.0032815932765714183,0.09134353902787556,0.03541557333489371,0.028931920855858776,0.028931920855858776,0.021718824160421046,0.021718824160421046,0.007213096695437723,0.320248721945331,0.07746852686952212,0.05592796569298186,0.007213096695437723
299,0.07880612059401519,0.058649464539674866,0.05336861709320937,0.029574779843475462,0.024788515305285825,0.01870478251537535,0.010869997328100104,0.010319170870844633,0.013589764203818253,0.0032705933329736188,0.09164070142554105,0.03552483717876097,0.029068228556779385,0.029068228556779385,0.02182231592857594,0.02182231592857594,0.0072459126282034365,0.32078626548120703,0.07771761181381952,0.05611586424678009,0.0072459126282034365
300,0.0781392995736043,0.058268321250535125,0.0529851770104922,0.029433393595141997,0.024668620706229435,0.01861970899277697,0.010813684602365021,0.01028893975035557,0.013548471203310217,0.003259531452954647,0.0919364492239758,0.03563353715204197,0.029204126198817567,0.029204126198817567,0.021925507637284385,0.021925507637284385,0.007278618561533173,0.3213199516521391,0.07796549696687237,0.056302912071933844,0.007278618561533173
301,0.07747812088490456,0.057889059936869665,0.05260402745345425,0.029292090782737635,0.024548818634044952,0.0185346410953871,0.01075744968735053,0.010258488235999775,0.013506897482907154,0.003248409246907379,0.09223078315992722,0.03574167399806562,0.029339610910850668,0.029339610910850668,0.02202839703478794,0.02202839703478794,0.007311213876062719,0.321849803422244,0.07821218317393466,0.05648910916186162,0.007311213876062719
302,0.07682253678510922,0.05751168034357377,0.05222516239626699,0.029150881009026377,0.024429116956495217,0.01844958501207919,0.01070129599694718,0.010227821072203531,0.013465049382609515,0.003237228310405984,0.09252370406775459,0.035849248494939125,0.029474679885679738,0.029474679885679738,0.02213098191714794,0.02213098191714794,0.007343697968531793,0.3223758436967786,0.07845767136027511,0.05667445557281549,0.007343697968531793
303,0.07617249993538908,0.05713618203489275,0.05184857567711207,0.02900977371982876,0.024309523408938164,0.01836454683804325,0.010645226881785506,0.010196942965674841,0.01342293318985744,0.0032259902241826,0.09281521287784486,0.03595626145490859,0.029609330379505833,0.029609330379505833,0.022233260127869973,0.022233260127869973,0.007376070251635852,0.32289809532074126,0.07870196252984006,0.05685895142293628,0.007376070251635852
304,0.07552796339747425,0.05676256439808332,0.05147426100194968,0.028868778205501863,0.024190045595630327,0.018279532575588908,0.010589245629912949,0.010165858585248022,0.013380555139355895,0.003214696554107876,0.09310531061504315,0.03606271372372645,0.029743559711404407,0.029743559711404407,0.02233522955752672,0.02233522955752672,0.007408330153877678,0.3234165810775123,0.07894505776392945,0.057042596891316716,0.007408330153877678
305,0.07488888063026486,0.05639082664701904,0.051102211948218415,0.028727903602416845,0.024070690991026905,0.018194548134948686,0.010533355467468154,0.010134572561739774,0.013337921412915055,0.003203348851175283,0.09339399839709817,0.03616860618002558,0.029877365262797967,0.029877365262797967,0.0224368881433792,0.0224368881433792,0.007440477119418757,0.3239313236875318,0.07918695821988575,0.0572253922170726,0.007440477119418757
306,0.07425520548647031,0.05602096782574074,0.05073242196846766,0.028587158894433758,0.02395146694107822,0.018109599335081186,0.010477559559352569,0.010103089487816479,0.013295038139305595,0.0031919486514891183,0.09368127743312234,0.03627393973470026,0.030010744476927118,0.030010744476927118,0.022538233868996598,0.022538233868996598,0.00747251060793051,0.324442345807014,0.07942766512979602,0.05740733769842209,0.00747251060793051
307,0.07362689220927711,0.05565298681195249,0.05036488439392359,0.028446552914373324,0.023832380664522288,0.018024691904474102,0.010421861009899216,0.010071413917872482,0.013251911394128579,0.003180497476256099,0.09396714902206667,0.036378715330293784,0.030143694858320174,0.030143694858320174,0.02263926476387476,0.02263926476387476,0.007504430094445401,0.32494967002669867,0.0796671797992068,0.0575884336917729,0.007504430094445401
308,0.07300389542904476,0.055286882320464116,0.04999959243798994,0.02830609434548541,0.023713439254173345,0.017939831481946833,0.010366262863538575,0.010039550367919144,0.013208547199699614,0.003168996831780473,0.0942516145512104,0.03648293394039278,0.03027621397226146,0.03027621397226146,0.022739978903053487,0.022739978903053487,0.007536235069207962,0.32545331887063783,0.07990550360585202,0.057768680610817635,0.007536235069207962
309,0.07238617016002977,0.05492265290658067,0.04963653919968444,0.02816579172291399,0.023594649678206108,0.01785502361745251,0.010310768105461476,0.010007503315484407,0.01316495152494696,0.0031574482094625564,0.09453467549466525,0.036586596569028164,0.030408299444258456,0.030408299444258456,0.02284037440673268,0.02284037440673268,0.007567925037525767,0.32595331479501766,0.08014263799839376,0.0579480789256371,0.007567925037525767
310,0.0717736717971372,0.054560296969439905,0.049275717667012074,0.028025653435158254,0.023476018781435577,0.017770273772879326,0.010255379662278923,0.009975277199522669,0.013121130285323279,0.003145853085800613,0.0948163334118944,0.03668970425008278,0.030539948959507925,0.030539948959507925,0.022940449439887524,0.022940449439887524,0.007599499519620393,0.3264496801870145,0.08037858449517582,0.058126629161811626,0.007599499519620393
311,0.07116635611269989,0.05419981275529825,0.04891712072027607,0.027885687725529705,0.023357553286592184,0.017685587322850936,0.010200100402678764,0.00994287642033473,0.013077089342730722,0.003134212922395995,0.09509658994624598,0.036792258046705564,0.030671160262361157,0.030671160262361157,0.02304020221188275,0.02304020221188275,0.0076309580504783986,0.3269424373636846,0.08061334468299018,0.05830433189954042,0.0076309580504783986
312,0.07056417925328475,0.05384119836076605,0.04856074113532774,0.02774590269360497,0.02323925979559214,0.01760096955552583,0.010144933138079135,0.009910305339497598,0.013032834505459064,0.003122529165961469,0.09537544682350127,0.036894259050732355,0.030801931155788463,0.030801931155788463,0.0231396309760861,0.0231396309760861,0.007662300179702358,0.3274316085708874,0.0808469202158561,0.05848118777276893,0.007662300179702358
313,0.06996709773652618,0.053484451735992825,0.048206571586756,0.027606306296674106,0.023121144790802767,0.017516425673395498,0.010089880623278603,0.009877568279803916,0.012988371528136547,0.0031108032483326354,0.09565290585043731,0.03699570838211315,0.030932259500843055,0.030932259500843055,0.023238734029481074,0.023238734029481074,0.007693525471361973,0.32791721598224066,0.08107931281381202,0.058657197468324186,0.007693525471361973
314,0.06937506844798634,0.053129570687803135,0.04785460465101769,0.02746690635118415,0.023003214636302685,0.017431960794081207,0.010034945557102937,0.009844669525210825,0.012943706111693196,0.0030990365864823756,0.09592896891340405,0.03709660718834593,0.03106214321612442,0.03106214321612442,0.023337509712279113,0.023337509712279113,0.0077246335038452995,0.3283992816981082,0.08131052426172004,0.05883236172505814,0.0077246335038452995
315,0.06878804863804186,0.05277655288278384,0.04750483280950954,0.027327710534177766,0.022885475579136658,0.017347579951129333,0.009980130583048427,0.009811613320798024,0.012898843903336262,0.0030872305825382427,0.09620363797691589,0.037196956643916965,0.03119158027724135,0.03119158027724135,0.02343595640753122,0.02343595640753122,0.007755623869710123,0.3288778277446184,0.08154055640808307,0.05900668133299895,0.007755623869710123
316,0.06820599591879689,0.05242539585032332,0.047157248451582756,0.027188726384726733,0.022767933750564965,0.017263288094805006,0.00992543828992172,0.009778403872734832,0.012853790496537548,0.00307538662380272,0.09647691508225767,0.03729675794974745,0.03132056871627471,0.03132056871627471,0.023534072540739203,0.023534072540739203,0.007786496175535506,0.32935287607271346,0.08176941116387443,0.05918015713251025,0.007786496175535506
317,0.06762886826102246,0.05207609698560338,0.046811843877501196,0.027049961305360075,0.022650595167307167,0.017179090092884007,0.009870871212476059,0.009745045348256043,0.012808551431032314,0.003063506082776274,0.09674880234610493,0.037396012332646666,0.03144910662124009,0.03144910662124009,0.02363185657946655,0.02363185657946655,0.007817250041773534,0.3298244485572293,0.08199709050138007,0.0593527900134583,0.007817250041773534
318,0.0670566239911215,0.0517286535525445,0.04646861130134398,0.02691142256348669,0.022533465732780065,0.017094990731442758,0.00981643183204392,0.009711541875646365,0.012763132192829492,0.0030515903171831286,0.09701930195915853,0.037494721044771424,0.031577192135550415,0.031577192135550415,0.02372930703294911,0.02372930703294911,0.007847885102601296,0.33029256699600434,0.08222359645305315,0.05952458091438714,0.007847885102601296
319,0.06648922178811971,0.051383062686705026,0.04612754285385341,0.026773117292812225,0.022416551238329786,0.017010994715646266,0.00976212257716595,0.009677897544233252,0.012717538214232936,0.0030396406699996856,0.0972884161847934,0.03759288536309186,0.03170482345747871,0.03170482345747871,0.023826422451705576,0.023826422451705576,0.007878401005773127,0.33075725310901777,0.08244893111038094,0.05969553082170157,0.007878401005773127
320,0.06592662068068177,0.051039321398134954,0.04578863058522925,0.026635052494750098,0.022299857364457814,0.01692710667053392,0.009707945824216168,0.009644116404387917,0.012671774873873437,0.0030276584694855216,0.09755614735772153,0.03769050658886352,0.03183199883962104,0.03183199883962104,0.02392320142714791,0.02392320142714791,0.007908797412473124,0.3312185285375563,0.08267309662276424,0.05986564076885804,0.007908797412473124
321,0.06536878004415292,0.050697426574184974,0.04545186646786996,0.02649723503982642,0.02218338968204086,0.016843331141803027,0.009653903898023385,0.009610202467534353,0.012625847496751245,0.003015645029216892,0.09782249788266903,0.03778758604710568,0.031958716588359776,0.031958716588359776,0.024019642591191787,0.024019642591191787,0.00793907399716798,0.3316764148434086,0.08289609519640882,0.06003491183556338,0.00793907399716798
322,0.06481565959762547,0.05035737498227135,0.04511724239906202,0.026359671669078714,0.022067153653544436,0.016759672596589933,0.009599999072488773,0.00957615970616615,0.012579761354288822,0.003003601648122671,0.0980874702330673,0.037884125086085914,0.03208497506332729,0.03208497506332729,0.02411574461586713,0.02411574461586713,0.007969230447460148,0.3321309335080873,0.08311792909322924,0.06020334514698141,0.007969230447460148
323,0.06426721940103018,0.050019163272597256,0.04478475020361804,0.026222368995448227,0.02195115463423005,0.016676135424248655,0.009546233571199566,0.009541992053870926,0.012533521664393588,0.0029915296105226612,0.09835106694975808,0.037980125076810804,0.03221077267687018,0.03221077267687018,0.02421150621292879,0.02421150621292879,0.007999266463941375,0.33258210593207793,0.08333860062976468,0.06037094187294731,0.007999266463941375
324,0.06372341985225223,0.04968278798083117,0.044454381636464445,0.02608533350516573,0.02183539787335587,0.016592723937126918,0.00949260956803881,0.009507703405362184,0.01248713359153039,0.0029794301861682058,0.09861329063971257,0.0380755874125228,0.03233610789351411,0.03233610789351411,0.0243069261334675,0.0243069261334675,0.008029181760046602,0.3330299534341141,0.08355811217610698,0.06053770322718979,0.008029181760046602
325,0.06318422168427164,0.049348245530742955,0.04412612838517972,0.02594857155913061,0.02171988851537076,0.01650944237133945,0.009439129187791157,0.009473297616518429,0.012440602246803463,0.0029673046302850356,0.09887414397476423,0.03817051350820319,0.032460979229429414,0.032460979229429414,0.024402003167521124,0.024402003167521124,0.008058976061908285,0.3334744972504788,0.08377646615484054,0.06070363046656106,0.008058976061908285
326,0.0626495859623278,0.04901553223679815,0.043799982072483847,0.025812089394283155,0.02160463160110163,0.016426294887538502,0.009385794506744649,0.009438778504429327,0.012393932688047617,0.0029551541836182905,0.09913362969035554,0.0382649048000811,0.03258538525189745,0.03258538525189745,0.024496736143686308,0.024496736143686308,0.008088649108211134,0.3339157585343306,0.08399366503999424,0.06086872489027446,0.008088649108211134
327,0.0621194740811081,0.04868464430671113,0.043475934258679814,0.02567589312496987,0.021489632068933926,0.01634328557168142,0.009332607553288448,0.009404149847448771,0.01234712991992842,0.0029429800724796477,0.09939175058429837,0.038358762745148545,0.032709324578777926,0.032709324578777926,0.024591123928730602,0.024591123928730602,0.008118200650047317,0.33435375835505543,0.08420971135600526,0.061032987839149844,0.008118200650047317
328,0.06159384776196026,0.04835557784395761,0.043153976444048024,0.025539988744301717,0.02137489475598525,0.016260418435795235,0.00927957030850648,0.00936941538525465,0.012300198894051147,0.002930783508796497,0.09964850951554807,0.03845208882068143,0.03283279587797721,0.03283279587797721,0.02468516542720509,0.02468516542720509,0.008147630450772114,0.33478851769764223,0.0844246076766946,0.06119642069486666,0.008147630450772114
329,0.061072669050128287,0.04802832885024718,0.042834100071194245,0.025404382125505148,0.02126042439927195,0.016177697418738167,0.009226684706766979,0.00933457881891515,0.01225314450907825,0.002918565690163099,0.09990390940299108,0.03854488452376649,0.03295579786691772,0.03295579786691772,0.024778859581057636,0.024778859581057636,0.008176938285860079,0.3352200574620827,0.08463835662425445,0.06135902487922461,0.008176938285860079
330,0.060555900312011815,0.04770289322795633,0.04251629652735196,0.02526907902326578,0.021146225636868653,0.01609512638695792,0.009173952636307863,0.009299643810961445,0.012205971610855118,0.002906327799893672,0.10015795322424613,0.03863715137083416,0.033078329312008506,0.033078329312008506,0.024872205369246787,0.024872205369246787,0.00820612394276171,0.33564839846279465,0.08485096086824717,0.06152080185341199,0.00820612394276171
331,0.06004350423244864,0.04737926678252253,0.04220055714663986,0.025134085075064688,0.021032303009060623,0.016012709135246737,0.009121375939817948,0.009264613985466567,0.012158684992543906,0.0028940710070773376,0.10041064401447879,0.038728890897197235,0.033200389028117054,0.033200389028117054,0.024965201807356403,0.024965201807356403,0.008235187220760647,0.3360735614280681,0.08506242312461586,0.061681753117281565,0.008235187220760647
332,0.05953544381202023,0.04705744522479995,0.041886873212275126,0.024999405802507074,0.02091866095948889,0.01593044938749311,0.009068956415013959,0.009229492928130339,0.01211128939476522,0.0028817964666348807,0.10066198486522944,0.03882010465659542,0.0333219758780425,0.0333219758780425,0.025057847947211068,0.025057847947211068,0.00826412793083142,0.3364955669995345,0.08527274615470647,0.061841880208634036,0.00826412793083142
333,0.05903168236438006,0.04673742417337737,0.041575235958743365,0.02486504661264335,0.020805303836288074,0.015848350797430046,0.0090166958152133,0.009194284186370161,0.012063789505747413,0.002869505319377253,0.10091197892325451,0.03891079422074556,0.03344308877199015,0.03344308877199015,0.025150142876492372,0.025150142876492372,0.00829294589549777,0.33691443573165725,0.08548193276430135,0.06200118470250897,0.00829294589549777
334,0.05853218351360454,0.04641919915685866,0.04126563657392579,0.024731012799282446,0.020692235893216827,0.015766416949379854,0.008964595849902586,0.009158991269417535,0.012016189961483308,0.0028571986920657745,0.10116062938938095,0.03900096117889769,0.03356372666704762,0.03356372666704762,0.025242085718356073,0.025242085718356073,0.008321640948691542,0.33733018809124465,0.08568998580266424,0.06215966821048327,0.008321640948691542
335,0.05803691119156634,0.04610276561610661,0.04095806620118439,0.024597309544297258,0.02057946129078084,0.01568465135899535,0.0089126581853019,0.00912361764842014,0.01196849534589411,0.002844877697473972,0.10140793951737377,0.03909060713739671,0.033683888566662455,0.033683888566662455,0.02533367563105025,0.02533367563105025,0.0083502129356122,0.33774284445698394,0.08589690816159641,0.06231733237997707,0.0083502129356122
336,0.05754582963533001,0.04578811890645036,0.04065251594140581,0.02446394191892219,0.02046698409734836,0.015603057473997444,0.008860884444924739,0.009088166756549316,0.011920710191000316,0.002832543434451002,0.10165391261281674,0.03917973371924973,0.033803573520121394,0.033803573520121394,0.02542491180753445,0.02542491180753445,0.00837866171258694,0.3381524251189958,0.08610270277450421,0.06247417889356702,0.00837866171258694
337,0.05705890338456952,0.045475254299857146,0.040348976855004576,0.02433091488504267,0.02035480829025814,0.015521638674908984,0.008809276210133679,0.009052641989112811,0.011872838977099415,0.002820196987986606,0.10189855203200596,0.03926834256369898,0.0339227806220314,0.0339227806220314,0.025515793475099944,0.025515793475099944,0.008406987146931449,0.3385589502784099,0.0863073726154777,0.062630209468307,0.008406987146931449
338,0.05657609727900778,0.045164166987068696,0.04004743996388637,0.02419823329647656,0.02024293775691979,0.015440398275784873,0.008757835020691683,0.009017046703672626,0.011824886132950168,0.0028078394292775422,0.10214186118085639,0.03935643532580032,0.03404150901180239,0.03404150901180239,0.025606319894991073,0.025606319894991073,0.008435189116811315,0.3389624400469599,0.08651092069838029,0.06278542585505609,0.008435189116811315
339,0.056097376455877715,0.044854852079702925,0.039747896253371995,0.024065901900247415,0.02013137629590647,0.015359339524938329,0.00870656237530908,0.00898138422016783,0.01177685603596328,0.0027954718157954497,0.10238384351382115,0.039444013676007236,0.03415975787313189,0.03415975787313189,0.0256964903620278,0.0256964903620278,0.00846326751110409,0.3393629144465988,0.08671335007594949,0.06293982983781393,0.00846326751110409
340,0.055622706347404904,0.04454730461232131,0.03945033667408268,0.02393392533784946,0.020020127618039875,0.015278465605663264,0.008655459732186187,0.008945657821042187,0.011728753012398273,0.002783095191356086,0.10262450253282362,0.039531079299760324,0.03427752643349152,0.03427752643349152,0.025786304204229477,0.025786304204229477,0.008491222229262045,0.3397603934091325,0.08691466383890856,0.06309342323306331,0.008491222229262045
341,0.05515205267831148,0.04424151954446245,0.03915475214378739,0.023802308146504286,0.019909195347467483,0.01519777963695272,0.00860452850955156,0.00890987075137646,0.011680581337566354,0.0027707105861898952,0.10286384178620211,0.039617633897082186,0.0343948139636155,0.0343948139636155,0.0258757607824399,0.0258757607824399,0.008519053181175606,0.34015489677587335,0.08711486511508895,0.06324620788911994,0.008519053181175606
342,0.054685381463341155,0.043937491762642354,0.03886113354921273,0.02367105476040917,0.019798583022732005,0.015117284674213303,0.008553770086195862,0.008874026219025253,0.011632345236039107,0.002758319017013855,0.10310186486766716,0.0397036791821777,0.034511619776991166,0.034511619776991166,0.025964859489953664,0.025964859489953664,0.008546760287037505,0.34054644429731123,0.08731395706856362,0.06339818568548947,0.008546760287037505
343,0.05422265900480518,0.043635216082321814,0.038569471747816095,0.023540169511976933,0.019688294097833018,0.015036983709975579,0.008503185802001349,0.008838127394758255,0.011584048881862812,0.0027459214871045573,0.10333857541527125,0.03978921688303966,0.03462794322935156,0.03462794322935156,0.026053599752143917,0.026053599752143917,0.008574343477207643,0.3409350556328033,0.08751194289879094,0.0635493585322316,0.008574343477207643
344,0.053763851890149136,0.043334687249841415,0.03827975756952269,0.023409656633067318,0.019578331943280743,0.01495687967460035,0.00845277695846696,0.008802177412405745,0.011535696398778217,0.0027335189863724727,0.10357397711039101,0.03987424874105967,0.03474378371817019,0.03474378371817019,0.0261419810260915,0.0261419810260915,0.008601802692078688,0.3413207503502815,0.08770882583976927,0.06369972836933137,0.008601802692078688
345,0.05330892698954019,0.04303589994432461,0.03799198181842699,0.023279520256209826,0.01946869984714194,0.014876975436980817,0.008402544819229002,0.008766179369008234,0.011487291860445592,0.002721112491437358,0.1038080736767217,0.03995877651064434,0.03485914068215797,0.03485914068215797,0.026230002800215556,0.026230002800215556,0.008629137881942413,0.3417035479259766,0.08790460915920208,0.06384929716607737,0.008629137881942413
346,0.05285785145347485,0.04273884877954931,0.03770613527445919,0.02314976441581795,0.019359401016077863,0.01479727380524052,0.00835249061057742,0.008730136324970113,0.011438839290674869,0.002708702965704756,0.1040408688792838,0.04004280195883663,0.03497401360076243,0.03497401360076243,0.026317664593905638,0.026317664593905638,0.008656349006856787,0.3420834677441609,0.08809929615767349,0.06399806692044718,0.008656349006856787
347,0.052410592710406996,0.042443528305788444,0.03742220869501742,0.023020393049394763,0.01925043857637431,0.014717777527427076,0.008302615521967678,0.008694051304217172,0.011390342663660721,0.0026962913594435482,0.10427236652344198,0.040126326864942406,0.03508840199366918,0.03508840199366918,0.02640496595715534,0.02640496595715534,0.008683436036513835,0.34246052909690544,0.08829289016783427,0.06414603965849959,0.008683436036513835
348,0.051967118464395855,0.042149933011619914,0.03714019281656598,0.022891409998729836,0.01914181557496368,0.01463848929220163,0.008252920706528197,0.008657927294357878,0.011341805904222395,0.002683878609864516,0.10450257045393592,0.040209353020162084,0.035202305420305786,0.035202305420305786,0.026491906470197512,0.026491906470197512,0.00871039895010827,0.3428347511838556,0.08848539455359801,0.06429321743377386,0.00871039895010827
349,0.05152739669277404,0.04185805732570638,0.0368600783562005,0.02276281901108742,0.01903353498043905,0.014559411729524005,0.008203407281563406,0.008621767246848273,0.011293232888048142,0.0026714656411998667,0.10473148455392321,0.04029188222722736,0.03531572347934801,0.03531572347934801,0.02657848574314109,0.02657848574314109,0.008737237736206915,0.34320615311202124,0.08867681270934764,0.06443960232669588,0.008737237736206915
350,0.05109139564383518,0.04156789561854535,0.03658185601318034,0.022634623740385863,0.018925599684060265,0.0144805474113335,0.008154076329052356,0.008585574077160391,0.01124462744194408,0.0026590533647836865,0.10495911274403409,0.040373916300043,0.035428655808228494,0.035428655808228494,0.026664703415609572,0.026664703415609572,0.008763952392618913,0.34357475389558323,0.08886714805915204,0.06458519644399112,0.008763952392618913
351,0.05065908383454119,0.04127944220418989,0.0363055164704289,0.022506827748368253,0.018818012500751987,0.014401898852225316,0.008104928896142932,0.008549350664954053,0.01119599334408733,0.0026466426791332746,0.10518545898143795,0.040455457063333526,0.035541102082647935,0.035541102082647935,0.026750559156381176,0.026750559156381176,0.008790542926266751,0.343940572455715,0.08905640405599265,0.06473000191810445,0.008790542926266751
352,0.050230430048248925,0.04099269134194052,0.036031050396002316,0.02237943450576422,0.018710776170093736,0.01432346851012257,0.008055965995641646,0.008513099854251938,0.011147334324283263,0.002634234470031324,0.10541052725892164,0.04053650635229496,0.03565306201608881,0.03565306201608881,0.026836052663030716,0.026836052663030716,0.008817009353058083,0.3443036276204193,0.08924458418100016,0.06487402090662671,0.008817009353058083
353,0.04980540333245605,0.04070763723800858,0.03575844844452712,0.022252447393442894,0.018603893357301875,0.014245258786943866,0.008007188606499025,0.008476824453617825,0.011098654064226731,0.0026218296106089055,0.10563432160397929,0.040617066012251374,0.03576453535933164,0.03576453535933164,0.026921183661573235,0.026921183661573235,0.008843351697758397,0.3446639381243793,0.0894316919427011,0.06501725559172794,0.008843351697758397
354,0.049383972996566036,0.04042427404715152,0.03548770125860738,0.022125869703557,0.018497366654203554,0.014167272029266403,0.007958597674290593,0.00844052723633786,0.011049956197767084,0.0026094289614292223,0.10585684607791372,0.04069713789831637,0.03587552189997391,0.03587552189997391,0.027005951906109413,0.027005951906109413,0.008869569993864486,0.34502152260882457,0.08961773087627413,0.06515970817959738,0.008869569993864486
355,0.048966108609672016,0.04014259587428052,0.035218799470201796,0.021999704640678033,0.018391198580202585,0.01408951052898458,0.007910194111693448,0.00840421094060478,0.011001244311176873,0.0025970333705720907,0.10607810477494929,0.040776723875059276,0.03598602146195158,0.03598602146195158,0.02709035717847279,0.02709035717847279,0.008895664283478778,0.34537639962141065,0.08980270454281616,0.06530138089989004,0.008895664283478778
356,0.0485517799983594,0.03986259677604086,0.034951733701971306,0.021873955322922536,0.018285391583237276,0.01401197652396408,0.00786197879895845,0.00836787826970495,0.010952521943424068,0.0025846436737191163,0.10629810182135607,0.04085582581617621,0.03609603390506335,0.03609603390506335,0.027174399287878837,0.027174399287878837,0.0089216346171845,0.34572858761611264,0.0899866165286182,0.06544227600517989,0.0089216346171845
357,0.048140957244527126,0.03958427076236535,0.034686494568597674,0.021748624783069444,0.01817994804073019,0.013934672198691421,0.007813952584378015,0.008331531892208128,0.010903792586447657,0.0025722606942395264,0.1065168413745853,0.040934445604165794,0.03620555912449759,0.03620555912449759,0.027258078070575887,0.027258078070575887,0.00894748105392169,0.34607810495313235,0.09016947044445058,0.06558239577041954,0.00894748105392169
358,0.047733610683227276,0.03930761179800132,0.03442307267807358,0.021623715969668483,0.018074870260529848,0.013857599684918934,0.007766116284749541,0.008295174442159856,0.010855059685436486,0.002559885243276626,0.10673432762241598,0.04101258513000958,0.036314597050362066,0.036314597050362066,0.027341393389497967,0.027341393389497967,0.008973203660864085,0.3464249698988183,0.09035126992485788,0.06572174249240645,0.008973203660864085
359,0.04732971090052304,0.03903261380401141,0.03416145863296468,0.021499231748139606,0.017970160481844355,0.013780761062305155,0.007718470685834445,0.008258808519276354,0.010806326639111198,0.002547518119834841,0.10695056478211266,0.04109024629285707,0.03642314764721643,0.03642314764721643,0.027424345133919566,0.027424345133919566,0.008998802513296851,0.34676920062559907,0.09053201862746318,0.06586031848925564,0.008998802513296851
360,0.04692922873136477,0.03875927065924867,0.03390164303164405,0.02137517490186348,0.017865820876167005,0.013704158359050615,0.007671016542812857,0.008222436689141834,0.010757596800009154,0.0025351601108673165,0.10716555709959406,0.04116743099971541,0.03653121091360754,0.03653121091360754,0.02750693321911233,0.02750693321911233,0.0090242776944952,0.3471108152119287,0.09071172023228163,0.06599812609987869,0.0090242776944952
361,0.04653213525748399,0.038487576201806276,0.03364361646949964,0.02125154813326298,0.017761853548193797,0.013627793552529018,0.007623754580733952,0.00818606148340814,0.010708873474772179,0.0025228119913640345,0.1073793088486127,0.04124414116514354,0.03663878688160763,0.03663878688160763,0.02758915758600375,0.02758915758600375,0.009049629295603873,0.34744983164224513,0.0908903784410433,0.06613516768346919,0.009049629295603873
362,0.046138401805305276,0.03821752423044219,0.03338736954011503,0.02112835406487572,0.01765826053673293,0.01355166856991377,0.007576685494961942,0.008149685399996602,0.01066015992443703,0.0025104745244404238,0.10759182432994532,0.04132037871095088,0.036745875616355346,0.036745875616355346,0.02767101820083783,0.02767101820083783,0.009074857415517513,0.3477862678069401,0.09106799697652525,0.06627144561899448,0.009074857415517513
363,0.04574799994387577,0.03794910850597923,0.03313289283642406,0.021005595240417622,0.01755504381560626,0.01347578528879987,0.007529809951617743,0.008113310903302015,0.010611459364728444,0.002498148461426425,0.10780310787059408,0.041396145565900495,0.03685247721559971,0.03685247721559971,0.027752515054837796,0.027752515054837796,0.009099962160761917,0.3481201415023413,0.09124457958189258,0.06640696230469362,0.009099962160761917
364,0.04536090148281221,0.03768232275268079,0.0328801769518397,0.02088327412583747,0.01745220529454272,0.013400145537821135,0.007483128588016325,0.008076940424398662,0.010562774966354651,0.002485834541955985,0.10801316382299825,0.04147144366541667,0.036958591809246995,0.036958591809246995,0.027833648163870815,0.027833648163870815,0.009124943645376181,0.3484514704307055,0.09142013002004865,0.06654172015758161,0.009124943645376181
365,0.044977078470265344,0.03741716065960264,0.032629212481357694,0.020761393110362524,0.017349746820063745,0.013324751097262754,0.007436642013099759,0.00804057636124827,0.010514109855305221,0.002473533494056947,0.10822199656425663,0.041546274951296834,0.03706421955891054,0.03706421955891054,0.027914417568114802,0.027914417568114802,0.009149801990795741,0.3487802722002239,0.09159465207299407,0.06667572161295983,0.009149801990795741
366,0.04459650319090156,0.03715361588192112,0.032379990022635294,0.020639954507535144,0.017247670176360697,0.013249603699669155,0.0073903508078659785,0.00800422107890983,0.010465467113151142,0.0024612460342413067,0.10842961049536025,0.04162064137142783,0.03716936065746359,0.03716936065746359,0.027994823331727287,0.027994823331727287,0.009174537325736311,0.34910656432503745,0.09176814954119471,0.06680896912393246,0.009174537325736311
367,0.04421914816390163,0.03689168204223807,0.032132500177045636,0.02051896055624046,0.01714597708616429,0.013174705030447188,0.00734425552579326,0.007967876909751183,0.010416849777346998,0.0024489728675958105,0.1086360100404356,0.041694544879506495,0.0372740153285951,0.0372740153285951,0.028074865542516383,0.028074865542516383,0.009199149786078725,0.3494303642252638,0.09194062624295832,0.06694146516092915,0.009199149786078725
368,0.04384498614097631,0.03663135273186286,0.031886733550708084,0.020398413421725072,0.017044669211606075,0.013100056728464607,0.007298356693260452,0.007931546153662277,0.01036826084153514,0.0024367146878728606,0.108841199645998,0.041767987434764425,0.03737818382636857,0.03737818382636857,0.028154544311613895,0.028154544311613895,0.009223639514754684,0.34975168922703426,0.09211208601381995,0.06707321221123362,0.009223639514754684
369,0.04347399010439883,0.0363726215120718,0.031642680755494985,0.020278315196606823,0.016943748155071953,0.013025660386643847,0.007252654809962962,0.00789523107827004,0.01031970325585175,0.002424472177581706,0.10904518378021526,0.04184097100169703,0.03748186643478393,0.03748186643478393,0.028233859773150516,0.028233859773150516,0.009248006661633413,0.3500705565625413,0.09228253270593602,0.06720421277851826,0.009248006661633413
370,0.043106133265053914,0.03611548191534532,0.03140033241001528,0.020158667901875617,0.01684321546004778,0.012951517552551094,0.0072071503493245075,0.007858933919154765,0.010271179927234657,0.0024122460080798864,0.10924796693218132,0.04191349754979666,0.037585063467342444,0.037585063467342444,0.028312812083933218,0.028312812083933218,0.00927225138340923,0.3503869833700962,0.09245197018748674,0.0673344693823847,0.00927225138340923
371,0.04274138906050346,0.035859927446583166,0.031159679140575318,0.02003947348788533,0.016743072611957042,0.012877629728980646,0.00716184375890467,0.007822656880067917,0.010222693719732836,0.0024000368396649113,0.10944955361120008,0.04198556905328991,0.03768777526661479,0.03768777526661479,0.028391401423124765,0.028391401423124765,0.00929637384349003,0.35070098669419636,0.09262040234208722,0.06746398455791021,0.00929637384349003
372,0.04237973115306842,0.035605951584298044,0.030920711582117278,0.019920733835336813,0.016643321038990674,0.012803998374534548,0.00711673546080225,0.0077864021331513185,0.010174247454817462,0.0023878453216661364,0.10964994834607894,0.04205718749087895,0.03779000220381212,0.03779000220381212,0.028469627991925445,0.028469627991925445,0.00932037421188668,0.3510125834856021,0.0927878330682068,0.06759276085520001,0.00932037421188668
373,0.04202113342792708,0.035353547781787904,0.03068342037913565,0.019802450756251987,0.016543962112928988,0.012730624904197524,0.007071825852054452,0.0077501718191576,0.010125843911694432,0.002375672092536825,0.1098491556844323,0.04212835484548697,0.037891744678360297,0.037891744678360297,0.02854749201325696,0.02854749201325696,0.009344252665103341,0.35132179060142327,0.09295426627859671,0.06772080083894536,0.009344252665103341
374,0.04166556999122923,0.03510270946828728,0.030447796186572024,0.019684625994939104,0.016444997149955776,0.012657510689907187,0.007027115305031906,0.007713968047671866,0.010077485827618233,0.002363517779946361,0.11004718019199483,0.042199073104007515,0.03799300311747724,0.03799300311747724,0.028624993731448535,0.028624993731448535,0.009368009386028709,0.3516286248052146,0.093119705899726,0.06784810708798733,0.009368009386028709
375,0.041313015168226525,0.03485343005009789,0.030213829670688763,0.01956726122894912,0.016346427411464616,0.012584657061119537,0.006982604167829572,0.007677792897334484,0.010029175898207083,0.002351383000872593,0.11024402645194423,0.042269344257057834,0.038093777975753425,0.038093777975753425,0.028702133411925252,0.028702133411925252,0.009391644563828173,0.35193310276708034,0.09328415587122556,0.06797468219488641,0.009391644563828173
376,0.04096344350141845,0.0346057029116989,0.0299815115099217,0.019450358070023252,0.016248254104857363,0.012512065305369737,0.006938292764653506,0.00764164841606494,0.009980916777759235,0.002339268361694289,0.11043969906423372,0.04233917029873613,0.0381940697347355,0.0381940697347355,0.0287789113408986,0.0287789113408986,0.009415158393836899,0.35223524106378723,0.09344762014534021,0.0681005287654976,0.009415158393836899
377,0.04061682974871414,0.0343595214168371,0.029750832395712423,0.019333918065031742,0.0161504783843349,0.012439736668828187,0.006894181396203547,0.007605536621286681,0.009932711079570358,0.0023271744582836706,0.11063420264493395,0.042408553226382664,0.03829387890251309,0.03829387890251309,0.028855327825059247,0.028855327825059247,0.009438551077453842,0.3525350561788865,0.09361010268638878,0.0682256494185513,0.009438551077453842
378,0.040273148881609634,0.03411487890959726,0.029521783033320363,0.019217942696903814,0.01605310135168017,0.012367672356851888,0.006850270340051918,0.007569459500152872,0.009884561376251893,0.002315101876099015,0.11082754182558427,0.0424774950403447,0.03839320601330879,0.03839320601330879,0.028931383191272114,0.028931383191272114,0.009461822822036678,0.3528325645028436,0.09377160747023212,0.06835004678523958,0.009461822822036678
379,0.039932376083380634,0.03387176871545302,0.029294354142615154,0.01910243338554889,0.015956124057033488,0.0122958735345311,0.00680655985101778,0.007533419009773008,0.009836470200050308,0.0023030511902772943,0.11101972125255331,0.04254599774374521,0.03849205162707131,0.03849205162707131,0.029007077786273643,0.029007077786273643,0.009484973840797668,0.3531277823331768,0.09393213848374893,0.0684737235088081,0.009484973840797668
380,0.03959448674729049,0.033630184142298555,0.029068536458849527,0.018987391488769063,0.015859547499660193,0.012224341327231311,0.006763050161537744,0.007497417077440316,0.009788440043167158,0.0022910229657268372,0.1112107455864088,0.04261406334225539,0.038590416329071814,0.038590416329071814,0.02908241197637137,0.02908241197637137,0.00950800435270044,0.353420725874603,0.09409169972431926,0.0685966822441534,0.00950800435270044
381,0.039259456474813416,0.03339011848146132,0.028844320733413125,0.018872818303162887,0.015763372628710682,0.012153076821130503,0.006719741482032376,0.007461455600859867,0.00974047335807986,0.0022790177572199893,0.11140061950129648,0.04268169384387077,0.03868830072950349,0.03868830072950349,0.029157386147145775,0.029157386147145775,0.009530914582357709,0.3537114112391915,0.09425029519931585,0.06871892565742571,0.009530914582357709
382,0.03892726107387269,0.033151565008696114,0.02862169773456756,0.018758715065020474,0.01566760034397281,0.01208208106375175,0.006676634001268717,0.007425536448377358,0.009692572557863113,0.0022670361094857512,0.11158934768432811,0.042748891258691094,0.03878570546308428,0.03878570546308428,0.029232000703154373,0.029232000703154373,0.009553704759929909,0.3539998544465256,0.09440792892560296,0.06884045642563702,0.009553704759929909
383,0.03859787655709377,0.03291451698516084,0.028400658248163027,0.018645082951209955,0.015572231496616743,0.012011355064491127,0.0066337278867188215,0.007389661459208479,0.009644740016510863,0.00225507855730238,0.11177693483497832,0.04281565759870378,0.03888263118866291,0.03888263118866291,0.029306256067638148,0.029306256067638148,0.009576375121024766,0.35428607142387125,0.09456460492904269,0.06896127723627454,0.009576375121024766
384,0.03827127914007221,0.03267896765837407,0.02818119307833687,0.018531923080055333,0.015477266889932268,0.011940899795140963,0.006591023284914365,0.007353832443668821,0.00959697806925875,0.0022431456255899264,0.11196338566449042,0.04288199487757097,0.03897907858882802,0.03897907858882802,0.029380152682230234,0.029380152682230234,0.00959892590659779,0.3545700780063529,0.09472032724400885,0.06908139078691945,0.00959892590659779
385,0.037947445239656215,0.03244491026315485,0.027963293048194327,0.018419236512205756,0.0153827072800586,0.011870716190408429,0.0065485203217973235,0.007318051183404257,0.00954928901290696,0.0022312378295026997,0.11214870489529097,0.04294790511042011,0.03907504836952061,0.03907504836952061,0.02945369100666692,0.02945369100666692,0.009621357362853689,0.35485188993713623,0.09487509991290817,0.06920079978487086,0.009621357362853689
386,0.03762635147224374,0.03221233802254493,0.027746949000471866,0.018307024251496242,0.015288553376706732,0.011800805148429485,0.006506219103066753,0.0072823194316217425,0.009501675106143378,0.0022193556745216322,0.11233289726041303,0.043013390313638086,0.03917054125964968,0.03917054125964968,0.029526871518500964,0.029526871518500964,0.009643669741148716,0.3551315228676182,0.09502892698570875,0.06931950694677494,0.009643669741148716
387,0.037307974652093984,0.03198124414871362,0.02753215179818331,0.018195287245799892,0.015194805843874344,0.011731167531278192,0.006464119714521695,0.007246638913320477,0.009454138569867014,0.002207499656546533,0.11251596750292799,0.043078452504668754,0.03926555801071111,0.03926555801071111,0.029599694712817183,0.029599694712817183,0.009665863297893932,0.3554089923576229,0.09518181251947581,0.06943751499825923,0.009665863297893932
388,0.03699229178965319,0.031751621843845654,0.027318892325249176,0.018084026387871637,0.01510146530055334,0.011661804165471398,0.006422222222400236,0.007211011325523373,0.009406681587511588,0.002195670261988211,0.11269792037538598,0.04314309370181397,0.03936009939640978,0.03936009939640978,0.029672161101950388,0.029672161101950388,0.009687938294459398,0.35568431387560473,0.09533376057791455,0.06955482667357202,0.009687938294459398
389,0.03667928008989458,0.03152346430101227,0.02710716148710947,0.017973242516183548,0.015008532321430013,0.011592715842468813,0.006380526673714731,0.007175438337508774,0.009359306305369226,0.002183867967860448,0.11287876063926469,0.043207315924037974,0.0394541662122849,0.0394541662122849,0.029744271215205623,0.029744271215205623,0.00970989499707928,0.35595750279885724,0.09548477523092008,0.06967144471522674,0.00970989499707928
390,0.036368916950672396,0.031296764705025695,0.026896950211320214,0.01786293641575172,0.014916007437577906,0.011523903319168489,0.006339033096583228,0.007139921591042375,0.009312014832914193,0.0021720932418718124,0.11305849306442653,0.04327112119077512,0.03954775927533859,0.03954775927533859,0.029816025598580712,0.029816025598580712,0.009731733676757885,0.3562285744137283,0.09563486055413438,0.06978737187365143,0.009731733676757885
391,0.03606117996108978,0.031071516233277342,0.026688249448134065,0.017753108818954838,0.014823891137143403,0.011455367318397714,0.00629774150055712,0.007104462700609297,0.009264809243126594,0.0021603465425172924,0.11323712242858405,0.043334511521740955,0.03964087942366773,0.03964087942366773,0.029887424814491137,0.029887424814491137,0.009753454609176603,0.3564975439158415,0.09578402062851016,0.06990261090684312,0.009753454609176603
392,0.03575604689988056,0.030847712056559964,0.026481050171065217,0.017643760406344376,0.014732183866024066,0.011387108529399339,0.006256651876945032,0.007069063253646244,0.00921769157281598,0.0021486283191697324,0.1134146535167736,0.043397488936746526,0.039733527516098995,0.039733527516098995,0.02995846944149723,0.02995846944149723,0.009775058074601776,0.35676442641032274,0.09593225953988159,0.07001716458002709,0.009775058074601776
393,0.035453495733804644,0.030625345339874,0.026275343377438982,0.01753489180744654,0.014640886028539798,0.011319127608313549,0.0062157641991329865,0.007033724810773729,0.009170663822944796,0.002136939012171063,0.11359109112083704,0.04346005545551598,0.039825704431827154,0.039825704431827154,0.03002916007403369,0.03002916007403369,0.009796544357793473,0.35702923691203337,0.09607958137854183,0.07013103566532108,0.009796544357793473
394,0.03515350461605707,0.030404409243218307,0.026071120088926238,0.017426503601555968,0.014549997988096837,0.011251425178655093,0.006175078422900869,0.006998448906028289,0.009123727958951599,0.0021252790529233067,0.11376644003891151,0.043522213097507305,0.0399174110700566,0.0399174110700566,0.030099497322141427,0.030099497322141427,0.009817913747915184,0.3572919903458078,0.09622599023882723,0.07024422694140423,0.009817913747915184
395,0.03485605188469043,0.030184896922365596,0.02586837135206307,0.017318596318521208,0.014459520067844648,0.011184001831785995,0.006134594486735209,0.006963237047094654,0.009076885911074003,0.0021136488639793448,0.11394070507492707,0.04358396388173631,0.04000864834964612,0.04000864834964612,0.03016948181120171,0.03016948181120171,0.009839166538444417,0.35755270154669705,0.09637149021870821,0.07035674119319077,0.009839166538444417
396,0.034561116061050744,0.029966801529622705,0.025667088238755832,0.01721117043952207,0.014369452551325733,0.011116858127383757,0.006094312312138307,0.00692809071553784,0.009030139574671277,0.0021020488591334337,0.11411389103811229,0.04364530982660367,0.04009941720875686,0.04009941720875686,0.030239114181672657,0.030239114181672657,0.00986030302708421,0.35781138526021766,0.09651608541938665,0.07046858121150863,0.00986030302708421
397,0.03426867584822647,0.02975011621457602,0.025467261846771946,0.017104226397838825,0.014279795683118417,0.011049994593905077,0.0060542318039337436,0.006893011367035088,0.008983490810546549,0.0020904794435114564,0.11428600274250751,0.04370625294972505,0.04018971860450357,0.04018971860450357,0.030308395088828037,0.030308395088828037,0.009881323515675545,0.35806805614260523,0.09665977994489991,0.07057974979278248,0.009881323515675545
398,0.0339787101295107,0.02953483412482222,0.025268883300216646,0.016997764579613373,0.014190549669472656,0.010983411729045087,0.006014352850568281,0.00685800043160764,0.00893694144526854,0.002078941013660896,0.1144570450064859,0.043766795267764384,0.040279553512609034,0.040279553512609034,0.030377325202498386,0.030377325202498386,0.00990222831011066,0.35832272876107296,0.0968025779017311,0.07069024973872153,0.00990222831011066
399,0.033691197966876384,0.02932094840668459,0.02507194374999597,0.016891785324602348,0.014101714678938889,0.01091711000019215,0.00597467532441019,0.006823059313852288,0.00889049327149281,0.0020674339576405194,0.11462702265228204,0.04382693879627007,0.04036892292706172,0.04036892292706172,0.030445905206814464,0.030445905206814464,0.009923017720247269,0.35857541759407513,0.09694448339842582,0.07080008385601197,0.009923017720247269
400,0.03340611859946435,0.029108452205915104,0.024876434374266225,0.016786288926922254,0.014013290842989997,0.010851089844878217,0.005935199082044029,0.006788189393172666,0.008844148048282428,0.00205595865510976,0.11479594050552806,0.043886685549514165,0.04045782785977665,0.04045782785977665,0.030514135799952987,0.030514135799952987,0.009943692059823674,0.35882613703157507,0.09708550054521521,0.07090925495601388,0.009943692059823674
401,0.03312345144208427,0.028897338668382497,0.02468234637887018,0.01668127563578667,0.013925278256636406,0.010785351671224762,0.005895923964561901,0.006753392024010238,0.008797907501428025,0.0020445154774177848,0.11496380339479728,0.043946037540334604,0.04054626934025947,0.04054626934025947,0.030582017693884713,0.030582017693884713,0.009964251646374772,0.3590749013753177,0.09722563345364511,0.07101776585446266,0.009964251646374772
402,0.03284317608372817,0.028687600940746565,0.02448967099776023,0.016576745656235552,0.013837676979034378,0.010719895858384332,0.005856849797851213,0.0067186685360749445,0.008751773323767186,0.0020331047876922387,0.11513061615115515,0.044004996779980224,0.04063424841527375,0.04063424841527375,0.030649551614124814,0.030649551614124814,0.009984696801148949,0.3593217248391064,0.09736488623621148,0.07112561937117491,0.009984696801148949
403,0.03256527228609662,0.02847923217111886,0.024298399493408795,0.016472699149856693,0.013750487034087537,0.010654722756977722,0.005817976392878965,0.006684020234575482,0.008705747175503134,0.0020217269409276498,0.1152963836077175,0.04406356527795874,0.040721766148511425,0.040721766148511425,0.030716738299485565,0.030716738299485565,0.010005027849025872,0.35956662154908403,0.09750326300600182,0.07123281832975875,0.010005027849025872
404,0.03228971998213734,0.028272225509710022,0.02410852315720613,0.01636913623549939,0.013663708411041673,0.010589832689526785,0.005779303545972598,0.006649448400449153,0.008659830684522647,0.0020103822840734915,0.11546111059921607,0.044121745041887525,0.04080882362026646,0.04080882362026646,0.03078357850183132,0.03078357850183132,0.01002524511843515,0.35980960554401814,0.0976407678763427,0.07133936555732853,0.01002524511843515
405,0.032016499274596176,0.028066574109463935,0.02392003330984588,0.016266056989980345,0.013577341065072862,0.010525225950882917,0.0057408310390974215,0.006614954290591276,0.008614025446713164,0.001999071156121885,0.11562480196157107,0.04417953807734725,0.04089542192711168,0.04089542192711168,0.03085007298583581,0.03085007298583581,0.010045348941275884,0.3600506907755902,0.09777740496045312,0.0714452638842238,0.010045348941275884
406,0.03174559043458036,0.02786227112667889,0.02373292130169848,0.016163461448781877,0.013491384917868967,0.01046090280865122,0.0057025586401306515,0.006580539138084108,0.008568333026279046,0.001987793888194934,0.11578746253147087,0.04423694638773822,0.040981562181578814,0.040981562181578814,0.030916222528741724,0.030916222528741724,0.010065339652837103,0.36028989110868864,0.09791317837110385,0.07155051614373263,0.010065339652837103
407,0.03147697390013391,0.027659309721616024,0.023547178513172763,0.016061349606742475,0.013405839858204545,0.010396863503610382,0.005664486103132089,0.006546204152425245,0.008522754956056937,0.0019765508036316886,0.11594909714595869,0.04429397197413953,0.041067245511841606,0.041067245511841606,0.030982027920122564,0.030982027920122564,0.010085217591719053,0.36052722032170564,0.09804809222028253,0.07165512517181914,0.010085217591719053
408,0.031210630274825086,0.02745768305909512,0.023362796355065885,0.015959721418739737,0.013320705742509216,0.01033310825012828,0.005626613168611453,0.006511950519755474,0.008477292737830192,0.001965342218074715,0.11610971064202612,0.04435061683517085,0.04115247306140218,0.04115247306140218,0.031047489961646815,0.031047489961646815,0.01010498309975537,0.36076269210683737,0.09818215061886458,0.07175909380685525,0.01010498309975537
409,0.030946540326345792,0.02725738430907808,0.023179766268901846,0.015858576800365756,0.013235982395429538,0.010269637236573339,0.005588939563792413,0.006477779403086036,0.008431947842642317,0.001954168439556278,0.11626930785621352,0.044406882966856964,0.04123724598878048,0.04123724598878048,0.03111260946684437,0.03111260946684437,0.010124636521936117,0.360996320070388,0.09831535767628967,0.07186242488935653,0.010124636521936117
410,0.030684684985122865,0.027058406647240168,0.022998079727258817,0.015757915628595,0.013151669610384437,0.010206450625721666,0.00555146500287333,0.006443691942525281,0.008386721711109399,0.0019430297685841147,0.11642789362421718,0.044462772362494886,0.0413215654672069,0.0413215654672069,0.031177387260875232,0.031177387260875232,0.01014417820633168,0.361228117733077,0.09844771750024396,0.07196512126172226,0.01014417820633168
411,0.030425045342941055,0.02686074325552925,0.02281772823408545,0.015657737742444725,0.013067767150114231,0.010143548555159976,0.005514189187284748,0.006409689255504665,0.008341615753731466,0.001931926498226799,0.11658547278050313,0.04451828701252362,0.041405432684318,0.041405432684318,0.031241824180300484,0.031241824180300484,0.01016360850401752,0.3614580985303496,0.0985792341963478,0.07206718576797948,0.01016360850401752
412,0.030167602651577707,0.026664387322713232,0.02263870332500644,0.01555804294362799,0.012984274747223306,0.010080931137684341,0.0054771118059436475,0.006375772437004086,0.008296631351202774,0.001920858914198687,0.11674205015792757,0.044573428904396466,0.04148884884185531,0.04148884884185531,0.03130592107285553,0.03130592107285553,0.010182927768999787,0.36168627581269047,0.09870991186784894,0.07216862125353107,0.010182927768999787
413,0.029912338321448968,0.02646933204491585,0.022460996567617478,0.015458830997199293,0.012901192104716484,0.010018598461694787,0.005440232535504506,0.0063419425597765035,0.008251769854720935,0.0019098272949444315,0.11689763058736385,0.044628200022455905,0.041571815155367335,0.041571815155367335,0.03136967879722557,0.03136967879722557,0.010202136358141774,0.36191266284594054,0.09883975461532117,0.07226943056490792,0.010202136358141774
414,0.029659233920267473,0.026275570626140995,0.022284599561769827,0.015360101632192926,0.012818518896529123,0.00995655059158575,0.005403551040607173,0.006308200674571836,0.008207032586294901,0.0018988319117230654,0.11705221889733584,0.04468260234781095,0.041654332853914545,0.041654332853914545,0.031433098222823336,0.031433098222823336,0.010221234631091218,0.36213727281161673,0.09896876653636834,0.07236961654952487,0.010221234631091218
415,0.02940827117171136,0.026083096278785762,0.022109503939844746,0.015261854542254042,0.012736254768051009,0.009894787568132434,0.005367066974121606,0.006274547810360092,0.008162420839051731,0.00188787302869164,0.11720581991365778,0.04473663785821702,0.0417364031797775,0.0417364031797775,0.03149618022956906,0.03149618022956906,0.010240222950208449,0.3623601188072344,0.09909695172533363,0.07246918205544073,0.010240222950208449
416,0.029159431954104573,0.025891902224142407,0.021935701367017894,0.01516408938626254,0.012654399336644088,0.009833309408873066,0.005330779977389471,0.006240984974553722,0.008117935877542136,0.0018769509029884152,0.11735843845908031,0.044790308527958234,0.04181802738816801,0.04181802738816801,0.03155892570767266,0.03155892570767266,0.010259101680495365,0.36258121384663283,0.09922431427301413,0.07256812993112205,0.010259101680495365
417,0.028912698299108308,0.025701981692889352,0.02176318354151397,0.01506680578894978,0.012572952192154065,0.00977211610848711,0.005294689680462665,0.00620751315322916,0.008073578938044753,0.0018660657848155943,0.11751007935294294,0.04484361632773213,0.04189920674694343,0.04189920674694343,0.031621335557418195,0.031621335557418195,0.010277871189525249,0.362800570860303,0.09935085826638057,0.07266646302521078,0.010277871189525249
418,0.028668052390423547,0.025513327925571445,0.02159194219485174,0.014970003341508192,0.012491912897415944,0.009711207639169436,0.005258795702338753,0.006174133311347526,0.00802935122886912,0.0018552179175215957,0.11766074741083243,0.04489656322453676,0.04197994253632388,0.04197994253632388,0.03168341068895049,0.03168341068895049,0.010296531847373405,0.3630182026957181,0.09947658778830211,0.07276418418629566,0.010296531847373405
419,0.028425476562504576,0.025325934173069612,0.02142196909207961,0.014873681602193845,0.012411280988753536,0.009650583951000465,0.005223097651193376,0.006140846392974476,0.007985253930657332,0.0018444075376828576,0.11781044744424751,0.04494915118156015,0.04206023604861257,0.04206023604861257,0.03174515202206397,0.03174515202206397,0.010315084026548621,0.3632341221176666,0.09960150691727628,0.07286129626268735,0.010315084026548621
420,0.02818495329928338,0.0251397936970601,0.021253256032002055,0.014777840096921995,0.012331055976472991,0.009590244972312357,0.005187595124609634,0.006107653321499167,0.007941288196684333,0.0018336348751851674,0.11795918426026945,0.04500138215807208,0.04214008858791914,0.04214008858791914,0.031806560485993715,0.031806560485993715,0.01033352810192545,0.36344834180858737,0.09972561972716382,0.07295780210219735,0.01033352810192545
421,0.02794646523290483,0.02495489977046344,0.021085794847396873,0.014682478319855703,0.01225123734535041,0.009530190610051205,0.005152287709804493,0.006074554999852322,0.007897455153156834,0.0018229001533045122,0.11810696266123867,0.04505325810931818,0.042219501469885984,0.042219501469885984,0.03186763701920871,0.03186763701920871,0.010351864450677302,0.36366087436890737,0.09984893028692855,0.07305370455192048,0.010351864450677302
422,0.02770999514247256,0.024771245677883306,0.020919577405223648,0.01458759573398754,0.012171824555113554,0.009470420750135315,0.00511717498385222,0.006041552310723366,0.00785375589951081,0.0018122035887874444,0.11825378744443722,0.045104780986416224,0.04229847602141755,0.04229847602141755,0.03192838256920723,0.03192838256920723,0.010370093452210346,0.36387173231738135,0.09997144266038206,0.07314900645802098,0.010370093452210346
423,0.027475525952805484,0.02458882471603546,0.020754595606823467,0.014493191771714452,0.012092817040917744,0.009410935257809562,0.005082256513904883,0.00600864611677662,0.007810191508707577,0.0018015453919309568,0.1183996634017771,0.045155952736254744,0.04237701358041266,0.04237701358041266,0.03198879809231446,0.03198879809231446,0.01038821548809822,0.3640809280914336,0.1000931609059332,0.07324371066552234,0.01038821548809822
424,0.027243040733204823,0.024407630194166863,0.02059084138811012,0.014399265835405833,0.012014214213815958,0.009351733977995871,0.005047531857409957,0.0059758372608665275,0.0077667630275283905,0.001790925766661862,0.11854459531949424,0.04520677530139379,0.04245511549549973,0.04245511549549973,0.032048884553482225,0.032048884553482225,0.01040623094201753,0.36428847404750186,0.10021408907634238,0.07333782001810044,0.01040623094201753
425,0.02701252269623155,0.02422765543446519,0.020428306719752907,0.014305817297964854,0.011936015461223193,0.009292816735639822,0.005013000562325028,0.005943126566251896,0.0077234714768675715,0.0017803449106156746,0.1186885879778483,0.04525725061996789,0.04253278312577502,0.04253278312577502,0.03210864292609089,0.03210864292609089,0.01042414019968415,0.364494382461383,0.10033423121848055,0.07343133735788039,0.01042414019968415
426,0.026783955196494205,0.02404889377245886,0.020266983607351283,0.014212845503383104,0.011858220147375132,0.009234183336053442,0.004978662167329658,0.0059105148368091345,0.007680317852024121,0.0017698030152149863,0.11883164615082795,0.045307380625591136,0.0426100178405437,0.0426100178405437,0.03216807419175341,0.03216807419175341,0.010441943648790307,0.36469866552858055,0.10045359137309279,0.07352426552523679,0.010441943648790307
427,0.026557321729446946,0.023871338557407713,0.020106864091601416,0.01412034976728859,0.011780827613781174,0.00917583356525417,0.004944516202034416,0.005878002857244469,0.007637303122991805,0.0017593002657473348,0.11897377460586178,0.045357167247264435,0.04268682101906394,0.04268682101906394,0.0322271793401215,0.0322271793401215,0.010459641678942456,0.3649013353646541,0.10057217357456653,0.07361660735859732,0.010459641678942456
428,0.026332605930197775,0.02369498315268455,0.019947940248454907,0.014028329377487155,0.011703837179671859,0.009117767190300049,0.004910562187187102,0.005845591393305121,0.0075944282347476825,0.0017488368414425603,0.11911497810353466,0.04540661240928478,0.04276319405029386,0.04276319405029386,0.032285959368693946,0.032285959368693946,0.01047723468159993,0.3651024040055701,0.10068998185070435,0.07370836569424986,0.01047723468159993
429,0.02610979157232687,0.02351982093614758,0.01979020418926976,0.013936783594497373,0.01162724814244075,0.009059983959621163,0.004876799634876206,0.005813281191989425,0.007551694107539071,0.0017384129155496445,0.11925526139730953,0.04545571803115665,0.04283913833264134,0.04283913833264134,0.032344415282627,0.032344415282627,0.010494723050014355,0.36530188340805464,0.10080702022250107,0.07379954336615287,0.010494723050014355
430,0.02588886256671487,0.02334584530050404,0.019633648060953798,0.013845711652078943,0.011551059778080809,0.009002483603347338,0.004843228048731602,0.005781072981755879,0.007509101637168912,0.0017280286554130326,0.1193946292332545,0.04550448602750541,0.042914655273716726,0.042914655273716726,0.032402548094546894,0.032402548094546894,0.01051210717916985,0.3654997854499473,0.10092329270392547,0.07389014320574908,0.01051210717916985
431,0.025669802960381134,0.023173049653665012,0.019478264046100667,0.01375511275775468,0.011475271341615316,0.008945265833632142,0.004809846924122535,0.005748967472731101,0.007466651695279531,0.00171768422254843,0.11953308634977529,0.045552918307992726,0.042989746290088414,0.042989746290088414,0.03246035882436445,0.03246035882436445,0.010529387465723981,0.36569612193055684,0.10103880330170628,0.07398016804178255,0.010529387465723981
432,0.02545259693533175,0.02300142741909167,0.019324044363118555,0.013664986093326111,0.011399882067523386,0.00888833034497321,0.004776655748352898,0.005716965356916691,0.007424345129634765,0.001707379772718074,0.11967063747735283,0.04560101677723395,0.04306441280704121,0.04306441280704121,0.03251784849909176,0.03251784849909176,0.010546564307949466,0.36589090457101786,0.10115355601512244,0.07406962070011887,0.010546564307949466
433,0.025237228807417404,0.02283097203613303,0.019170981266351812,0.013575330815382763,0.011324891170160122,0.008831676814528917,0.004743654000853842,0.005685067308394968,0.007382182764400445,0.001697115456005477,0.11980728733828609,0.04564878333471748,0.04313865625833756,0.04313865625833756,0.03257501815266093,0.03257501815266093,0.010563638105676646,0.36608414501464903,0.10126755483579768,0.0741585040035686,0.010563638105676646
434,0.025023683025200794,0.02266167696035539,0.019019067046195583,0.013486146055805169,0.011250297844171453,0.008775304902431426,0.004710841153373738,0.00565327398353358,0.007340165400423217,0.0016868914168896366,0.11994304064643992,0.04569621987472602,0.04321247808598156,0.04321247808598156,0.03263186882574488,0.03263186882574488,0.010580609260236701,0.36627585482731256,0.10138080374749928,0.07424682077171389,0.010580609260236701
435,0.024811944168833713,0.022493535663863556,0.018868294029203616,0.013397430922261666,0.011176101264903706,0.008719214252096139,0.004678216670165523,0.005621586021188971,0.007298293815507684,0.0016767077943187125,0.12007790210699797,0.04574332828625975,0.043285879739985794,0.043285879739985794,0.032688401565580213,0.032688401565580213,0.010597478174405598,0.3664660454977745,0.101493306725941,0.0743345738207382,0.010597478174405598
436,0.02460199694894358,0.022326541635613997,0.018718654578189383,0.013309184498699026,0.011102300588807961,0.008663404490527575,0.004645780008171447,0.005590004042908684,0.007256568764691851,0.001666564721783166,0.12021187641622058,0.045790110452961406,0.04335886267814087,0.04335886267814087,0.03274461742579211,0.03274461742579211,0.010614245252348786,0.36665472843806657,0.10160506773859003,0.07442176596325917,0.010614245252348786
437,0.024393826205529448,0.022160688381720077,0.018570141092320625,0.013221405845826966,0.011028894953839232,0.008607875228621708,0.004613530617205254,0.005558528653132508,0.0072149909805208695,0.00165646232738836,0.12034496826120757,0.04583656825304312,0.04343142836578778,0.04343142836578778,0.032800517466221195,0.032800517466221195,0.010630910899566618,0.36684191498384844,0.10171609074447811,0.07450840000816444,0.010630910899566618
438,0.024187416906867275,0.02199596942574948,0.0184227460072075,0.013134094001596604,0.010955883479850513,0.008552626061464782,0.004581467940131817,0.005527160439392431,0.007173561173319051,0.001646400733926619,0.12047718231966584,0.04588270355921518,0.043503578275592994,0.043503578275592994,0.03285610275275252,0.03285610275275252,0.010647475522840502,0.36702761639477166,0.1018263796940165,0.07459447876045067,0.010647475522840502
439,0.02398275414842455,0.021832378309013946,0.01827646179498444,0.0130472479816729,0.010883265268981751,0.008497656568628642,0.004549591413044255,0.005495899972511408,0.007132280031460155,0.0016363800589487458,0.1206085232596818,0.045928518238616496,0.04357531388732618,0.04357531388732618,0.032911374357146445,0.032911374357146445,0.010663939530179767,0.36721184385484373,0.10193593852881501,0.07468000502106531,0.010663939530179767
440,0.023779823151784032,0.021669908590851442,0.01813128096438585,0.012960866779901156,0.010811039406043792,0.008442966314462591,0.004517900465438559,0.005464747806800929,0.0070911482216359225,0.0016264004148349922,0.12073899573949853,0.04597401415274694,0.04364663668764079,0.04364663668764079,0.03296633335687156,0.03296633335687156,0.010680303330769254,0.3673946084727936,0.10204477118150483,0.0747649815867516,0.010680303330769254
441,0.023578609263576626,0.021508553848900935,0.01798719606081576,0.01287494936876758,0.01073920495889732,0.008388554848381824,0.004486394520385752,0.00543370448025737,0.0070501663891228555,0.001616461908865485,0.12086860440729755,0.04601919315740133,0.043717548169857144,0.043717548169857144,0.03302098083493957,0.03302098083493957,0.010696567334917605,0.36757592128243743,0.10215288157556526,0.07484941124989622,0.010696567334917605
442,0.023379097954423285,0.02134830767936982,0.017844199666411615,0.012789494699854034,0.010667760978826869,0.008334421705152433,0.004455072994701597,0.005402770514757123,0.007009335158047227,0.0016065646432901041,0.12099735390098522,0.04606405710260519,0.04378804983374837,0.04378804983374837,0.03307531787974214,0.03307531787974214,0.010712731954006259,0.3677557932430456,0.10226027362515423,0.07493329679838004,0.010712731954006259
443,0.023181274817885858,0.021189163697294185,0.017702284400102266,0.012704501704286946,0.010596706500909936,0.008280566405173046,0.004423935299113896,0.005371946416250498,0.006968655131648309,0.00159670871539781,0.12112524884798376,0.046108607832552204,0.043858143185328845,0.043858143185328845,0.03312934558488971,0.03312934558488971,0.01072879760043916,0.3679342352397097,0.10236695123494251,0.07501664101543157,0.01072879760043916
444,0.022985125569426824,0.02103111553679198,0.01756144291766031,0.012619969293180494,0.010526040544381242,0.008226988454753097,0.004392980838427392,0.005341232674954387,0.006928126892539811,0.0015868942175854234,0.12125229386502663,0.04615284718554334,0.04392782973664533,0.04392782973664533,0.03318306504905222,0.03318306504905222,0.010744764687593139,0.3681112580837107,0.1024729182999516,0.0750994466794833,0.010744764687593139
445,0.022790636045377823,0.020874156851309254,0.01742166791174888,0.01253589635807408,0.01045576211299218,0.008173687346387773,0.004362209011686302,0.005310629765543669,0.0068877510029695214,0.0015771212374258519,0.12137849355795843,0.046196776993927616,0.04399711100557073,0.04399711100557073,0.033236477375801765,0.033236477375801765,0.010760633629768993,0.36828687251288733,0.10257817870539541,0.07518171656403083,0.010760633629768993
446,0.022597792201916933,0.020718281313859534,0.01728295211196306,0.012452281771364164,0.010385870195365524,0.008120662559029655,0.004331619212334505,0.005280138147341375,0.006847528005077142,0.0015673898577357663,0.12150385252153917,0.04624039908404448,0.044065988515600424,0.044065988515600424,0.033289583673457204,0.033289583673457204,0.01077640484214325,0.3684610891920048,0.10268273632652533,0.07526345343749472,0.01077640484214325
447,0.02240658011405456,0.020563482617256493,0.017145288284865966,0.012369124386730494,0.010316363765345397,0.008067913558357075,0.004301210828373414,0.005249758264507581,0.006807458421150305,0.0015577001566427235,0.1216283753392528,0.04628371527616783,0.044134463795651196,0.044134463795651196,0.03334238505493062,0.03334238505493062,0.010792078740720608,0.36863391871312445,0.10278659502847899,0.07534466006308502,0.010792078740720608
448,0.022216985974627946,0.020409754474339993,0.017008669234019634,0.01228642303955679,0.010247241782342589,0.008015439797039241,0.004270983242517545,0.005219490546227033,0.00676754275387877,0.0015480522076517361,0.12175206658312011,0.04632672738445156,0.044202538379862696,0.044202538379862696,0.033394882637575694,0.033394882637575694,0.010807655742287035,0.3688053715959731,0.10288975866613244,0.07542533919866859,0.010807655742287035
449,0.022028996093304172,0.02025709061819562,0.016873087800010872,0.012204176547345943,0.010178503191675245,0.00796324071499812,0.004240935832347821,0.005189335406895497,0.006727781486606787,0.0015384460797112892,0.12187493081351568,0.04636943721687673,0.04427021380740148,0.04427021380740148,0.03344707754303797,0.03344707754303797,0.010823136264363552,0.3689754582883133,0.10299223108395586,0.07550549359663898,0.010823136264363552
450,0.0218425968955916,0.020105484802367842,0.016738536860472122,0.012122383710129761,0.010110146924904969,0.007911315739667133,0.004211067970462626,0.005159293246304829,0.006688175083583632,0.0015288818372788024,0.12199697257898914,0.04641184657520021,0.04433749162226755,0.04433749162226755,0.03349897089710692,0.03349897089710692,0.010838520725160665,0.36914418916631336,0.10309401611587261,0.07558512600378896,0.010838520725160665
451,0.02165777492185967,0.01995493080106685,0.016605009330097474,0.012041043310873318,0.010042171900168392,0.007859664286246687,0.00418137902462663,0.005129364449826751,0.006648723990212292,0.0015193595403855396,0.12211819641609044,0.04645395725490483,0.044404373373103385,0.044404373373103385,0.03355056382956997,0.03355056382956997,0.010853809543533453,0.3693115745349181,0.10319511758512166,0.07566423916118563,0.010853809543533453
452,0.021474516826367012,0.01980542240936925,0.016472498160653923,0.011960154115873969,0.009974577022504254,0.007808285757956543,0.004151868357917426,0.005099549388595344,0.006609428633296307,0.001509879244700962,0.12223860684919917,0.046495771045151096,0.04447086061300551,0.04447086061300551,0.033601857474068235,0.033601857474068235,0.010869003138937308,0.369477624628219,0.10329553930412334,0.0757428358040481,0.010869003138937308
453,0.021292809376297753,0.019656953443412634,0.016340996340988,0.011879714875155064,0.009907361184176029,0.007757179546285092,0.004122535328869973,0.005069848419688235,0.006570289421284765,0.00150044100159653,0.12235820839035791,0.04653728972873027,0.04453695489933847,0.04453695489933847,0.033652852967954186,0.033652852967954186,0.010884101931384317,0.3696423496098255,0.10339528507434839,0.07582091866162767,0.010884101931384317
454,0.021112639450806003,0.019509517740584223,0.016210496897027853,0.011799724322854423,0.009840523264990159,0.0077063450312355244,0.0040933792916188995,0.005040261886306482,0.006531306744515432,0.0014910448582089492,0.12247700553910947,0.046578515082018976,0.04460265779355132,0.04460265779355132,0.03370355145215107,0.03370355145215107,0.010899106341400282,0.36980575957323536,0.10349435868619015,0.07589849045709052,0.010899106341400282
455,0.020933994040068415,0.019363109159703584,0.016080992891780874,0.01172018117760761,0.009774062132609911,0.007655781581568939,0.004064399596038671,0.005010790117953164,0.0064924809754560294,0.0014816908575028646,0.12259500278233801,0.04661944887493517,0.04466797086099647,0.04466797086099647,0.033753954071014135,0.033753954071014135,0.010914016789982372,0.36996786454220565,0.10359276391884005,0.07597555390740288,0.010914016789982372
456,0.020756860244344758,0.019217721581199613,0.015952477425327027,0.01164108414292607,0.00970797664286493,0.007605488555044417,0.004035595587881653,0.004981433430610645,0.006453812468943647,0.0014723790383330006,0.12271220459411408,0.04666009287089555,0.04473289567075103,0.04473289567075103,0.03380406197219367,0.03380406197219367,0.0109288336985574,0.37012867447112346,0.10369050454016615,0.07605211172321856,0.0109288336985574
457,0.020581225273046455,0.019073348907281816,0.015824943634807884,0.011562431907570165,0.009642265640056512,0.007555465298656083,0.004006966608914083,0.004952192126916537,0.0064153015624222876,0.0014631094355057488,0.12282861543554334,0.04670044882677437,0.04479743379544047,0.04479743379544047,0.033853876306499775,0.033853876306499775,0.01094355748894073,0.37028819924537676,0.1037875843065948,0.076128166608769,0.01094355748894073
458,0.020407076443812986,0.018929985062106015,0.015698384694411555,0.011484223145917167,0.009576927957258646,0.007505711148867182,0.003978511997049987,0.004923066496338342,0.006376948576178548,0.0014538820798402042,0.12294423975461904,0.04674051849286351,0.04486158681106469,0.04486158681106469,0.03390339822776894,0.03390339822776894,0.010958188583295787,0.37044644868172477,0.10388400696299536,0.07620372126175556,0.010958188583295787
459,0.020234401181596105,0.018787623991934572,0.015572793815353547,0.011406456518324252,0.009511962416614866,0.007456225431841194,0.0039502310864830605,0.0048940568153467735,0.006338753813575425,0.00144469699822865,0.12305908198607822,0.04678030361283401,0.04492535629682647,0.04492535629682647,0.03395262889273232,0.03395262889273232,0.01097272740409419,0.3706034325286689,0.10397977624256795,0.07627877837324423,0.01097272740409419
460,0.02006318701775183,0.01864625966529122,0.015448164245853654,0.011329130671486543,0.009447367829630958,0.007407007463670025,0.003922123207816521,0.00486516334758776,0.006300717561284253,0.0014355542136964923,0.12317314655126146,0.04681980592369884,0.04498874383496223,0.04498874383496223,0.03400156946088578,0.03400156946088578,0.010987174374076477,0.37075916046682245,0.1040748958667341,0.07635334062756265,0.010987174374076477
461,0.019893421589140085,0.018505886073110586,0.015324489271109017,0.011252244238790256,0.009383142997463564,0.007358056550599279,0.0038941876881909807,0.004836386344053125,0.006262840089514771,0.001426453745461645,0.12328643785797633,0.04685902715577701,0.04505175101057507,0.04505175101057507,0.03405022109436166,0.03405022109436166,0.011001529916213441,0.37091364210928096,0.10416936954503041,0.07642741070219934,0.011001529916213441
462,0.01972509263723198,0.018366497228882527,0.015201762213263366,0.01117579584066099,0.009319286711204723,0.007309371989250658,0.003866423851410334,0.0048077260432499375,0.0062251216522433055,0.001417395608993367,0.12339896030036424,0.046897969032658915,0.045114379411470215,0.045114379411470215,0.03409858495780219,0.03409858495780219,0.011015794453668059,0.37106688700199203,0.10426320097500505,0.07650099126770533,0.011015794453668059
463,0.01955818800722463,0.01822808716879133,0.015079976431372594,0.01109978408490721,0.009255797752162391,0.007260953066841507,0.0038388310180657056,0.004779182671368541,0.006187562487439093,0.0014083798160705512,0.12351071825877084,0.04693663327117302,0.045176630627992646,0.045176630627992646,0.034146662218234695,0.034146662218234695,0.011029968409757993,0.37121890462412466,0.10435639384211709,0.07657408498759784,0.011029968409757993
464,0.0193926956471635,0.018090649951849884,0.01495912532136672,0.011024207567058984,0.009192674892136975,0.007212799061401522,0.003811408505657465,0.004750756442449253,0.006150162817288722,0.0013994063748394687,0.12362171609961992,0.04697502158135368,0.04523850625286704,0.04523850625286704,0.03419445404494838,0.03419445404494838,0.011044052207918698,0.37136970438843836,0.10444895181963872,0.07664669451826625,0.011044052207918698
465,0.019228603607072122,0.01795417966002893,0.014839202316008339,0.010949064870702,0.009129916893693942,0.007164909241986665,0.0037841556287153367,0.004722447558547732,0.006112922848418699,0.0013904752898709666,0.12373195817529051,0.04701313566641025,0.045300007881039925,0.045300007881039925,0.03424196160937287,0.03424196160937287,0.011058046271667094,0.37151929564165204,0.10454087856856009,0.07671882250888026,0.011058046271667094
466,0.01906590003808921,0.017818670398381434,0.01472020088484763,0.010874354567806915,0.00906752251043252,0.007117282868890295,0.003757071698916623,0.0046942562098990235,0.006075842772116148,0.001381586562217124,0.12384144882399753,0.0470509772226974,0.045361137109524115,0.045361137109524115,0.03428918608495835,0.03428918608495835,0.011071951024565803,0.37166768766481206,0.10463217773749703,0.07679047160130013,0.011071951024565803
467,0.01890457319161307,0.0176841162951622,0.01460211453417402,0.010800075219054111,0.009005490487250552,0.007069919193851545,0.0037301560252025693,0.0046661825750802695,0.006038922764547634,0.0013727401894673647,0.1239501923696756,0.047088547939686566,0.04542189553724527,0.04542189553724527,0.034336128647057346,0.034336128647057346,0.011085766890187974,0.37181488967366055,0.10472285296260135,0.07686164442998904,0.011085766890187974
468,0.018744611418453266,0.017550511501942794,0.014484936806964567,0.010726225374153854,0.00894381956060552,0.007022817460260979,0.0037034079138928786,0.00463822682117209,0.006002162986976121,0.0013639361658040303,0.12405819312186614,0.047125849499938595,0.045482284764890746,0.045482284764890746,0.03438279047280815,0.03438279047280815,0.011099494292082648,0.3719609108190023,0.10481290786747385,0.07693234362192755,0.011099494292082648
469,0.01858600316798943,0.01741785019372187,0.014368661282829157,0.010652803572161952,0.00888250845877181,0.00697597690336354,0.0036768266687984144,0.004610389103918638,0.0059655635859760525,0.0013551744820574142,0.12416545537560768,0.047162883579077525,0.04554230639476051,0.04554230639476051,0.03442917274101987,0.03442917274101987,0.011113133653740687,0.3721057601870719,0.10490234606307991,0.07700257179653017,0.011113133653740687
470,0.018428736987337213,0.01728612656903097,0.014253281577952578,0.010579808341790922,0.008821555902094222,0.006929396750458827,0.0036504115913320967,0.004582669567886322,0.00592912469364658,0.001346455125760258,0.12427198341132929,0.04719965184576551,0.045601962030620266,0.045601962030620266,0.03447527663205906,0.03447527663205906,0.011126685398561261,0.3722494467999002,0.10499117114766762,0.0770723315655638,0.011126685398561261
471,0.018272801520521284,0.01715533485003588,0.014138791345033567,0.010507238201716732,0.008760960603237807,0.006883076221098714,0.0036241619806180203,0.004555068346621204,0.005892846427822917,0.0013377780812017133,0.12437778149474721,0.04723615596167883,0.04566125327755673,0.04566125327755673,0.03452110332773792,0.03452110332773792,0.011140149949818864,0.3723919796156797,0.10507938670668857,0.07714162553306839,0.011140149949818864
472,0.018118185507655336,0.01702546928263362,0.01402518427322089,0.010435091660881168,0.008700721267434023,0.006837014527282353,0.003598077133598817,0.004527585562805066,0.005856728892285835,0.0013291433294807691,0.12448285387676437,0.04727239758148501,0.04572018174183496,0.04572018174183496,0.03456665401120413,0.03456665401120413,0.011153527730630882,0.37253336752913,0.10516699631272095,0.07721045629527937,0.011153527730630882
473,0.017964877784129023,0.016896524136545157,0.013912454088046514,0.010363367218789837,0.00864083659272329,0.006791210873648563,0.0035721563451412766,0.004500221328410157,0.005820772176969304,0.0013205508485591478,0.12458720479337318,0.04730837835282099,0.04577874903075782,0.04577874903075782,0.03461192986683218,0.03461192986683218,0.01116681916392569,0.3726736193718622,0.10525400352539528,0.07727882644055219,0.01116681916392569
474,0.01781286727980178,0.016768493705403908,0.013800594551355998,0.0102920633658059,0.00858130527019396,0.006745664457665652,0.0035463989081402506,0.004472975744852608,0.005784976358166278,0.0013120006133136713,0.12469083846556107,0.047344099916272406,0.04583695675252751,0.04583695675252751,0.03465693208011628,0.03465693208011628,0.011180024672411281,0.37281274391274266,0.10534041189132251,0.07734673854928867,0.011180024672411281
475,0.017662143018203454,0.0166413723068401,0.013689599461236098,0.010221178583439537,0.008522125984217747,0.006700374469818681,0.003520804113620859,0.004445848903144531,0.005749341498732628,0.001303492595588099,0.12479375909921914,0.047379563905353805,0.04589480651610917,0.04589480651610917,0.03470166183756481,0.03470166183756481,0.011193144678544419,0.3729507498582562,0.10542622494402445,0.07741419519386533,0.011193144678544419
476,0.017512694115741734,0.016515154282561083,0.013579462651939732,0.010150711344633216,0.008463297412681653,0.006655340093794201,0.003495371250839018,0.004418840884044793,0.005713867648289232,0.0012950267642444415,0.12489597088505353,0.04741477194649001,0.0459522999310965,0.0459522999310965,0.034746120326596255,0.034746120326596255,0.0112061796045003,0.3730876458528686,0.10551144620386663,0.07748119893856352,0.0112061796045003
477,0.017364509780916228,0.016389833998427646,0.013470177993808306,0.010080660114042801,0.008404818227216431,0.006610560506662491,0.003470099607380312,0.004391951758208474,0.005678554843422219,0.0012866030852137478,0.12499747799849986,0.0474497256589984,0.046009438607579396,0.046009438607579396,0.034790308735436704,0.034790308735436704,0.011219129872142745,0.373223440479388,0.10559607917799345,0.07754775233950147,0.011219129872142745
478,0.017217579313539243,0.016265405844526435,0.013361739393191525,0.010011023348314534,0.008346687093421628,0.006566034879057312,0.003444988469257224,0.004365181586335005,0.0056434031078813765,0.0012782215215463744,0.12509828459964029,0.04748442665507221,0.04606622415601362,0.04606622415601362,0.03483422825301879,0.03483422825301879,0.011231995902994882,0.37335814225932606,0.10568012736026561,0.07761385794456808,0.011231995902994882
479,0.017071892103963142,0.016141864235238522,0.013254140792364717,0.009941799496357954,0.008288902671087233,0.006521762375353207,0.0034200371210047487,0.004338530419314997,0.005608412452776727,0.0012698820334617331,0.12519839483312342,0.04751887653976478,0.046122658187092436,0.046122658187092436,0.034877880068882136,0.034877880068882136,0.011244778118210345,0.373491759653258,0.10576359423119983,0.07767951829335866,0.011244778118210345
480,0.016927437632314222,0.016019203609304186,0.013147376169443748,0.009872986999614777,0.008231463614411972,0.006477742153840371,0.003395244845774407,0.004311998298375754,0.005573582876773273,0.0012615845783975222,0.125297812828087,0.04755307691097483,0.046178742311620204,0.046178742311620204,0.034921265373075286,0.034921265373075286,0.011257476938544963,0.3736243010611816,0.1058464832579107,0.07774473591711219,0.011257476938544963
481,0.016784205467733106,0.015897418429884024,0.013041439538297601,0.00980458429232379,0.008174368572218293,0.0064339733668971125,0.0033706109254266784,0.00428558525522548,0.0055389143662839205,0.0012533291110584438,0.12539654269808315,0.04758702935943258,0.04623447814038793,0.04623447814038793,0.034964385356059044,0.034964385356059044,0.011270092784328938,0.37375577482287603,0.10592879789405482,0.07780951333865059,0.011270092784328938
482,0.01664218526762152,0.015776503184616403,0.012936324948458665,0.009736589801781808,0.008117616188164076,0.006390455161159936,0.0033461346406218734,0.004259291312196184,0.005504406895660589,0.0012451155834644083,0.1254945885410064,0.047620735468686844,0.046289867284050774,0.046289867284050774,0.035007241208611296,0.035007241208611296,0.011282626075439521,0.373886189218259,0.106010541579777,0.07787385307231956,0.011282626075439521
483,0.016501366776895492,0.015656452385671347,0.012832026485030804,0.009669001948600719,0.00806120510095109,0.0063471866776912585,0.0033218152709094625,0.0042331164823852735,0.0054700604273835,0.0012369439449982295,0.1255919544390242,0.047654196815093065,0.04634491135300738,0.04634491135300738,0.03504983412173326,0.03504983412173326,0.011295077231274165,0.3740155524677436,0.10609171774165864,0.07793775762393115,0.011295077231274165
484,0.01636173982724484,0.015537260569800933,0.012728538268595274,0.009601819146960674,0.008005133944530262,0.006304167052144794,0.003297652094815882,0.004207060769795861,0.00543587491224867,0.0012288141424528123,0.12568864445851022,0.04768741496780216,0.04639961195728122,0.04639961195728122,0.03509216528655711,0.03509216528655711,0.011307446670724147,0.3741438727325939,0.10617232979266815,0.07800122949070806,0.011307446670724147
485,0.01622329433639892,0.015418922298386248,0.012625854455114532,0.009535039804859457,0.007949401348303763,0.006261395414928625,0.003273644389930834,0.004181124169475769,0.005401850289553601,0.0012207261200778354,0.1257846626499798,0.04772039148875032,0.046453970706403704,0.046453970706403704,0.03513423589425507,0.03513423589425507,0.011319734812148674,0.3742711581152799,0.10625238113211345,0.0780642711612295,0.011319734812148674
486,0.01608602030739862,0.015301432157480968,0.012523969235834001,0.009468662324358081,0.007894005937323964,0.006218870891365983,0.0032497914329921006,0.004155306667655243,0.005367986487281173,0.0012126798196259328,0.1258800130480284,0.04775312793264963,0.04650798920929924,0.04650798920929924,0.03517604713594983,0.03517604713594983,0.011331942073349453,0.37439741665983106,0.10633187514559649,0.0781268851153788,0.011331942073349453
487,0.015949907827874477,0.015184784757851634,0.012422876837181858,0.009402685101822648,0.007838946332489303,0.006176592601853764,0.0032260924999688873,0.004129608241883381,0.005334283422281753,0.0012046751803983747,0.12597469967127198,0.047785625846979554,0.04656166907417205,0.04656166907417205,0.03521760020262638,0.03521760020262638,0.011344068871545711,0.3745226563521894,0.10641081520496973,0.07818907382429245,0.011344068871545711
488,0.015814947069330922,0.015068974735014676,0.012322571520666887,0.009337106528162512,0.007784221150737073,0.006134559662018796,0.0032025468661437176,0.0041040288611632805,0.005300741000453529,0.0011967121392902516,0.1260687265222902,0.04781788677197924,0.04661501190839487,0.04661501190839487,0.035258896285045215,0.035258896285045215,0.011356115623349695,0.3746468851205612,0.10648920466829462,0.07825083975031098,0.011356115623349695
489,0.015681128286436585,0.014953996749270265,0.012223047582774463,0.00927192498906479,0.0077298290052331955,0.006092771182871897,0.0031791538061928955,0.004078568486085899,0.0052673591169210615,0.0011887906308351653,0.12616209758757183,0.047849912240640675,0.04666801931839941,0.04666801931839941,0.03529993657365685,0.03529993657365685,0.011368082744742597,0.3747701108357679,0.106567046879802,0.07831218534693117,0.011368082744742597
490,0.015548441816320584,0.01483984548573302,0.01212429935486071,0.009207138865225267,0.0076757685055589935,0.006051226270959719,0.003155912594265551,0.004053227068962651,0.005234137656212075,0.0011809105872494265,0.12625481683746248,0.04788170377870261,0.04672069290956862,0.04672069290956862,0.035340722258517705,0.035340722258517705,0.011379970651050949,0.37489234131159566,0.10664434516985433,0.0783731130587599,0.011379970651050949
491,0.015416878077874794,0.014726515654359677,0.012026321203044909,0.00914274653257572,0.0076220382578950086,0.006009924028514433,0.003132822504061289,0.004028004553956727,0.0052010764924324895,0.0011730719384757658,0.12634688822611473,0.04791326290464526,0.04677303428613074,0.04677303428613074,0.03538125452920733,0.03538125452920733,0.011391779756923444,0.37501358430514425,0.10672110285490992,0.0784336253214695,0.011391779756923444
492,0.015286427571062007,0.014614001989973717,0.011929107528100164,0.009078746362507707,0.00756863686520189,0.005968863553601249,0.0031098828089064596,0.004002900877213148,0.005168175489439702,0.001165274612226557,0.12643831569144048,0.047944591129685875,0.046825045051055066,0.046825045051055066,0.0354215345747469,0.0354215345747469,0.011403510476308202,0.3751338475171747,0.10679732323748888,0.07849372456175464,0.011403510476308202
493,0.015157080876229943,0.014502299252287083,0.01183265276534243,0.00901513672209287,0.007515562927398394,0.005928043940263809,0.003087092781829063,0.003977915966987564,0.005135434501014119,0.0011575185340265582,0.12652910315506555,0.04797568995777494,0.04687672680594946,0.04687672680594946,0.03546156358351903,0.03546156358351903,0.011415163222430467,0.37525313859245574,0.10687300960614089,0.07855341319729066,0.011415163222430467
494,0.015028828653431076,0.014391402225918977,0.011736951384517929,0.008951915974299784,0.007462815041536523,0.005887464278667475,0.003064451695632312,0.003953049743773794,0.005102853371028963,0.0011498036272551723,0.12661925452228648,0.04800656088559323,0.0469280811509596,0.0469280811509596,0.03550134274318891,0.03550134274318891,0.011426738407770733,0.37537146512010916,0.10694816523541488,0.07861269363669329,0.011426738407770733
495,0.0149016616417482,0.014281305720411837,0.011641997889688973,0.008889082478207386,0.007410391801973842,0.005847123655240526,0.003041958822966863,0.00392830212043011,0.005070431933618337,0.0011421298131882305,0.12670877368202949,0.04803720540254955,0.046979109684669895,0.046979109684669895,0.03554087324062665,0.03554087324062665,0.011438236444043284,0.37548883463395427,0.10702279338583025,0.07867156827947996,0.011438236444043284
496,0.014775570658625713,0.014172004570244525,0.01154778681911832,0.008826634589215026,0.007358291800543004,0.0058070211528132906,0.003019613436401738,0.00390367300230429,0.005038170013343587,0.0011344970110393003,0.12679766450681157,0.04806762499077922,0.047029814004006076,0.047029814004006076,0.035580156261830954,0.035580156261830954,0.011449657742175167,0.3756052546128511,0.10709689730384998,0.07873003951603237,0.011449657742175167
497,0.01465054659920657,0.014063493634842798,0.011454312745152012,0.008764570659249186,0.007306513626718509,0.005767155850755239,0.0029974148084939488,0.0038791622873574137,0.005006067425357934,0.001126905138000523,0.12688593085270372,0.048097821125143235,0.04708019570413951,0.04708019570413951,0.035619192991853996,0.035619192991853996,0.01146100271228556,0.37572073248104226,0.10717048022185541,0.0787881097275605,0.01146100271228556
498,0.014526580435674822,0.013955767798587093,0.011361570274100837,0.008702889036966895,0.007255055867780748,0.005727526825110053,0.0029753622118568438,0.0038547698662864368,0.0049741239755694165,0.0011193541092829823,0.12697357655929623,0.04812779527322818,0.04713025637839309,0.04713025637839309,0.03565798461472757,0.03565798461472757,0.011472271763665566,0.3758352756084938,0.1072435453581226,0.07884578128606806,0.011472271763665566
499,0.014403663216603727,0.013848821970817712,0.011269554046120386,0.008641588067955883,0.007203917108977338,0.005688133148728693,0.002953454919227193,0.0038304956226455273,0.004942339460802132,0.001111843838156607,0.12706060544966588,0.04815754889534674,0.04717999761814878,0.04717999761814878,0.035696532313390435,0.035696532313390435,0.011483465304758396,0.37594889131123477,0.1073160959168004,0.07890305655431916,0.011483465304758396
500,0.014281786066309386,0.013742651085837417,0.011178258735089795,0.008580666094931511,0.0071530959336818046,0.005648973891400489,0.002931692203531026,0.0038063394329661848,0.004910713668955793,0.0011043742359896109,0.12714702133034544,0.048187083444539015,0.0472294210127568,0.0472294210127568,0.03573483726961689,0.03573483726961689,0.011494583743139962,0.376061586851696,0.10738813508789018,0.07895993788580645,0.011494583743139962
501,0.014160940184209846,0.01363725010291153,0.011087679048489197,0.00852012145793051,0.007102590923549628,0.005610048119982273,0.00291007333794824,0.0037823011668761362,0.004879246379163608,0.0010969452122874738,0.12723282799129476,0.048216400366574326,0.04727852814944636,0.04727852814944636,0.035772900663946554,0.035772900663946554,0.011505627485499858,0.3761733694390469,0.107459666047227,0.07901642762472046,0.011505627485499858
502,0.014041116844189608,0.013532614006265549,0.010997809727275931,0.00845995249450157,0.007052400658671692,0.0055713548985255774,0.002888597595975995,0.0037583806872170237,0.004847937361948487,0.0010895566747314656,0.12731802920587407,0.048245501099953805,0.047327320613237994,0.047327320613237994,0.035810723675615316,0.035810723675615316,0.011516596937622733,0.37628424622953177,0.10753069195646249,0.07907252810592028,0.011516596937622733
503,0.013922307393969543,0.01342873780508036,0.010908645545759559,0.008400157539892816,0.007002523717725158,0.005532893288401912,0.0028672642514909067,0.0037345778501608833,0.004816786379377597,0.0010822085292167163,0.1274026287308191,0.04827438707591356,0.04737579998685748,0.04737579998685748,0.03584830748248748,0.03584830748248748,0.011527492504370048,0.37639422432680447,0.10760121596304921,0.07912824165490553,0.011527492504370048
504,0.013804503254482106,0.013325616533485074,0.010820181311475708,0.00834073492723621,0.006952958678121807,0.005494662348426152,0.0028460725788100622,0.0037108925053254255,0.00478579318521526,0.0010749006798898364,0.127486630306218,0.04830305971842847,0.047423967850651255,0.047423967850651255,0.035885653260989095,0.035885653260989095,0.011538314589662214,0.37650331078226207,0.10767124120022646,0.07918357058778955,0.011538314589662214
505,0.013687695919251872,0.013223245250547551,0.010732411865058812,0.008281682987728902,0.00690370411615387,0.005456661134978043,0.0028250218527508626,0.0036873244958881206,0.004754957525074209,0.00106763302918609,0.12757003765549038,0.04833152044421657,0.047471825782503405,0.047471825782503405,0.03592276218604235,0.03592276218604235,0.011549063596461113,0.37661151259537684,0.10774077078700768,0.07923851721127381,0.011549063596461113
506,0.01357187695378128,0.013121619040262645,0.010645332080113767,0.008223000050811578,0.006854758607137376,0.005418888702121864,0.0028041113486897175,0.0036638736586990946,0.004724279136565215,0.0010604054778661227,0.12765285448536767,0.04835977066274408,0.04751937535775415,0.04751937535775415,0.03595963543100123,0.03595963543100123,0.011559739926752974,0.37671883671402745,0.10780980782816922,0.0792930838226236,0.011559739926752974
507,0.013457037994941592,0.013020733011538227,0.01055893686308655,0.008164684444343841,0.006806120725553066,0.005381344101724245,0.0027833403426195994,0.0036405398243928465,0.0046937577494450934,0.0010532179250522487,0.12773508448587578,0.04838781177623098,0.0475666181491198,0.0475666181491198,0.03599627416758822,0.03599627416758822,0.011570343981531636,0.3768252900348285,0.1078783554142406,0.07934727270964481,0.011570343981531636
508,0.01334317075036901,0.01292058229817903,0.010473221153133837,0.008106734494776651,0.0067577890451848725,0.005344026383570176,0.0027627081112064785,0.0036173228174987875,0.004663393085763088,0.0010460702682643017,0.12781673133031923,0.04841564517965717,0.04761355572661425,0.04761355572661425,0.03603267956583215,0.03603267956583215,0.011580876160782159,0.3769308794034594,0.10794641662149612,0.07940108615066205,0.011580876160782159
509,0.013230266997865888,0.01282116205886836,0.010388179921991666,0.008049148527321866,0.00670976213925602,0.00530693459547722,0.002742213931844649,0.003594222456550612,0.004633184860005659,0.001038962403455048,0.127897798675267,0.048443272260769235,0.04766018965747188,0.04766018965747188,0.036068852794007136,0.036068852794007136,0.011591336863464802,0.3770356116149907,0.10801399451194797,0.07945452641449775,0.011591336863464802
510,0.013118318584807023,0.012722467477147713,0.010303808173843163,0.007991924866118915,0.006662038580562761,0.005270067783407956,0.0027218570827109625,0.0035712385541945063,0.004603132779239675,0.0010318942250451704,0.12797829016054021,0.04847069440008768,0.047706521506071936,0.047706521506071936,0.036104795018572645,0.036104795018572645,0.011601726487499353,0.37713949341421066,0.10808109213334054,0.07950759576045252,0.011601726487499353
511,0.013007317427550963,0.01262449376139435,0.010220100945185391,0.007935061834398644,0.0066146169416057875,0.005233424991580663,0.0027016368428179846,0.0035483709172961985,0.004573236543254019,0.0010248656259578218,0.1280582094092014,0.04849791297091479,0.047752552833864335,0.047752552833864335,0.03614050740411459,0.03614050740411459,0.011612045429749805,0.3772425314959491,0.10814771251914616,0.0795602964382866,0.011612045429749805
512,0.0128972555108563,0.01252723614479687,0.010137053304695338,0.00787855775464435,0.00656749579471933,0.0051970052625782675,0.0026815524920660856,0.0035256193470468637,0.004543495844699617,0.0010178764976527554,0.1281375600275454,0.04852492933934297,0.047798285199296874,0.047798285199296874,0.03617599111328755,0.03617599111328755,0.011622294086009384,0.37734473250540096,0.10821385868856222,0.07961263068820242,0.011622294086009384
513,0.012788124887302903,0.012430689885328815,0.010054660353095095,0.007822410948750065,0.006520673712197992,0.005160807637455583,0.002661603311294485,0.0035029836390678823,0.004513910369227912,0.0010109267301600306,0.12821634560509185,0.048551744864263634,0.04784372015774387,0.04784372015774387,0.03621124730675802,0.03621124730675802,0.011632472850985912,0.37744610303844783,0.10827953364650941,0.07966460074082819,0.011632472850985912
514,0.012679917676718031,0.012334850265720374,0.009972917223016239,0.0077666197381761,0.006474149266421336,0.0051248311558448455,0.0026417885823312582,0.0034804635835144625,0.004484479795627764,0.0010040162121133023,0.12829456971457934,0.04857836089737658,0.04788885926143615,0.04788885926143615,0.036246277143148695,0.036246277143148695,0.011642582118287512,0.37754664964197876,0.1083447403836314,0.07971620881720275,0.011642582118287512
515,0.012572626065607339,0.012239712593428194,0.00989181907886348,0.007711182444101892,0.0064279210299762485,0.005089074856059574,0.0026221075880423217,0.0034580589651781353,0.004455203795960826,0.0009971448307826926,0.1283722359119611,0.04860477878319989,0.04793370405939243,0.04793370405939243,0.03628108177898384,0.03628108177898384,0.011652622280408646,0.37764637881420887,0.10840948187629561,0.0797674571287612,0.011652622280408646
516,0.012466242306590661,0.012145272200603354,0.009811361116677578,0.007656097387576184,0.006381987575777119,0.005053537775196774,0.0026025596123794136,0.0034357695635881245,0.004426082035695373,0.0009903124721072503,0.1284493477364021,0.04863099985908031,0.04797825609735204,0.04797825609735204,0.03631566236863562,0.03631566236863562,0.011662593728716473,0.3777452970049974,0.10847376108659537,0.0798183478773218,0.011662593728716473
517,0.012360758717842587,0.01205152444405756,0.009731538563997588,0.007601362889664575,0.006336347477183851,0.005018218949237501,0.0025831439404270778,0.003413595153111603,0.004397114173838604,0.0009835190207270023,0.12852590871027786,0.0486570254552041,0.04802251691770899,0.04802251691770899,0.0363500200642715,0.0363500200642715,0.011672496853437546,0.3778434106161642,0.10853758096235314,0.07986888325507377,0.011672496853437546
518,0.012256167682537764,0.011958464705227566,0.009652346679722434,0.00754697727159446,0.006290999308117741,0.004983117413145797,0.0025638598584486667,0.003391535503052838,0.004368299863067434,0.0009767643600145978,0.1286019223391745,0.04868285689460838,0.04806648805944738,0.04806648805944738,0.03638415601580262,0.03638415601580262,0.011682332043644815,0.3779407260018042,0.10860094443712498,0.07991906544456615,0.011682332043644815
519,0.012152461648300906,0.011866088390137877,0.009573780753971878,0.0074929388548974135,0.00624594164317525,0.004948232200966035,0.0025447066539313816,0.003369590377751236,0.004339638749857783,0.0009700483721065492,0.12867739211189044,0.048708495493192866,0.048110171058078056,0.048110171058078056,0.036418071370833145,0.036418071370833145,0.011692099687244962,0.3780372494686014,0.10866385443020615,0.0799688966186976,0.011692099687244962
520,0.012049633126661437,0.011774390929361785,0.009495836107946892,0.007439245961549022,0.0062011730577396845,0.00491356234591867,0.0025256836156303548,0.0033477595366782926,0.004311130474612366,0.0009633709379340751,0.12875232150043942,0.04873394255973218,0.04815356744557663,0.04815356744557663,0.03645176727461066,0.03645176727461066,0.011701800170966028,0.37813298727614114,0.1087263138466379,0.08001837894070726,0.011701800170966028
521,0.011947674692512764,0.01168336777798075,0.009418508093789458,0.00738589691410622,0.006156692128090832,0.004879106880494429,0.002506790033611793,0.0033260427345334523,0.004282774671786995,0.0009567319372535453,0.1288267139600549,0.048759199395888485,0.048196678750322755,0.048196678750322755,0.03648524486997744,0.03648524486997744,0.011711433880345368,0.3782279456372206,0.1087883255772153,0.08006751456416646,0.011711433880345368
522,0.011846578983576118,0.011593014415542178,0.009341792094441848,0.007332890035842142,0.0061124974315125554,0.004844864836546949,0.002488025199295195,0.0033044397213388916,0.004254570970015423,0.0009501312486765334,0.12890057292919596,0.0487842672962246,0.048239506497040625,0.048239506497040625,0.03651850529732277,0.03651850529732277,0.011721001199717904,0.3783221307181585,0.1088498924984962,0.0801163056329714,0.011721001199717904
523,0.011746338699868936,0.011503326346015632,0.009265683523505399,0.007280223650878534,0.00606858754639839,0.004810835245383885,0.0024693884054946508,0.0032829502425332237,0.004226518992232701,0.0009435687496994787,0.12897390182955437,0.04880914754821755,0.048282052206740776,0.048282052206740776,0.03655154969453616,0.03655154969453616,0.01173050251220467,0.37841554863910287,0.10891101747281133,0.08016475428133686,0.01173050251220467
524,0.011646946603177735,0.01141429909774751,0.009190177825098796,0.0072278960843157524,0.006024961052355162,0.004777017137856512,0.002450878946459242,0.00326157403906414,0.0041986183557971,0.0009370443167329624,0.12904670406606317,0.0488338414322725,0.048324317396663104,0.048324317396663104,0.036584379196961496,0.036584379196961496,0.011739938199701665,0.37850820547433794,0.10897170334827531,0.0802128626337907,0.011739938199701665
525,0.011548395516535461,0.011325928223414217,0.009115270473715926,0.007175905662360372,0.005981616530304647,0.004743409544447823,0.002432496117912551,0.0032403108474799904,0.004170868672610587,0.0009305578251305993,0.12911898302690633,0.04885835022173709,0.04836630358022107,0.04836630358022107,0.03661699493735214,0.03661699493735214,0.011749308642868994,0.3786001072525889,0.10903195295879886,0.08026063280516926,0.011749308642868994
526,0.011450678323703238,0.01123820929997388,0.009040956974083298,0.007124250712450445,0.005938552562583307,0.004710011495359153,0.0024142392170912945,0.003219160400020312,0.00414326954923786,0.0009241091492175501,0.12919074208352993,0.04888267518291622,0.04840801226694718,0.04840801226694718,0.03664939804582694,0.03664939804582694,0.0117586142211203,0.37869125995732605,0.10909176912410191,0.08030806690061375,0.0117586142211203
527,0.01135378796865652,0.011151137928616633,0.008967232861017069,0.0070729295633784346,0.005895767733040121,0.0046768220205953455,0.0023961075427830917,0.0031981224247053124,0.004115820587023966,0.0009176981623186556,0.12926198459065444,0.04890681757508713,0.04844944496243956,0.04844944496243956,0.036681589649827144,0.036681589649827144,0.011767855312612475,0.3787816695270668,0.10915115464972774,0.08035516701556734,0.011767855312612475
528,0.01125771745507558,0.011064709734713503,0.008894093699279706,0.007021940545411848,0.005853260627132536,0.004643840150048471,0.0023781003953633794,0.0031771966454243166,0.004088521382210513,0.000911324736786198,0.12933271388628823,0.04893077865051496,0.0484906031683098,0.0484906031683098,0.036713570874074196,0.036713570874074196,0.011777032294235662,0.378871341855677,0.10921011232705814,0.0804019352357733,0.011777032294235662
529,0.011162459845840324,0.01097892036776393,0.008821535083436293,0.006971281990411608,0.0058110298320205615,0.004611064913580122,0.002360217076831488,0.003156382782023181,0.00406137152605047,0.0009049887440272909,0.12940293329174235,0.0489545596544686,0.0485314883821319,0.0485314883821319,0.03674534284052844,0.03674534284052844,0.011786145541603524,0.3789602827926698,0.10926864493332947,0.08044837363727378,0.011786145541603524
530,0.011068008262529367,0.010893765501341968,0.008749552637710524,0.0069209522319481865,0.005769073936659038,0.0045784953411023,0.0023424568908458885,0.0031356805503906867,0.0040343706049215874,0.0008986900545309025,0.12947264611164647,0.04897816182523691,0.048572102097392406,0.048572102097392406,0.03677690666834867,0.03677690666834867,0.011795195429043797,0.37904849814350416,0.10932675523164967,0.08049448428640958,0.011795195429043797
531,0.01097435588492335,0.010809240833041169,0.008678142015840405,0.0068709496054155245,0.005727391531888097,0.004546130462656906,0.0023248191427586214,0.0031150896625439144,0.004007518200438427,0.0008924285378945139,0.12954185563396595,0.04900158639414537,0.04861244580344162,0.04861244580344162,0.03680826347385258,0.03680826347385258,0.011804182329589106,0.37913599366988127,0.10938444597101626,0.0805402692398206,0.011804182329589106
532,0.01088149595051246,0.010725342084418214,0.00860729890093367,0.006821272448142776,0.005685981210521835,0.004513969308493856,0.0023073031396489228,0.0030946098267126145,0.00398081388956303,0.0008862040628504167,0.1296105651300201,0.049024834585572954,0.04865252098544601,0.04865252098544601,0.036839414370478024,0.036839414370478024,0.01181310661496805,0.37922277509003965,0.10944171988633515,0.08058573054444718,0.01181310661496805
533,0.010789421754008124,0.010642065000935307,0.008537019005322964,0.006771919099503896,0.005644841567435228,0.004482010909147842,0.0022899081903560562,0.003074240747422571,0.003954257244714222,0.000880016497291653,0.12967877785450152,0.04904790761696944,0.04869232912434164,0.04869232912434164,0.03687036046874515,0.03687036046874515,0.011821968655596555,0.37930884807904897,0.10949857969844037,0.08063087023753211,0.011821968655596555
534,0.010698126646858824,0.01055940535190135,0.008467298070420787,0.006722887901025101,0.005603971199649318,0.004450254295513742,0.002272633605511361,0.003053982125577976,0.003927847833875574,0.0008738657082976002,0.12974649704549657,0.049070806698873,0.04873187169678878,0.04873187169678878,0.03690110287621938,0.03690110287621938,0.011830768820569472,0.3793942182691022,0.10955502811411473,0.08067569034662359,0.011830768820569472
535,0.010607604036770019,0.010477358930411957,0.008398131866574243,0.006674177196490237,0.00556336870641467,0.004418698498920707,0.002255478697569532,0.0030338336585428163,0.0039015852207020195,0.000867751562159205,0.12981372592450682,0.04909353303492812,0.04877115017512754,0.04877115017512754,0.03693164269747516,0.03693164269747516,0.011839507477652448,0.3794788912498064,0.10961106782611123,0.08072019288957873,0.011839507477652448
536,0.01051784738722812,0.010395921553288317,0.008329516192919603,0.006625785332044072,0.005523032689293152,0.0043873425512049365,0.0022384427808391375,0.003013795040221279,0.003875468964625146,0.0008616739244038685,0.1298804676964717,0.04911608782190381,0.04881016602733456,0.04881016602733456,0.03696198103406059,0.03696198103406059,0.01184818499327404,0.3795628725684721,0.10966670151317537,0.08076437987456793,0.01184818499327404
537,0.010428850217028498,0.010315089061014934,0.008261446877236704,0.006577710656293545,0.005482961752238041,0.0043561854847811565,0.0022215251715123896,0.0029938659611371886,0.003849498620957174,0.0008556326598199869,0.12994672554979214,0.049138472249712205,0.04884892071698081,0.04884892071698081,0.03699211898446281,0.03699211898446281,0.01185680173251808,0.3796461677304013,0.1097219318400683,0.08080825330007999,0.01185680173251808
538,0.010340606099807489,0.01023485731767628,0.008193919775803214,0.006529951520406999,0.005443154501672482,0.004325226332712822,0.0022047251876941773,0.0029740461085124774,0.003823673740993625,0.0008496276324811491,0.13001250265635508,0.04916068750142733,0.048887415703190384,0.048887415703190384,0.03702205764407418,0.03702205764407418,0.011865358059116279,0.37972878219917366,0.10977676145759069,0.0808518151549278,0.011865358059116279
539,0.010253108663578349,0.010155222210892392,0.008126930773248773,0.006482506278211421,0.005403609546566322,0.0042944641287810505,0.002188042149430371,0.0029543351663447004,0.003797993872114696,0.000843658705769997,0.13007780217155915,0.04918273475330427,0.04892565244060032,0.04892565244060032,0.0370517981051593,0.0370517981051593,0.011873854335441091,0.3798107213969316,0.10983119300260741,0.08089506741825493,0.011873854335441091
540,0.010166351590271147,0.010076179651753437,0.008060475782409036,0.006435373286287721,0.005364325498511346,0.004263897907552309,0.0021714753787354132,0.0029347328154835993,0.0037724585578853467,0.0008377257424017489,0.13014262723434125,0.04920461517479858,0.04896363237932147,0.04896363237932147,0.03708134145682275,0.03708134145682275,0.011882290922498791,0.3798919907046641,0.10988522909807306,0.08093801205954274,0.011882290922498791
541,0.010080328615276546,0.009997725574753254,0.007994550744179638,0.006388550904064068,0.005325300971794924,0.004233526704444869,0.0021550241996192003,0.0029152387337067266,0.003747067338154116,0.000831828604447391,0.13020698096720412,0.04922632992858593,0.04900135696490032,0.04900135696490032,0.037110688784977586,0.037110688784977586,0.01189066817992281,0.3799725954624882,0.10993887235305817,0.08098065103861826,0.01189066817992281
542,0.009995033526993437,0.00991985593772194,0.007929151627370092,0.006342037493907311,0.005286534583472108,0.0042033495557940405,0.0021386879381132713,0.0028958525957941328,0.0037218197491506707,0.0008259671533565391,0.13027086647624475,0.04924788017058212,0.049038827638281865,0.049038827638281865,0.037139841172314655,0.037139841172314655,0.011898986465967282,0.38005254096992996,0.10999212536277612,0.08102298630566271,0.011898986465967282
543,0.009910460166380416,0.009842566721757467,0.00786427442855765,0.0062958314212125145,0.005248024953436183,0.004173365498916203,0.0021224659222963123,0.0028765740736021272,0.003696715323582101,0.0008201412499799747,0.1303342868511838,0.049269267049963254,0.04907604583577337,0.04907604583577337,0.037168799698272595,0.037168799698272595,0.011907246137500847,0.3801318324862037,0.11004499070861085,0.08106501980122065,0.011907246137500847
544,0.009826602426511044,0.009765853931156376,0.007799915171941138,0.006249931054490634,0.005209770704487701,0.004143573572171651,0.002106357482318983,0.0028574028361361197,0.0036717535907279755,0.0008143507545918568,0.13039724516539594,0.049290491709186215,0.04911301298900919,0.04911301298900919,0.037197565439008616,0.037197565439008616,0.011915447550000647,0.38021047523048923,0.1100974709581452,0.08110675345620981,0.011915447550000647
545,0.009743454252132874,0.009689713593343568,0.007736069909194782,0.006204334765454345,0.005171770462402021,0.004113972815026265,0.0020903619504280806,0.002838338549622548,0.0036469340765341615,0.0008085955269116146,0.13045974447594086,0.049311555284009406,0.049149730524916474,0.049149730524916474,0.037226139467369974,0.037226139467369974,0.011923591057546565,0.38028847438220864,0.11014956866519009,0.08114818919193152,0.011923591057546565
546,0.00966100963923021,0.009614141758801225,0.007672734719322053,0.0061590409291020646,0.005134022855995372,0.004084562268112016,0.002074478660990049,0.0028193808775799018,0.0036222563037054236,0.0008028754261255227,0.13052178782359541,0.04933245890351369,0.04918619986568182,0.04918619986568182,0.0372545228528662,0.0372545228528662,0.011931677012815682,0.38036583508130056,0.1102012863698141,0.08118932892008178,0.011931677012815682
547,0.009579262634590571,0.009539134500996865,0.00760990570850953,0.006114047923800181,0.005096526517189455,0.00405534097328634,0.0020587069505138425,0.0028005294808888482,0.00359771979179681,0.0007971903109079625,0.13058337823288643,0.04935320369012359,0.049222422428718875,0.049222422428718875,0.037282716661642,0.037282716661642,0.011939705767076939,0.3804425624284938,0.11025262659837406,0.0812301745427629,0.011939705767076939
548,0.009498207335374804,0.009464687916310584,0.0075475790099808135,0.006069354131363521,0.005059280081074615,0.004026307973690368,0.002043046157673154,0.0027817840178614678,0.0035733240573038397,0.0007915400394423724,0.13064451871212443,0.04937379075962873,0.04925839962663684,0.04925839962663684,0.03731072195645089,0.03731072195645089,0.011947677670186018,0.3805186614855789,0.11030359186354596,0.08127072795249576,0.011947677670186018
549,0.009417837888690864,0.009390798123961479,0.007485750783850504,0.006024957937134065,0.005022282185971591,0.003997462313806047,0.002027495623328018,0.0027631441443096054,0.003549068613751496,0.0007859244694418908,0.13070521225343806,0.04939422122120546,0.04929413286720988,0.04929413286720988,0.0373385397966295,0.0373385397966295,0.011955593070580441,0.3805941372756787,0.1103541846643567,0.08131099103223267,0.011955593070580441
550,0.009338148491171172,0.009317461265933304,0.007424417216978247,0.005980857730057959,0.004985531473491872,0.003968803039512162,0.0020120546905457986,0.0027446095136123487,0.0035249529717820416,0.000780343458169693,0.1307654618328094,0.04941449617743874,0.04932962355334739,0.04932962355334739,0.0373661712380726,0.0373661712380726,0.01196345231527486,0.38066899478351723,0.11040440748621642,0.08135096565537074,0.01196345231527486
551,0.00925913338855357,0.009244673506899356,0.00736357452282288,0.005937051902760824,0.0049490265885966745,0.003940329198139257,0.001996722704621568,0.0027261797767826356,0.0035009766392416633,0.0007747968624590281,0.13082527041011,0.049434616724344196,0.04936487308306521,0.04936487308306521,0.03739361733320872,0.03739361733320872,0.011971255749856557,0.380743238955687,0.11045426280095134,0.08139065368576587,0.011971255749856557
552,0.00918078687526581,0.009172431034146633,0.007303218941296684,0.005893538851621388,0.00491276617965456,0.0039120398385235,0.0019814990130978902,0.0027078545825330014,0.0034771391212659562,0.0007692845387329555,0.1308846409291376,0.049454583951390414,0.04939988284945763,0.04939988284945763,0.037420879130976546,0.037420879130976546,0.011979003718481148,0.38081687470091524,0.11050375306683731,0.08143005697774726,0.011979003718481148
553,0.00910310329401356,0.00910073005749928,0.007243346738619758,0.005850316976843483,0.004876748898497717,0.0038839340110594692,0.0019663829657840153,0.002689633577340474,0.003453439920364259,0.0007638063430237858,0.1309435763176538,0.04947439894152139,0.04943465424067029,0.04943465424067029,0.037447957676801875,0.037447957676801875,0.011986696563868478,0.3808899068903282,0.11055288072863385,0.08146917737613249,0.011986696563868478
554,0.009026077035371907,0.009029566809241328,0.007183954207174528,0.005807384682526401,0.004840973400476918,0.003856010767751908,0.0019513739147744946,0.002671516405510621,0.0034298785365028503,0.0007583621309922301,0.13100207948742223,0.04949406277117923,0.049469188639873936,0.049469188639873936,0.03747485401257528,0.03747485401257528,0.011994334627298715,0.3809623403577144,0.11060164821761884,0.08150801671624308,0.011994334627298715
555,0.008949702537380299,0.008958937544038788,0.007125037665360416,0.005764740376733659,0.004805438344515176,0.003828269162266434,0.0019364712144672263,0.0026535027092407576,0.003406454467187015,0.000752951757946258,0.1310601533342475,0.04951357651032697,0.04950348742523896,0.04950348742523896,0.03750156917663039,0.03750156917663039,0.012001918248608637,0.3810341798997861,0.11065005795162361,0.0815465768239206,0.012001918248608637
556,0.008873974285140926,0.00888883853886108,0.0070665934574486635,0.005722382471560171,0.004770142393160117,0.0038007082499792334,0.0019216742215809387,0.002635592128682325,0.0033831672075419934,0.000747575078859669,0.13111780073801485,0.04953294122247164,0.04953755196991083,0.04953755196991083,0.037528104203722795,0.037528104203722795,0.0120094477661881,0.3811054302764397,0.11069811233506877,0.08158485951554326,0.0120094477661881
557,0.008798886810420504,0.008819266092901833,0.00700861795343734,0.005680309383197869,0.004735084212635087,0.0037733270880257485,0.001906982295172122,0.002617784302002442,0.0033600162503928215,0.0007422319483903803,0.13117502456273045,0.049552157964687454,0.04957138364198625,0.04957138364198625,0.03755446012500962,0.03755446012500962,0.012016923516976696,0.3811760962110142,0.11074581375900036,0.08162286659804305,0.012016923516976696
558,0.008724434691255407,0.008750216527499083,0.006951107548906542,0.005638519531999782,0.004700262472889011,0.0037461247353483686,0.001892394796651415,0.0026000788654446387,0.003337001086343071,0.0007369222208984333,0.13123182765656244,0.04957122778763918,0.04960498380449018,0.04960498380449018,0.03758063796802964,0.03758063796802964,0.012024345836460601,0.3812461823905486,0.11079316460112672,0.08166059986892331,0.012024345836460601
559,0.00865061255156017,0.008681686186054883,0.0068940586648738,0.005597011342542595,0.004665675847645023,0.00371910025274314,0.0018779110897994568,0.0025824754533887843,0.0033141212038525054,0.0007316457504637217,0.13128821285188244,0.04959015173560569,0.049638353815353614,0.049638353815353614,0.03760663875668409,0.03760663875668409,0.012031715058669585,0.38131569346603766,0.1108401672258556,0.0816980611162768,0.012031715058669585
560,0.008577415060739276,0.008613671433954346,0.00683746774764969,0.00555578324368772,0.00463132301444788,0.0036922527029055094,0.0018635305407822126,0.0025649736984102076,0.0032913760893136515,0.0007264023909034446,0.13134418296530787,0.04960893084650369,0.04967149502739214,0.04967149502739214,0.037632463511217976,0.037632463511217976,0.012039031516174222,0.3813846340526864,0.11088682398433206,0.08173525211880422,0.012039031516174222
561,0.008504836933302251,0.008546168658484133,0.006781331268693699,0.005514833668640885,0.004597202654710187,0.003665581150475108,0.0018492525181657787,0.002547573231338024,0.00326876522712731,0.0007211919957892868,0.13139974079774475,0.04962756615191151,0.049704408788285276,0.049704408788285276,0.03765811324820208,0.03765811324820208,0.012046295540083256,0.3814530087301629,0.11093313721447653,0.08177217464583328,0.012046295540083256
562,0.008432872928482002,0.008479174268750417,0.0067256457244703055,0.005474161055010273,0.004563313453757438,0.003639084662079595,0.0018350763929306795,0.002530273681312673,0.003246288099777002,0.00071601441846433,0.13145488913443115,0.049646058677093166,0.04973709644055655,0.04973709644055655,0.03768358898051546,0.03768358898051546,0.012053507460041149,0.38152082204284987,0.11097910924102364,0.08180883045733803,0.012053507460041149
563,0.008361517849856386,0.008412684695596336,0.00667040763630533,0.005433763844863227,0.0045296541008718995,0.003612762306377569,0.00182100153848566,0.002513074675842676,0.0032239441879023715,0.0007108695120596968,0.13150963074498126,0.049664409441022475,0.04976955932155432,0.04976955932155432,0.03770889171732859,0.03770889171732859,0.012060667604225792,0.3815880785000946,0.11102474237556122,0.08184522130395883,0.012060667604225792
564,0.008290766544972985,0.008346696391518955,0.006615613550242547,0.005393640484781544,0.00449622328933535,0.00358661315410056,0.0018070273306809857,0.0024959758408606165,0.0032017329703715467,0.0007057571295109312,0.1315639683834299,0.04968261945640733,0.049801798763433346,0.049801798763433346,0.03773402246408701,0.03773402246408701,0.012067776299346388,0.38165478257645763,0.11107003891656994,0.0818813489270226,0.012067776299346388
565,0.00822061390497706,0.008281205830585746,0.006561260036900565,0.005353789425915369,0.004463019716470689,0.0035606362780941144,0.0017931531478212561,0.002478976800778358,0.0031796539243524745,0.0007006771235741174,0.13161790478827773,0.04970068972971414,0.049833816093137064,0.049833816093137064,0.037758982222495616,0.037758982222495616,0.012074833870641498,0.38172093871196,0.1111150011494633,0.08191721505856361,0.012074833870641498
566,0.008151054864242639,0.008216209508350619,0.006507343691330004,0.0053142091240357256,0.004430042083682439,0.0035348307533579885,0.0017793783706777384,0.002462077178541497,0.0031577065253832375,0.0006956293468417413,0.1316714426825369,0.04971862126119236,0.04986561263238059,0.04986561263238059,0.0377837719905034,0.0377837719905034,0.012081840641877239,0.381786551312329,0.111159631346628,0.08195282142134455,0.012081840641877239
567,0.00808208440000674,0.008151703941769513,0.006453861132870966,0.0052748980395856855,0.004397289096496152,0.003509195657085454,0.0017657023825002323,0.002445276595683065,0.0031358902474413596,0.0006906136517582952,0.13172458477377724,0.04973641504489913,0.049897189697634424,0.049897189697634424,0.03780839276228882,0.03780839276228882,0.012088796935345656,0.38185162474924234,0.11120393176746482,0.08198816972887814,0.012088796935345656
568,0.008013697532006682,0.00808768566911556,0.006400809005010804,0.005235854637730207,0.00436475946459673,0.003483730068701737,0.0017521245690284707,0.002428574672376485,0.0031142045630121146,0.0006856298906356304,0.1317773337541731,0.049754072068724134,0.04992854860010884,0.04992854860010884,0.03783284552824565,0.03783284552824565,0.012095703071863239,0.38191616336057105,0.11124790465842978,0.08202326168544899,0.012095703071863239
569,0.007945889322120472,0.008024151249893854,0.0063481839752422215,0.0051970773884046605,0.004332451901865696,0.003458433069901596,0.0017386443185030652,0.0024119710274877865,0.003092648943155846,0.0006806779156680602,0.13182969230055042,0.04977159331441442,0.04995969064573896,0.04995969064573896,0.03785713127496942,0.03785713127496942,0.012102559370769594,0.3819801714506211,0.11129155225307574,0.082058098986136,0.012102559370769594
570,0.007878654874010222,0.007961097264755813,0.006295982734921694,0.005158564766362055,0.004300365126417404,0.0034333037446860515,0.0017252610216760037,0.0023954652786270913,0.0030712228575743047,0.0006757575789472143,0.13188166307443447,0.04978897975759945,0.04999061713517052,0.04999061713517052,0.037881250985244294,0.037881250985244294,0.012109366149926274,0.3820436532903735,0.1113348767720944,0.08209268331683502,0.012109366149926274
571,0.0078119893327685975,0.007898520315413188,0.0062442019991282224,0.005120315251218987,0.004268497860634227,0.00340834117939828,0.0017119740718207072,0.002379057042199371,0.00304992577467602,0.00067086873247665,0.13193324872209808,0.049806232367816214,0.050021329363746266,0.050021329363746266,0.03790520563803056,0.03790520563803056,0.012116123725715747,0.3821066131177227,0.11137788042335857,0.08212701635428188,0.012116123725715747
572,0.0077458878845682476,0.007836417024551708,0.006192838506522436,0.005082327327500336,0.0042368488312007225,0.0033835444627586834,0.001698782864741653,0.0023627459334544893,0.0030287571616407086,0.0006660112281862206,0.13198445187461028,0.04982335210853442,0.05005182862149302,0.05005182862149302,0.03792899620845256,0.03792899620845256,0.012122832413040513,0.38216905513771393,0.1114205654019649,0.08216109976607586,0.012122832413040513
573,0.007680345756314208,0.0077747840357443795,0.006141889019206052,0.005044599484682715,0.004205416769136802,0.003358912685899142,0.0016856867987835732,0.002346531566536529,0.003007716484482732,0.0006611849179462044,0.13203527514788527,0.049840339937181836,0.05008211619310943,0.05008211619310943,0.03795262366778711,0.03795262366778711,0.012129492525322376,0.3822309835227792,0.11146293389027691,0.08219493521070344,0.012129492525322376
574,0.007615358215299242,0.007713618013364468,0.006091350322581694,0.005007130217236701,0.004174200409829911,0.0033344449423964697,0.0016726852748402317,0.0023304135545324164,0.0029868032081136133,0.0006563896535811981,0.1320857211427321,0.04985719680516967,0.050112193357954256,0.050112193357954256,0.03797608898345247,0.03797608898345247,0.012136104374501838,0.38229240241297124,0.11150498805796828,0.08222852433756243,0.012136104374501838
575,0.007550920568862095,0.007652915642498161,0.006041219225213084,0.004969918024667863,0.004143198493066234,0.0033101403283050707,0.0016597776963627915,0.00231439150951985,0.002966016796403624,0.0006516252868837753,0.13213579244490445,0.049873923657918075,0.050142061390035395,0.050142061390035395,0.0379993931189978,0.0379993931189978,0.01214266827103765,0.38235331591619703,0.11154673006206658,0.0822618687869864,0.01214266827103765
576,0.007487028164048647,0.007592673628856947,0.005991492558685617,0.004932961411556598,0.004112409763060955,0.003285997942188822,0.0016469634693677758,0.0022984650426145325,0.0029453567122424452,0.0006468916696279137,0.1321854916251511,0.0498905214348817,0.050171721557999434,0.050171721557999434,0.038022537034092994,0.038022537034092994,0.012149184523906488,0.38241372810844915,0.11158816204699724,0.08229497019026945,0.012149184523906488
577,0.007423676387275926,0.0075328886986897005,0.005942167177467319,0.00489625888759681,0.004081832968487557,0.0032620168851521794,0.0016342420024446304,0.0022826337640167223,0.002924822417598916,0.0006421886535821943,0.1322348212392667,0.04990699106957538,0.05020117512512186,0.05020117512512186,0.03804552168451914,0.03804552168451914,0.012155653440602767,0.382473643034036,0.11162928614462786,0.08232783016969134,0.012155653440602767
578,0.007360860663998975,0.00747355759869451,0.005893239958770204,0.004859808967633425,0.004051466862506213,0.003238196260870529,0.0016216127067628955,0.002266897283057107,0.0029044133735798804,0.0006375160905227735,0.13228378382814265,0.049923333489599826,0.050230423349297844,0.050230423349297844,0.03806834802215931,0.03806834802215931,0.012162075327138588,0.38253306470581067,0.11167010447431273,0.08236045033854286,0.012162075327138588
579,0.007298576458380522,0.00741467709593025,0.005844707802412031,0.004823610171698779,0.004021310202791249,0.003214535175619786,0.0016090749960789926,0.002251255208242005,0.002884129040488137,0.0006328738322461325,0.132332381917819,0.04993954961666745,0.05025946748303364,0.05025946748303364,0.03809101699498988,0.03809101699498988,0.012168450488043816,0.3825919971053984,0.1117106191429378,0.08239283230115156,0.012168450488043816
580,0.007236819272963456,0.007356243977727912,0.005796567630678481,0.0047876610250478895,0.003991361751557713,0.003191032738305257,0.0015966282867426317,0.0022357071472979013,0.002863968877879506,0.0006282617305816048,0.13238061801953596,0.049955640366628244,0.050288308773438525,0.050288308773438525,0.0381135295470723,0.0381135295470723,0.012174779226366278,0.3826504441834225,0.11175083224496571,0.08242497765290775,0.012174779226366278
581,0.007175584648346073,0.007298255051601715,0.0057488163881857365,0.004751960058192621,0.003961620275587057,0.0031676880604897713,0.001584271997702849,0.0022202527072153286,0.0028439323446190143,0.0006236796374036859,0.13242849462978645,0.04997160664949567,0.05031694846221732,0.05031694846221732,0.03813588661854528,0.03813588661854528,0.012181061843672094,0.38270840985972926,0.11179074586248129,0.0824568879802908,0.012181061843672094
582,0.007114868162860067,0.00724070714516,0.0057014510417435025,0.004716505806934776,0.003932084546251948,0.003144500256421097,0.0015720055505136778,0.0022048914942920943,0.002824018898936221,0.0006191274046441264,0.13247601423036837,0.0499874493694727,0.05034538778566351,0.05034538778566351,0.038158089145617434,0.038158089145617434,0.012187298640046132,0.3827658980236111,0.11183036206523717,0.0824885648608957,0.012187298640046132
583,0.007054665432251251,0.007183597106015929,0.005654468580218447,0.004681296812398109,0.0039027533395402155,0.0031214684430586476,0.0015598283693394597,0.0021896231141758644,0.002804227998479677,0.0006146048843038123,0.1325231792884377,0.05000316942497784,0.050373627974652876,0.050373627974652876,0.03818013806056036,0.03818013806056036,0.012193489914092573,0.3828229125340285,0.11186968291069968,0.08252000986345992,0.012193489914092573
584,0.006994972109362972,0.0071269218016979915,0.005607866014398087,0.0046463316210592935,0.0038736254360779584,0.0030985917400994877,0.0015477398809598047,0.0021744471719061078,0.002784559100370541,0.0006101119284644334,0.1325699922565617,0.05001876770867123,0.050401670254637675,0.050401670254637675,0.03820203429170212,0.03820203429170212,0.01219963596293561,0.3828794572198307,0.11190871044409509,0.0825512245478905,0.01219963596293561
585,0.006935783883822208,0.007070678119560347,0.005561640376855113,0.00461160878477786,0.0038446996211518158,0.0030758692700036555,0.0015357395147742039,0.0021593632719554097,0.0027650116612553534,0.0006056483892999437,0.13261645557277227,0.05003424510748083,0.05042951584564138,0.05042951584564138,0.03822377876342118,0.03822377876342118,0.012205737082220254,0.3829355358799746,0.11194744669845587,0.0825822104652915,0.012205737082220254
586,0.006877096481728329,0.0070148629666929975,0.005515788721812167,0.004577126860825104,0.0038159746847304206,0.0030533001580188017,0.001523826702806301,0.002144371018270159,0.002745585137357975,0.0006012141190878159,0.13266257166062004,0.05004960250262857,0.05045716596225393,0.05045716596225393,0.03824537239614073,0.03824537239614073,0.012211793566113254,0.3829911522837431,0.11198589369466738,0.08261296915799154,0.012211793566113254
587,0.006818905665344474,0.0069594732698318165,0.005470308125007081,0.004542884411911995,0.0037874494214850452,0.003030883532204163,0.0015120008797078308,0.0021294700143106183,0.002726278984530709,0.000596808970220091,0.13270834292922828,0.05006484076965663,0.050484621813627506,0.050484621813627506,0.03826681610632343,0.03826681610632343,0.012217805707304132,0.38304631017096114,0.11202405344151468,0.08264350215957174,0.012217805707304132
588,0.0067612072327915594,0.006904505975268437,0.005425195683558572,0.004508880006216101,0.0037591226308094534,0.0030086185234538734,0.0015002614827622275,0.002114659863090377,0.002707092658304605,0.0005924327952142284,0.1327537717733474,0.05007996077845371,0.05051188460347281,0.05051188460347281,0.03828811080646654,0.03828811080646654,0.012223773797006333,0.3831010132522112,0.11206192793572954,0.08267381099489378,0.012223773797006333
589,0.006703997017744862,0.006849958048760017,0.005380448515832405,0.004475112217407538,0.0037309931168389714,0.0029865042655196268,0.0014886079518879112,0.0020999401672152037,0.0026880256139389584,0.000588085446723755,0.13279886057340956,0.05009496339328133,0.05053895553005586,0.05053895553005586,0.03830925740509744,0.03830925740509744,0.012229698124958475,0.38315526520904675,0.11209951916203764,0.08270389718012831,0.012229698124958475
590,0.006647270889133175,0.006795826475438887,0.005336063761308034,0.004441579624673957,0.003703059688468789,0.002964539895032699,0.0014770397296412574,0.0020853105289212943,0.0026690773064700136,0.0005837667775487194,0.13284361169558365,0.05010984947280021,0.050565835786195244,0.050565835786195244,0.038330256806769596,0.038330256806769596,0.012235578979425713,0.3832090696942051,0.11213682909320603,0.08273376222278352,0.012235578979425713
591,0.006591024750840509,0.006742108259722099,0.005292038580445721,0.0044082808127445935,0.0036753211593715035,0.0029427245515253383,0.0014655562612192546,0.002070770550112928,0.0026502471907588793,0.0005794766406459513,0.13288802749183037,0.05012461987009662,0.05059252655925994,0.05059252655925994,0.03835110991205881,0.03835110991205881,0.0122414166472012,0.38326243033181817,0.11217385969009072,0.08276340762173384,0.0122414166472012
592,0.00653525454141032,0.006688800425220882,0.005248370154554129,0.0043752143719133895,0.003647776348013922,0.0029210573774515317,0.0014541569944618571,0.0020563198323995343,0.002631534721538663,0.0005752148891391285,0.13293211029995783,0.05013927543270882,0.05061902903116753,0.05061902903116753,0.03837181761755994,0.03837181761755994,0.01224721141360766,0.3833153507176226,0.11221061290168444,0.0827928348672491,0.01224721141360766
593,0.006479956233752233,0.006635900014650011,0.005205055685658418,0.0043423788980612,0.0036204240776731276,0.002899537518207162,0.0014428413798540376,0.0020419579771321812,0.0026129393534608364,0.0005709813763286552,0.13297586244367696,0.050153817002653436,0.05064534437838292,0.05064534437838292,0.03839238081588394,0.03839238081588394,0.012252963562499051,0.38336783441916816,0.11224709066516457,0.08282204544102362,0.012252963562499051
594,0.006425125834851253,0.006583404089737116,0.005162092396368826,0.004309772992677099,0.0035932631764518256,0.0028781641221495543,0.001431608870527544,0.002027684585439484,0.002594460541140836,0.0005667759557013523,0.13301928623265757,0.05016824541645198,0.050671473771917525,0.050671473771917525,0.03841280039565526,0.03841280039565526,0.012258673376262338,0.3834198849760247,0.1122832949059413,0.08285104081620569,0.012258673376262338
595,0.006370759385479434,0.006531309731131919,0.005119477529749745,0.0042773952628788045,0.0035662924772929807,0.002856936340616435,0.0014204589222623683,0.002013499258262948,0.002576097739202911,0.000562598480939963,0.13306238396258435,0.05018256150515725,0.05069741837732893,0.05069741837732893,0.038433077241509656,0.038433077241509656,0.012264341135819352,0.38347150589998835,0.11231922753770582,0.08287982245742719,0.012264341135819352
596,0.006316852959909993,0.006479614038315429,0.005077208349189307,0.0042452443214322285,0.0035395108179937574,0.0028358533279442947,0.0014093909934879323,0.001999401596391748,0.0025578504023242234,0.0005584488059324755,0.13310515791521313,0.050196766094379876,0.05072317935472096,0.05072317935472096,0.03845321223409229,0.03845321223409229,0.012269967120628751,0.3835227006752859,0.11235489046247875,0.08290839182083334,0.012269967120628751
597,0.006263402665633831,0.006428314129509095,0.0050352821382694726,0.004213318786770175,0.003512917041218772,0.0028149142414861817,0.001398404545283992,0.001985391200496947,0.0025397179852782127,0.0005543267847812656,0.13314761035842745,0.05021086000431475,0.050748757858744206,0.050748757858744206,0.03847320625005621,0.03847320625005621,0.012275551608688077,0.3835734727587778,0.11239028557065868,0.08293675035411278,0.012275551608688077
598,0.006210404643078468,0.006377407141583927,0.004993696200636625,0.004181617283010191,0.003486509994512671,0.002794118241628919,0.0013874990413812712,0.0019714676711651683,0.0025216999429772285,0.0005502322718120603,0.13318974354629515,0.05022484404976759,0.05077415503859699,0.05077415503859699,0.03849306016206118,0.03849306016206118,0.012281094876535888,0.3836238255801605,0.11242541474107087,0.08296489949652765,0.012281094876535888
599,0.006157855065329343,0.006326890229969595,0.004952447859872689,0.0041501384399715915,0.003460288530312046,0.002773464491809765,0.0013766739481618254,0.0019576306089317186,0.0025037957305144437,0.0005461651215827254,0.13323155971912526,0.0502387190401814,0.05079937203802676,0.05079937203802676,0.03851277483877283,0.03851277483877283,0.012286597199254009,0.3836737625421669,0.112460279841016,0.08299284067894394,0.012286597199254009
600,0.0061057501378534796,0.0062767605685635245,0.004911534459366761,0.004118880893191661,0.0034342515059566934,0.0027529521585325173,0.0013659287346591434,0.0019438796143131732,0.002486004803205053,0.00054212518889188,0.13327306110352496,0.05025248577966302,0.0508244099953319,0.0508244099953319,0.03853235114486214,0.03853235114486214,0.012292058850469837,0.38372328702076564,0.11249488272631912,0.08302057532386203,0.012292058850469837
601,0.0060540860982254896,0.0062270153496399765,0.004870953362187257,0.004087843283941065,0.003408397783700233,0.002732580411383075,0.0013552628725579897,0.0019302142878394278,0.0024683266166267656,0.000538112328787338,0.13331424991245688,0.05026614506700961,0.05084927004336395,0.05084927004336395,0.03855178994100528,0.03855178994100528,0.012297480102358755,0.3837724023653593,0.11252922524137869,0.08304810484544736,0.012297480102358755
602,0.006002859215855889,0.006177651783759146,0.004830701950954599,0.0040570242592384564,0.0033827262307200953,0.002712348423044462,0.0013446758361939943,0.001916634230085222,0.002450760626659603,0.0005341263965743812,0.13335512834529628,0.05027969769573519,0.05087395330953022,0.05087395330953022,0.03857109208388367,0.03857109208388367,0.012302861225646628,0.3838211118989811,0.11256330921921569,0.08307543064956119,0.012302861225646628
603,0.005952065791721724,0.006128667099676274,0.004790777627714416,0.004026422471864319,0.0033572357191268896,0.0026922553693113256,0.0013341671025529935,0.0019031390417011402,0.0024333062895250035,0.0005301672478238635,0.13339569858788866,0.05029314445409713,0.05089846091579682,0.05089846091579682,0.03859025842618453,0.03859025842618453,0.012308202489612372,0.3838694189184906,0.11259713648152289,0.08310255413379164,0.012308202489612372
604,0.005901702158099463,0.006080058544250776,0.004751177813811284,0.003996036580374038,0.0033319251259731563,0.00267230042910391,0.0013237361512701273,0.001889728323444097,0.002415963061824248,0.0005262347383801513,0.1334359628126073,0.05030648612512266,0.05092279397869207,0.05092279397869207,0.03860928981660154,0.03860928981660154,0.012313504162090611,0.38391732669476775,0.11263070883871416,0.08312947668748476,0.012313504162090611
605,0.00585176467830016,0.006031823382355412,0.004711899949763,0.003965865249110218,0.0033067933332615244,0.0026524827844815204,0.001313382464628698,0.001876401676207312,0.0023987304005762106,0.0005223287243688989,0.13347592317841106,0.05031972348663536,0.050946953609310314,0.050946953609310314,0.03862818709983598,0.03862818709983598,0.012318766509474412,0.38396483847290586,0.11266402808997389,0.0831561996917758,0.012318766509474412
606,0.005802249746406851,0.005983958896785497,0.004672941495135396,0.003935907148214276,0.003281839227952276,0.0026328016206554825,0.0013031055275587935,0.0018631587010497783,0.0023816077632544427,0.0005184490622046644,0.13351558183090217,0.05033285731128165,0.050970940913316075,0.050970940913316075,0.038646951116598056,0.038646951116598056,0.012323989796718102,0.38401195747240346,0.1126970960233065,0.08318272451962062,0.012323989796718102
607,0.005753153787014177,0.005936462388168154,0.004634299928417686,0.003906160953637284,0.003257061701970332,0.002613256126001602,0.0012929048276356823,0.0018499989992252345,0.0023645946078235994,0.0005145956085983651,0.13355494090238432,0.050345888366557234,0.05099475699094862,0.05099475699094862,0.03866558270360856,0.03866558270360856,0.012329174287340148,0.38405868688735484,0.11272991441558602,0.08320905253582718,0.012329174287340148
608,0.005704473254970211,0.005889331174871631,0.0045959727468983655,0.0038766253471501206,0.003232459652211667,0.0025938454920721382,0.0012827798550779825,0.001836922172210639,0.002347690392775215,0.0005107682205645762,0.1335940025119207,0.05035881741483359,0.051018402937026856,0.051018402937026856,0.03868408269360081,0.03868408269360081,0.012334320243426133,0.38410502988663897,0.11276248503260573,0.0832351850970872,0.012334320243426133
609,0.005656204635120463,0.005842562592914681,0.00455795746654165,0.0038472990163529045,0.003208031980549164,0.002574568913607295,0.0012727301027456095,0.0018239278217341592,0.0023308945771628336,0.0005069667554286747,0.13363276876539218,0.05037164521338437,0.05104187984095461,0.05104187984095461,0.038702451915322914,0.038702451915322914,0.012339427925631778,0.38415098961410793,0.11279480962912786,0.08326112355200792,0.012339427925631778
610,0.005608344442054059,0.005796153995876011,0.004520251621864469,0.003818180654683743,0.003183777593837918,0.0025554255885462344,0.0012627550661375086,0.0018110155498026763,0.0023142066206365054,0.0005031910708338292,0.1336712417555557,0.05038437251441183,0.05106518878672624,0.05106518878672624,0.038720691193540255,0.038720691193540255,0.012344497593186064,0.3841965691887734,0.11282688994893335,0.083286869241144,0.012344497593186064
611,0.005560889219852063,0.005750102754803819,0.004482852765814001,0.0037892689614268025,0.0031596954039199996,0.0025364147180376275,0.001252854243389175,0.0017981849587288135,0.0022976259834766536,0.0004994410247478402,0.13370942356210253,0.0503970000650732,0.0510883308529326,0.0510883308529326,0.03873880134903828,0.03873880134903828,0.012349529503894402,0.384241771704992,0.11285872772487172,0.08331242349702946,0.012349529503894402
612,0.00551383554183793,0.005704406258125411,0.004445758469645767,0.003760562641719708,0.0031357843276286854,0.0025175355064497424,0.0012430271352699654,0.001785435651157492,0.0022811521266273213,0.0004957164754698292,0.1337473162517168,0.050409528607507095,0.05111130711276737,0.05111130711276737,0.03875678319862557,0.03875678319862557,0.01235452391414188,0.38428660023265016,0.11289032467891093,0.08333778764420983,0.01235452391414188
613,0.005467180010330071,0.005659061911556914,0.004408966322802286,0.0037320604065602886,0.003112043286792168,0.002498787161380081,0.0012332732451802075,0.0017727672300920198,0.0022647845117288023,0.0004920172816367824,0.13378492187813398,0.05042195887885979,0.05113411863403364,0.05113411863403364,0.038774637555137145,0.038774637555137145,0.012359481078896577,0.3843310578173466,0.11292168252218722,0.08336296299927433,0.012359481078896577
614,0.005420919256396508,0.005614067138013096,0.00437247393279227,0.0037037609728126785,0.0030884712082367496,0.0024801688936645695,0.001223592079148109,0.0017601792989197203,0.0022485226011496684,0.0004883433022299478,0.1338222424821996,0.0504342916113116,0.05115676647915093,0.05115676647915093,0.038792365227438064,0.038792365227438064,0.012364401251712944,0.38437514748057455,0.11295280295505514,0.08338795087088813,0.012364401251712944
615,0.005375049939611614,0.005569419377517289,0.0043362789250703925,0.003675663063212783,0.0030650670237895358,0.002461679917386311,0.0012139831458264719,0.0017476714614371046,0.0022323658580181943,0.0004846943965810894,0.1338592800919277,0.05044652753210308,0.051179251705162424,0.051179251705162424,0.03880996702042726,0.03880996702042726,0.012369284684735244,0.38441887221990245,0.11298368766713751,0.08341275255982478,0.012369284684735244
616,0.0053295687478149,0.005525116087111427,0.004300378942917614,0.003647765406373123,0.00304182967028063,0.0024433194498839073,0.0012044459564892155,0.0017352433218745925,0.0022163137462531926,0.00048107042437859997,0.13389603672255984,0.050458667363561346,0.051201575363742605,0.051201575363742605,0.03882744373504163,0.03882744373504163,0.012374131628701055,0.38446223500915316,0.11301433833737541,0.08343736935899863,0.012374131628701055
617,0.005284472396871851,0.00548115474076621,0.004264771647322067,0.003620066736787066,0.003018758089544843,0.0024250867117593536,0.0011949800250277125,0.001722894484920789,0.002200365730594263,0.00047747124567347406,0.13393251437662357,0.050470711823126235,0.05122373850120514,0.05122373850120514,0.03884479616826037,0.03884479616826037,0.01237894233294484,0.38450523879858234,0.11304475663407822,0.08346180255349747,0.01237894233294484
618,0.005239757630436781,0.0054375328292913935,0.0042294547168605055,0.0035925657948324584,0.0029958512284229267,0.0024069809268855175,0.001185584867946941,0.0017106245557463196,0.0021845212766314626,0.00047389672088514316,0.13396871504399144,0.050482661623376515,0.05124574215851108,0.05124574215851108,0.03886202511310958,0.03886202511310958,0.012383717045401576,0.38454788651505556,0.11307494421497366,0.08348605342061506,0.012383717045401576
619,0.005195421219717701,0.005394247860246212,0.004194425847580321,0.003565261326774664,0.002973108038762335,0.002389001322413206,0.001176260004361458,0.0016984331400272305,0.0021687798508344056,0.000470346710807175,0.13400464070193976,0.05049451747205599,0.0512675873712774,0.0512675873712774,0.038879131358667045,0.038879131358667045,0.012388456012610427,0.38459018106222415,0.11310490272725789,0.08351012322988392,0.012388456012610427
620,0.005151459963243166,0.005351297357849946,0.0041596827528821234,0.0035381520847690253,0.002950527477417527,0.0023711471287778283,0.0011670049559911967,0.0016863198439679597,0.0021531409205807987,0.0004668210766128388,0.1340402933152075,0.050506280072099605,0.05128927516978574,0.05128927516978574,0.03889611569006732,0.03889611569006732,0.012393159479718498,0.38463212532069996,0.1131346338076455,0.08353401324310805,0.012393159479718498
621,0.005107870686631109,0.005308678862892632,0.004125223163402896,0.003511236826862754,0.002928108506249818,0.0023534175797056607,0.001157819247157093,0.0016742842743238814,0.0021376039541844195,0.000463319679860538,0.1340756748360552,0.050517950121659515,0.05131080657899155,0.05131080657899155,0.038912978888507,0.038912978888507,0.012397827690484626,0.38467372214822876,0.11316413908241968,0.08355772471439583,0.012397827690484626
622,0.005064650242359615,0.005266389932645927,0.004091044826899707,0.0034845143169962606,0.0029058500921267843,0.002335811912219718,0.0011487024047765425,0.0016623260384234315,0.0021221684209225444,0.0004598423824991127,0.13411078720432382,0.050529528314131086,0.051332182618533395,0.051332182618533395,0.038929721731250234,0.038929721731250234,0.012402460887283232,0.38471497437986274,0.11319342016748218,0.0835812588901929,0.012402460887283232
623,0.005021795509539649,0.005224428140774133,0.004057145508134002,0.0034579833250039356,0.002883751206921234,0.002318329366645242,0.0011396539583586939,0.0016504447441898175,0.002106833791062831,0.00045638904687301314,0.13414563234749377,0.050541015338178855,0.05135340430274262,0.05135340430274262,0.03894634499163447,0.03894634499163447,0.012407059311108222,0.38475588482813167,0.11322247866840345,0.0836046170093151,0.012407059311108222
624,0.004979303393689698,0.005182791077245383,0.004023522988756463,0.003431642626614392,0.0028618108275097506,0.0023009691866148103,0.0011306734399995815,0.001638640000162318,0.0020915995358896647,0.00045295953572734634,0.1341802121807438,0.050552411877762445,0.05137447264065325,0.05137447264065325,0.038962849439076366,0.038962849439076366,0.012411623201576953,0.384796456283213,0.11325131618047266,0.08362780030298154,0.012411623201576953
625,0.004937170826512323,0.005141476348242993,0.00399017506719244,0.0034054910034501734,0.002840027935770815,0.0022837306190730726,0.0011217603843771008,0.0016269114155171784,0.002076465127729976,0.0004495537122127973,0.13421452860700994,0.05056371861216244,0.051395388636012146,0.051395388636012146,0.03897923583907799,0.03897923583907799,0.012416152796934227,0.38483669151310057,0.11327993428874775,0.0836508099948477,0.012416152796934227
626,0.004895394765672603,0.005100481576077001,0.003957099558527957,0.003379527243026949,0.0028184015185825167,0.00226661291428112,0.0011129143287458292,0.001615258600088103,0.00206143003997853,0.00044617143989042685,0.13424858351704444,0.050574936216006214,0.05141615328728945,0.05141615328728945,0.03899550495323316,0.03899550495323316,0.012420648334056355,0.3848765932637725,0.11330833456810545,0.08367364730103843,0.012420648334056355
627,0.00485397219457845,0.0050598043990958685,0.003924294294396285,0.0033537501387521907,0.0027969305678198597,0.002249615325820493,0.0011041348129316978,0.0016036811643863548,0.0020464937471227026,0.00044281258273634746,0.13428237878947472,0.05058606535929367,0.05143676758768923,0.05143676758768923,0.03901165753923404,0.03901165753923404,0.012425110048455259,0.38491616425935776,0.11333651858329127,0.08369631343018125,0.012425110048455259
628,0.004812900122162787,0.005019442471598385,0.003891757122865099,0.003328158489923353,0.0027756140803516746,0.0022327371105968384,0.001095421379326515,0.0015921787196204631,0.0020316557247667425,0.000439477005146279,0.13431591629086223,0.05059710670742299,0.05145723252516046,0.05145723252516046,0.0390276943508779,0.0390276943508779,0.012429538174282622,0.3849554072023017,0.11336448788896947,0.08371880958343945,0.012429538174282622
629,0.0047721755826675635,0.004979393463745748,0.0038594859083242007,0.0033027511017255607,0.0027544510580371387,0.0022159775288432136,0.0010867735728823473,0.0015807508777155436,0.00201691544965553,0.000436164571939986,0.13434919787576147,0.05060806092121626,0.051477549082408126,0.051477549082408126,0.039043616138074104,0.039043616138074104,0.012433932944334085,0.38499432477353035,0.11339224402977298,0.08374113695454542,0.012433932944334085
630,0.004731795635429607,0.004939655061473846,0.00382747853137382,0.0032775267852288115,0.002733440507721915,0.002199335844123051,0.0010781909411057605,0.0015693972513322392,0.0020022723996978376,0.000432875148365598,0.13438222538677871,0.05061892865694508,0.05149771823690468,0.05149771823690468,0.039059423646851256,0.039059423646851256,0.012438294590053484,0.3850329196326136,0.11341978854035335,0.08376329672983386,0.012438294590053484
631,0.0046917573646682795,0.004900224966405739,0.003795732888713492,0.0032524843573847064,0.002712581441233919,0.002182811323332785,0.0010696730340519218,0.0015581174538852828,0.001987726053989098,0.00042960860010381484,0.134415000654631,0.05062971056635614,0.051517740960901656,0.051517740960901656,0.03907511761936458,0.03907511761936458,0.01244262334153714,0.38507119441792736,0.11344712294543058,0.0837852900882751,0.01244262334153714
632,0.004652057879274933,0.004861100895764345,0.0037642468930315105,0.0032276226410227152,0.002691872875378716,0.0021664032367041453,0.00106121940431857,0.0015469110995616874,0.001973275892833686,0.00042636479327199815,0.13444752549820485,0.05064040729669666,0.051537618221441546,0.051537618221441546,0.039090698793903436,0.039090698793903436,0.01244691942753818,0.3851091517468145,0.11347424875984292,0.08380711820150842,0.01244691942753818
633,0.0046126943126041445,0.004822280582285331,0.003733018472894953,0.0032029404648459855,0.002671313831934559,0.002150110857806131,0.0010528296070398543,0.00153577780333857,0.0019589213977667217,0.000423143594428151,0.13447980172461507,0.05065101949073984,0.051557350980369884,0.051557350980369884,0.039106167904899056,0.039106167904899056,0.0124511830754709,0.38514679421574477,0.1135011674885967,0.08382878223387547,0.0124511830754709
634,0.004573663822266725,0.0047837617741302236,0.003702045572640289,0.0031784366634267035,0.002650903337647076,0.002133933463546657,0.0010445031998800463,0.001524717181000611,0.0019446620515753991,0.0004199448705747873,0.13451183112926354,0.05066154778681024,0.051576940194347554,0.051576940194347554,0.039121525682932444,0.039121525682932444,0.01245541451141518,0.3851841244004737,0.11352788062691604,0.08385028334245352,0.01245541451141518
635,0.004534963589924468,0.00474554223479973,0.003671326152264556,0.0031541100772010176,0.0026306404242236094,0.0021178703341738912,0.0010362397430271262,0.0015137288491571558,0.0019304973383198483,0.0004167684891626918,0.1345436154958978,0.05067199281880904,0.05159638681486331,0.05159638681486331,0.03913677285474245,0.03913677285474245,0.012459613960120929,0.3852211448562001,0.11355438966029252,0.08387162267708899,0.012459613960120929
636,0.004496590821086646,0.004707619743047289,0.0036408581873171187,0.0031299595524635305,0.0026105241283272147,0.002101920753277282,0.0010280387991862484,0.001502812425258961,0.0019164267433535351,0.00041361431809457355,0.1345751565966698,0.05068235521623931,0.05161569178824651,0.05161569178824651,0.03915191014323402,0.03915191014323402,0.012463781645012556,0.3852578581177228,0.11358069606453476,0.08389280138043073,0.012463781645012556
637,0.00445854274490822,0.00466999209279284,0.003610639668792002,0.0031059839413613696,0.0025905534915703307,0.00208608400778828,0.001019899933573089,0.001491967527614592,0.001902449753343206,0.0004104822257286133,0.13460645619219444,0.05069263560423117,0.051634856055680044,0.051634856055680044,0.03916693826748661,0.03916693826748661,0.012467917788193502,0.38529426669959593,0.11360680130581803,0.08391382058796351,0.012467917788193502
638,0.004420816613989766,0.004632657093036827,0.003580668603020798,0.0030821821018878425,0.0025707275605081226,0.0020703593879807655,0.0010118227139070766,0.001481193775406476,0.0018885658562883831,0.0004073720808819065,0.13463751603160806,0.0507028346035669,0.051653880553213474,0.051653880553213474,0.03918185794276275,0.03918185794276275,0.012472022610450788,0.3853303730962839,0.11363270684073373,0.08393468142804139,0.012472022610450788
639,0.0043834097041790835,0.004595612567774435,0.0035509430115661517,0.003058552897875689,0.0025510453866315046,0.0020547461874711767,0.001003806710404512,0.0014704907887066107,0.001874774541540415,0.0004042837528338038,0.13466833785262694,0.05071295283070597,0.051672766211776355,0.051672766211776355,0.039196669880516816,0.039196669880516816,0.012476096331259607,0.385366179782314,0.11365841411633881,0.0839553850219212,0.012476096331259607
640,0.004346319314374491,0.004558856355910063,0.0035214609311158213,0.003035095198989934,0.0025315060263598516,0.0020392437032183573,0.0009958514957715766,0.0014598581884919394,0.00186107529982109,0.00040121711132915026,0.1346989233816057,0.050722990897810016,0.05169151395719176,0.05169151395719176,0.039211374788403884,0.039211374788403884,0.012480139168787945,0.3854016892124297,0.11368392457020512,0.08397593248379591,0.012480139168787945
641,0.004309542766329784,0.004522386311172039,0.0034922204133773127,0.0030118078807203504,0.002512108541033404,0.0020238512355231155,0.0009879566451972347,0.0014492955966593918,0.0018474676232408175,0.0003981720265814251,0.13472927433359558,0.05073294941276773,0.051710124710189966,0.051710124710189966,0.039225973370288804,0.039225973370288804,0.012484151339901236,0.38543690382174084,0.11370923963046872,0.08399632492082809,0.012484151339901236
642,0.00427307740446084,0.004486200302027583,0.0034632195249730915,0.00298868982437354,0.002492851996905374,0.002008568088027509,0.0009801217363460308,0.0014388026360405975,0.001833951005316381,0.0003951483692757828,0.13475939241240278,0.0507428289792197,0.05172859938642237,0.05172859938642237,0.0392404663262554,0.0392404663262554,0.01248813306016705,0.38547182602587454,0.11373436071587906,0.08401656343318332,0.01248813306016705
643,0.004236920595653864,0.004450296211598008,0.0034344563473363648,0.002965739917064642,0.0024737354651337556,0.001993393567713855,0.0009723463493507866,0.0014283789304162743,0.0018205249409882723,0.0003921460105719973,0.13478927931064652,0.05075263019658316,0.05174693889647554,0.05174693889647554,0.0392548543526158,0.0392548543526158,0.012492084543859808,0.3855064582211242,0.1137592892358481,0.0840366491140636,0.012492084543859808
644,0.004201069729075254,0.004414671937574187,0.003405928976607443,0.0029429570517086716,0.0024547580217728496,0.0019783269849034738,0.0009646300668051975,0.0014180241045302973,0.0018071889266376092,0.00038916482210731127,0.13481893670981718,0.05076235366007667,0.05176514414588542,0.05176514414588542,0.039269138141919964,0.039269138141919964,0.012496006003965528,0.3855408027845975,0.11378402659049944,0.08405658304974073,0.012496006003965528
645,0.004165522215983079,0.004379325392132265,0.003377635523530671,0.0029203401270115037,0.0024359187477645066,0.001963367653255169,0.0009569724737563345,0.0014077377841034515,0.0017939424601026432,0.00038620467599919105,0.13484836628033425,0.050771999960744725,0.0517832160351518,0.0517832160351518,0.03928331838296527,0.03928331838296527,0.012499897652186601,0.3855748620743636,0.11380857417071717,0.08407636631958977,0.012499897652186601
646,0.0041302754895401455,0.004344254501849631,0.003349574113351933,0.0028978880474605,0.0024172167289290927,0.0019485148897634488,0.0009493731576970508,0.0013975195958468734,0.0017807850406948629,0.0003832654448479889,0.13487756968160436,0.05078156968548229,0.05180115545975283,0.05180115545975283,0.039297395760806306,0.039297395760806306,0.012503759698946593,0.3856086384295989,0.11383293335819482,0.08409599999612233,0.012503759698946593
647,0.004095327004628652,0.004309457207621155,0.0033217428857167295,0.002875599723314795,0.0023986510559561892,0.001933768014756496,0.0009418317085582989,0.0013873691674751835,0.0017677161692146984,0.00038034700173951436,0.13490654856207895,0.05079106341705926,0.051818963310159775,0.051818963310159775,0.03931137095676478,0.03931137095676478,0.012507592353395073,0.38564213417073245,0.11385710552548411,0.08411548514501996,0.012507592353395073
648,0.004060674237666409,0.004274931464575684,0.003294139994568828,0.002853474070595244,0.002380220824395025,0.0019191263518938857,0.0009343477187013578,0.0013772861277193164,0.0017547353479668323,0.00037744922024751556,0.1349353045593121,0.050800481734144844,0.05183664047185192,0.05183664047185192,0.03932524464843953,0.03932524464843953,0.012511395823412468,0.3856753515995896,0.11388109203604367,0.08413482282516753,0.012511395823412468
649,0.004026314686424616,0.004240675241992813,0.0032667636080494786,0.0028315100110740386,0.002361925134644653,0.001904589228164063,0.0009269207829099752,0.0013672701063390496,0.001741842080775122,0.00037457197443607206,0.13496383930001807,0.05080982521133186,0.05185418782533159,0.05185418782533159,0.03933901750971672,0.03933901750971672,0.012515170315614943,0.3857082929995353,0.11390489424428762,0.08415401408868647,0.012515170315614943
650,0.003992245869847177,0.004206686523219915,0.003239611908397207,0.002809706472264003,0.0023437630919438727,0.0018901559738815782,0.0009195504983824245,0.0013573207341352378,0.0017290358729971386,0.0003717151388619005,0.13499215440012882,0.05081909441916096,0.05187160624613934,0.05187160624613934,0.039352690210780104,0.039352690210780104,0.012518916035359304,0.38574096063561575,0.11392851349563407,0.08417305998096812,0.012518916035359304
651,0.003958465327871547,0.004172963305589454,0.003212683091848172,0.0027880623874075704,0.0023257338063609077,0.0018758259226840876,0.0009122364647234825,0.0013474376429617539,0.0017163162315383287,0.00036887858857657463,0.13502025146485147,0.05082828992414478,0.05188889660486931,0.05188889660486931,0.03936626341812146,0.03936626341812146,0.012522633186747923,0.3857733567546997,0.11395195112655351,0.08419196154070693,0.012522633186747923
652,0.0039249706212510956,0.0041395036003365705,0.0031859753685370886,0.0027665766954654515,0.00230783639278284,0.0018615984115291245,0.0009049782839363267,0.0013376204657371423,0.001703682664865803,0.00036606219912866056,0.13504813208872554,0.05083741228879202,0.051906059767184695,0.051906059767184695,0.039379737794551076,0.039379737794551076,0.012526321972633689,0.38580548358561817,0.11397520846461712,0.08421071979993378,0.012526321972633689
653,0.003891759331378971,0.004106305432516943,0.0031594869623987284,0.0027452483411049993,0.002290069970904809,0.001847472780690643,0.0008977755604143559,0.0013278688364559879,0.001691134683021757,0.00036326584656576897,0.1350757978556802,0.050846462071631376,0.05192309659383335,0.05192309659383335,0.039393113999208446,0.039393113999208446,0.012529982594624976,0.38583734333930353,0.11399828682854495,0.08422933578404906,0.012529982594624976
654,0.0038588290601134566,0.004073366840924933,0.003133216111069972,0.0027240762746882784,0.00227243366521898,0.0018334483737553397,0.000890627900932938,0.001318182390200004,0.0016786717976365296,0.00036048940743652535,0.13510325033909124,0.05085543982723552,0.05194000794066357,0.05194000794066357,0.039406392687573004,0.039406392687573004,0.012533615253090633,0.38586893820892754,0.11402118752825399,0.08424781051185597,0.012533615253090633
655,0.0038261774296048036,0.004040685878012014,0.0031071610657924394,0.002703059452259844,0.0022549266050032883,0.0018195245376187595,0.0008835349146410838,0.0013085607631488439,0.0016662935219413037,0.0003577327587924595,0.1351304911018381,0.05086434610624485,0.051956794658639935,0.051956794658639935,0.03941957451147501,0.03941957451147501,0.012537220147164999,0.3859002703700382,0.11404391186490619,0.08426614499559353,0.012537220147164999
656,0.003793802082123532,0.004008260609805483,0.0030813200913156753,0.002682196835534238,0.00223754792430996,0.0018057006224811848,0.0008764962130530525,0.0012990035925906384,0.0016539993707804545,0.00035499577818981574,0.13515752169636072,0.05087318145539126,0.05197345759385935,0.05197345759385935,0.0394326601191065,0.0394326601191065,0.012540797474752924,0.3859313419806961,0.11406646113095623,0.08428434024096972,0.012540797474752924
657,0.003761700679890179,0.003976089115827458,0.0030556914658009028,0.0026614873918832074,0.0022202967619538213,0.0017919759818433186,0.000869511410039888,0.0012895105169322648,0.0016417888606235498,0.00035227834369128466,0.13518434366471607,0.05088194641752179,0.05198999758756716,0.05198999758756716,0.0394456501550324,0.0394456501550324,0.012544347432534821,0.38596215518160926,0.11408883661019932,0.08430239724719453,0.012544347432534821
658,0.003729870904906493,0.003944169489014177,0.003030273480725337,0.0026409300943226527,0.002203172261500395,0.0017783499725017604,0.0008625801218208915,0.0012800811757093487,0.0016296615095770075,0.0003495803338676584,0.1352109585386349,0.05089064153162219,0.05200641547617339,0.05200641547617339,0.039458545260201726,0.039458545260201726,0.012547870215971734,0.3859927120962673,0.11411103957781886,0.08432031700701297,0.012547870215971734
659,0.0036983104587880538,0.003912499835635575,0.0030050644407870583,0.002620523921499311,0.0021861735712537926,0.0017648219545442813,0.0008557019669550288,0.0012707152095960052,0.0016176168373954153,0.00034690162779940967,0.13523736783957813,0.0508992673328404,0.052022712091269165,0.052022712091269165,0.03947134607195882,0.03947134607195882,0.01255136601931041,0.38602301483107454,0.11413307130043386,0.08433810050673798,0.01255136601931041
660,0.0036670170625983083,0.003881078275215166,0.0029800626638104457,0.0026002678576771804,0.0021692998442444074,0.0017513912913449023,0.0008488765663322774,0.0012614122604143192,0.0016056543654925162,0.0003442421050781966,0.1352635730787931,0.05090782435250995,0.05203888825964312,0.05203888825964312,0.03948405322405478,0.03948405322405478,0.012554835035588404,0.3860530654754824,0.1141549330361464,0.08435574872628343,0.012554835035588404
661,0.003635988456684015,0.003849902940450213,0.0029552664806521685,0.002580160892723694,0.0021525502382164097,0.0017380573495587794,0.0008421035431649142,0.001252171971143572,0.0015937736169518665,0.0003416016458082941,0.13528957575736988,0.050916313118173274,0.052054944803298045,0.052054944803298045,0.03949666734665892,0.03949666734665892,0.012558277456639186,0.3860828661021205,0.11417662603458885,0.08437326263919688,0.012558277456639186
662,0.003605222400512073,0.0038189719771322067,0.002930674235107733,0.002560202022095644,0.002135923915615054,0.0017248194991168985,0.0008353825229787448,0.0012429939859292158,0.001581974116537169,0.00033898013060795274,0.13531537736629712,0.05092473415360493,0.05207088253946757,0.05207088253946757,0.03950918906637036,0.03950918906637036,0.012561693473097268,0.38611241876692703,0.11419815153697101,0.08439064321269246,0.012561693473097268
663,0.0035747166725077404,0.0037882835440676338,0.0029062842838185883,0.0025403902468248657,0.0021194200435737972,0.0017116771132205857,0.0008287131336042791,0.0012338779500915996,0.0015702553907022874,0.00033637744061068743,0.13534097938651807,0.05093308797883472,0.05208670228063294,0.05208670228063294,0.03952161900622965,0.03952161900622965,0.012565083274403348,0.3861417255092781,0.11421951077612716,0.08440789140768364,0.012565083274403348
664,0.0035444690698942134,0.003757835812999054,0.0028820949961797793,0.0025207245735036888,0.002103037793901239,0.0016986295683358358,0.0008220950051678522,0.0012248235101344498,0.0015586169676009452,0.00033379345746649506,0.13536638328898631,0.05094137511017076,0.05210240483453996,0.05210240483453996,0.039533957785730565,0.039533957785730565,0.012568447048809455,0.3861707883521163,0.1142407049765629,0.08442500817881585,0.012568447048809455
665,0.00351447740853357,0.0037276269685264786,0.002858104754248159,0.0025012040142701566,0.0020867763430678803,0.0016856762441874618,0.0008155277700826939,0.0012158303137531107,0.0015470583770961154,0.00033122806334300443,0.13539159053472136,0.05094959606022244,0.05211799100421597,0.05211799100421597,0.03954620602083191,0.03954620602083191,0.01257178498338412,0.38619960930207814,0.11426173535450192,0.08444199447449921,0.01257178498338412
666,0.003484739522769055,0.003697655208029055,0.002834311952651147,0.002481827586793022,0.0020706348721927148,0.0016728165237530714,0.0008090110630399499,0.0012068980098425455,0.0015355791507691036,0.0003286811409265578,0.13541660257486407,0.05095775133792327,0.05213346158798693,0.05213346158798693,0.03955836432396945,0.03955836432396945,0.01257509726401755,0.38622819034962064,0.11428260311793259,0.08445885123694108,0.01257509726401755
667,0.0034552532652687017,0.0036679187415870587,0.002810714998496042,0.002462594314256526,0.002054612567029648,0.0016600497932568721,0.0008025445209996529,0.0011980262485051024,0.001524178821928329,0.0003261525734232264,0.135441420850732,0.05096584144855367,0.05214881737949462,0.05214881737949462,0.03957043330406787,0.03957043330406787,0.012578384075426816,0.3862565334691471,0.11430330946665451,0.0844755794021786,0.012578384075426816
668,0.003426016506870274,0.003638415791904192,0.002787312311279876,0.0024435032253449602,0.0020387086179537556,0.0016473754421633092,0.0007961277831816502,0.00118921468105805,0.0015128569256178104,0.00032364224455976015,0.13546604679387456,0.05097386689376367,0.052164059167713904,0.052164059167713904,0.03958241356655292,0.03958241356655292,0.012581645601161049,0.3862846406191321,0.1143238555923248,0.08449217990011117,0.012581645601161049
669,0.0033970271364275255,0.0036091445942301953,0.0027641023227998208,0.002424553354227026,0.0020229222199473805,0.0016347928631705402,0.0007897604910564852,0.0011804629600408849,0.0015016129986253582,0.0003211500385844732,0.135490481826128,0.05098182817159548,0.052179187736970084,0.052179187736970084,0.039594305713363497,0.039594305713363497,0.012584882023606647,0.3863125137422449,0.11434424267850433,0.0845086536545328,0.012584882023606647
670,0.003368283060657754,0.0035801033962837695,0.002741083477064135,0.0024057437405399875,0.002007252572586075,0.0016223014522037493,0.0007834422883362376,0.001171770739222411,0.0014904465794904774,0.00031867584026806615,0.13551472735967027,0.05098972577650605,0.052194203866956335,0.052194203866956335,0.03960611034296391,0.03960611034296391,0.012588093523992492,0.3863401547654729,0.11436447190070381,0.0845250015831645,0.012588093523992492
671,0.0033397822039906507,0.0035512904581758093,0.002718254230203657,0.0023870734293736286,0.001991698880024393,0.0016099006084083056,0.0007771728209653222,0.0011631376736076018,0.001479357208511988,0.000316219534904386,0.13553878479707568,0.05099756019938941,0.05220910833275124,0.05220910833275124,0.03961782805035613,0.03961782805035613,0.012591280282395173,0.38636756560024355,0.11438454442642967,0.08454122459768654,0.012591280282395173
672,0.003311522508418422,0.003522704052332953,0.00269561305038384,0.0023685414712540176,0.001976260350981532,0.001597589734142767,0.0007709517371112497,0.0011545634194442393,0.0014683444277553644,0.00031378100831112486,0.13556265553136942,0.05100533192759907,0.05222390190483636,0.05222390190483636,0.03962945942709221,0.03962945942709221,0.012594442477744217,0.3863947481425456,0.11440446141522992,0.08455732360377062,0.012594442477744217
673,0.003283501933347189,0.0034943424634214467,0.0026731584177173205,0.0023501469221270848,0.001960936198726838,0.0015853682349717352,0.0007647786871553487,0.0011460476342293401,0.001457407781059799,0.0003113601468304586,0.13558634094608196,0.05101304144497018,0.052238585349113915,0.052238585349113915,0.03964100506128665,0.03964100506128665,0.012597580287827329,0.38642170427304945,0.11442422401873974,0.08457329950111205,0.012597580287827329
674,0.003255718455449636,0.003466203988271327,0.002650888824177034,0.002331888843342018,0.0019457256410651644,0.0015732355196585639,0.0007586533236834532,0.0011375899767153681,0.0014465468140449945,0.0003089568373296262,0.13560984241530324,0.051020689231841734,0.05225315942692451,0.05225315942692451,0.039652465537628946,0.039652465537628946,0.012600693889295633,0.3864484358572266,0.114443833380727,0.08458915318346176,0.012600693889295633
675,0.0032281700685189083,0.0034382869358009164,0.002628802773509861,0.0023137663016344796,0.0019306279003221017,0.0015611910001579231,0.0007525753014765554,0.0011291901069162376,0.0014357610741176886,0.0003065709672014509,0.13563316130373668,0.05102827576507857,0.05226762489506496,0.05226762489506496,0.0396638414373961,0.0396638414373961,0.01260378345766893,0.3864749447454684,0.11446329063713766,0.08460488553865834,0.01260378345766893
676,0.0032008547833237483,0.003410589626941645,0.00260689878115081,0.0022957783691096518,0.0019156422033290712,0.001549234091608224,0.0007465442775014268,0.0011208476861131094,0.0014250501104779141,0.0003042024243648047,0.13565629896675302,0.05103580151809333,0.05228198250580614,0.05228198250580614,0.03967513333846526,0.03967513333846526,0.012606849167340943,0.3865012327732035,0.11448259691614088,0.08462049744865992,0.012606849167340943
677,0.003173770627464855,0.0033831103945631867,0.0025851753741377315,0.002277924123225114,0.0019007677814082949,0.0015373642123239061,0.000740559910901207,0.0011125623768599852,0.001414413474125001,0.0003018510972650157,0.13567925675044412,0.05104326696086835,0.052296233006910914,0.052296233006910914,0.03968634181532639,0.03968634181532639,0.012609891191584592,0.38652730176101496,0.11450175333817417,0.084635989789576,0.012609891191584592
678,0.0031469156452324605,0.0033558475833989168,0.002563631091026564,0.002260202646773557,0.0018860038703576393,0.0015255807837875914,0.0007346218629859643,0.0011043338429890994,0.0014038507178633208,0.0002995168748742214,0.13570203599167638,0.05105067255997736,0.05231037714165216,0.05231037714165216,0.03969746743909499,0.03969746743909499,0.012612909702557242,0.38655315351475633,0.11452076101598825,0.08465136343169924,0.012612909702557242
679,0.003120287897465109,0.0033287995499716953,0.0025422644818071114,0.0022426130278653364,0.00187134971043534,0.0015138832306421071,0.000728729797223228,0.0010961617496161142,0.001393361396307781,0.0002971996466916668,0.1357246380181441,0.051058018778607224,0.052324415648830794,0.052324415648830794,0.03970851077752488,0.03970851077752488,0.012615904871305985,0.3865787898256666,0.11453962105469183,0.08466661923953711,0.012615904871305985
680,0.0030938854614096347,0.0033019646625199683,0.002521074107819343,0.0022251543599108763,0.0018568045463446094,0.0015022709806823812,0.0007228833792284938,0.0010880457631451202,0.0013829450658890698,0.0002948993027439496,0.13574706414842275,0.051065306076579456,0.05233834926279387,0.05233834926279387,0.03971947239502104,0.03971947239502104,0.012618876867772902,0.3866042124704847,0.11455833455179618,0.08468175807184353,0.012618876867772902
681,0.0030677064305823223,0.0032753413009241955,0.002500058541670224,0.0022078257416029185,0.0018423676272181324,0.001490743464847212,0.000717082276755705,0.001079985551273445,0.0013726012848586581,0.00029261573358521306,0.13576931569202186,0.05107253491037174,0.05235217871345276,0.05235217871345276,0.039730352852652494,0.039730352852652494,0.01262182586080034,0.3866294232115629,0.11457690259725963,0.08469678078165035,0.01262182586080034
682,0.003041748914631241,0.0032489278566336017,0.002479216367151067,0.0021906262768986292,0.0018280382066024512,0.0014793001172109179,0.0007113261596877099,0.0010719807829962726,0.00136232961329356,0.0002903488302972873,0.1357913939494379,0.051079705733139295,0.05236590472630135,0.05236590472630135,0.03974115270816523,0.03974115270816523,0.012624752018136193,0.3866544237969796,0.1145953262735318,0.08471168821629883,0.012624752018136193
683,0.0030160110391997457,0.003222722732593253,0.0024585461791554043,0.0021735550750015637,0.001813815542442245,0.001467940374974866,0.0007056147000266964,0.0010640311286110767,0.0013521296131008568,0.0002880984844897801,0.1358133002122069,0.051086818994736174,0.052379528022434285,0.052379528022434285,0.03975187251599519,0.03975187251599519,0.012627655506439166,0.38667921596065113,0.11461360665559783,0.08472648121747094,0.012627655506439166
684,0.0029904909457911326,0.003196724343171459,0.0024380465835973815,0.002156611250343495,0.0017996988970645073,0.0014566636784588873,0.0006999475718846068,0.0010561362597218704,0.0013420008480219884,0.00028586458830011797,0.1358350357629569,0.05109387514173644,0.052393049318565296,0.052393049318565296,0.039762512827281306,0.039762512827281306,0.012630536491284065,0.3867038014224427,0.11463174481102226,0.08474116062122068,0.012630536491284065
685,0.0029651867916344384,0.0031709311140875013,0.0024177161973306695,0.002139793922566109,0.0017856875371626228,0.0014454694710925755,0.0006943244514735325,0.0010482958492432758,0.0013319428836368146,0.0002836470343935386,0.13585660187546034,0.051100874617455286,0.05240646932704551,0.05240646932704551,0.03977307418987852,0.03977307418987852,0.012633395137167066,0.3867281818882786,0.1146497417999929,0.08475572725800527,0.012633395137167066
686,0.0029400967495513777,0.0031453414823396897,0.002397553648067891,0.0021231022165025706,0.0017717807337803498,0.0014343571994064786,0.0006887450170960908,0.0010405095714044153,0.0013219552873674509,0.0002814457159630355,0.13587799981468598,0.05110781786197002,0.05241978875588188,0.05241978875588188,0.03978355714837095,0.03978355714837095,0.012636231607511001,0.3867523590502519,0.11466759867536454,0.0847701819527162,0.012636231607511001
687,0.002915219007824404,0.003119953896133745,0.0023775575743005626,0.002106535262158967,0.0017579777622957092,0.0014233263130231804,0.0006832089491357852,0.0010327771017526273,0.0013120376284818825,0.00027926052672925524,0.13589923083685101,0.05111470531214098,0.05243300830875555,0.05243300830875555,0.039793962244085,0.039793962244085,0.012639046064670631,0.38677633458673255,0.11468531648270235,0.08478452552471026,0.012639046064670631
688,0.00289055177006589,0.003094766814811509,0.002357726625219544,0.0020900921946956294,0.0017442779024047826,0.0014123762646482785,0.0006777159300473495,0.0010250981171570097,0.0013021894780973586,0.00027709136094034904,0.1359202961894726,0.05112153740163234,0.05244612868504037,0.05244612868504037,0.03980429001510252,0.03980429001510252,0.012641838669937924,0.38680011016247556,0.1147028962603253,0.08479875878784049,0.012641838669937924
689,0.0028660932550884093,0.0030697787087799874,0.0023380594606360054,0.002073772154408339,0.0017306804381054272,0.0014015065100612594,0.0006722656443470784,0.0010174722958117934,0.0012924104091835721,0.00027493811337177883,0.13594119711141955,0.051128314560932815,0.05245915057982135,0.05245915057982135,0.03981454099627409,0.03981454099627409,0.012644609583547328,0.38682368742872775,0.11472033903934935,0.08481288255048697,0.012644609583547328
690,0.0028418416967761232,0.0030449880594407147,0.0023185547509028937,0.0020575742867094196,0.0017171846576809033,0.0013907165081062738,0.0006668577786031443,0.0010098993172395485,0.001282699996565627,0.00027280067932607864,0.13596193483296365,0.051135037217376285,0.052472074683913184,0.052472074683913184,0.03982471571923221,0.03982471571923221,0.012647358964681046,0.38684706802333413,0.1147376458437304,0.08482689761558758,0.012647358964681046
691,0.002817795343957248,0.0030203933591194557,0.002299211176836912,0.0020414977421087197,0.0017037898536834252,0.0013800057206828154,0.0006614920214259029,0.0010023788622942253,0.001273057816926798,0.0002706789546325728,0.13598251057583075,0.051141705795162314,0.05248490168387884,0.05248490168387884,0.03983481471240461,0.03983481471240461,0.012650086971474307,0.38687025357084315,0.11475481769030721,0.08484080478066865,0.012650086971474307
692,0.00279395246027761,0.002995993110996231,0.002280027429640998,0.002025541676194494,0.001690495322917632,0.0013693736127363047,0.0006561680634581882,0.000994910613164033,0.0012634834488110837,0.00026857283564705087,0.13600292555325183,0.051148320715376575,0.05249763226204811,0.05249763226204811,0.03984483850102755,0.03984483850102755,0.012652793761020633,0.3868932456826115,0.11477185558884405,0.08485460483787548,0.012652793761020633
693,0.002770311324075261,0.0029717858290356763,0.002261002210827305,0.0020097052496141797,0.001677300366423986,0.001358819652248581,0.0006508855973655973,0.0009874942533741591,0.00125397647262556,0.0002664822192514008,0.13602318097001379,0.05115488239601115,0.052510267096536216,0.052510267096536216,0.039854787607159194,0.039854787607159194,0.012655479489377104,0.38691604595690793,0.11478876054207322,0.08486829857400284,0.012655479489377104
694,0.002746870228256163,0.002947770037917729,0.0022421342321406854,0.0019939876280550737,0.001664204289462098,0.0013483433102283045,0.000645644317826768,0.0009801294677893322,0.0012445364706425328,0.0002644070028532008,0.13604327802250993,0.05116139125198481,0.05252280686126247,0.05252280686126247,0.03986466254969293,0.03986466254969293,0.012658144311569617,0.3869386559790162,0.11480553354573746,0.08488188677052533,0.012658144311569617
695,0.0027236274801709184,0.0029239442729686485,0.002223422215482667,0.0019783879822249215,0.001651206401493985,0.0013379440607012723,0.0006404439215236478,0.0009728159426162274,0.0012351630270014979,0.0002623470843852706,0.13606321789879047,0.051167847695163075,0.052535252225968894,0.052535252225968894,0.03987446384437082,0.03987446384437082,0.012660788381598148,0.3869610773213376,0.11482217558863207,0.08489537020362761,0.012660788381598148
696,0.0027005814014925485,0.002900307080092364,0.0022048648928359293,0.0019629054878324086,0.001638306016167262,0.0013276213807006487,0.0006352841071317585,0.0009655533654057225,0.0012258557277109057,0.00026030236230518343,0.1360830017786127,0.05117425213437831,0.05254760385623891,0.05254760385623891,0.03988419200379698,0.03988419200379698,0.012663411852442,0.3869833115434924,0.11483868765264701,0.08490874964423463,0.012663411852442
697,0.0026777303280953037,0.0028768570157021553,0.002186461006189269,0.0019475393255675689,0.0016255024512982694,0.0013173747502571134,0.000630164575310454,0.0009583414250550021,0.0012166141606497404,0.00025827273559473853,0.13610263083349103,0.05118060497544963,0.05255986241351602,0.05255986241351602,0.03989384753745104,0.03989384753745104,0.012666014876065052,0.38700536019242077,0.11485507071280869,0.08492202585804164,0.012666014876065052
698,0.002655072609934497,0.0028535926466526636,0.002168209307463059,0.0019322886810821077,0.0016127950288551424,0.0013072036523889307,0.0006250850286931757,0.0009511798118095151,0.001207437915568911,0.000256258103759396,0.1361221062267467,0.05118690662120273,0.05257202855512252,0.05257202855512252,0.03990343095170159,0.03990343095170159,0.012668597603420999,0.3870272248024826,0.11487132573732167,0.0849351996055442,0.012668597603420999
699,0.002632606610927359,0.002830512550172233,0.002150108558435197,0.0019171527449696444,0.00160018307494082,0.001297107573091939,0.0006200451718777042,0.0009440682172647866,0.0011983265840924606,0.00025425836682767397,0.1361414291135575,0.05119315747148966,0.052584102934278204,0.052584102934278204,0.039912942749819685,0.039912942749819685,0.012671160184458593,0.3870489068955572,0.11488745368761022,0.08494827164206809,0.012671160184458593
700,0.0026103307088348967,0.0028076153137955853,0.002132157530667538,0.0019021307127458776,0.0015876659197760008,0.0012870860013294674,0.000615044711416409,0.0009370063343680866,0.0011892797597185957,0.000252273425350509,0.1361606006410072,0.05119935792320844,0.05259608620011913,0.05259608620011913,0.039922383431992337,0.039922383431992337,0.01267370276812687,0.38707040798114156,0.11490345551835962,0.08496124271779901,0.01267370276812687
701,0.0025882432951447555,0.0027848995352968225,0.0021143550054328153,0.0018872217848286766,0.0015752428976820454,0.0012771384290221773,0.000610083355806498,0.0009299938574199589,0.0011802970378205397,0.00025030318040058087,0.13617962194813468,0.0512055083703226,0.05260797899771632,0.05260797899771632,0.039931753495336016,0.039931753495336016,0.012676225502380374,0.3870917295564482,0.11491933217755738,0.0849741135778123,0.012676225502380374
702,0.002566342774955069,0.0027623638226227623,0.0020966997736420394,0.0018724251665181014,0.0015629133470638288,0.0012672643510378342,0.0006051608154802661,0.0009230304820756107,0.0011713780156472125,0.0002483475335716017,0.13619849416598298,0.05121160920388067,0.052619781968094526,0.052619781968094526,0.03994105343391022,0.03994105343391022,0.012678728534184381,0.38711287310650255,0.1149350846065342,0.08498688496210252,0.012678728534184381
703,0.0025446275668592954,0.002740006793826606,0.002079190635772382,0.0018577400679763566,0.0015506766103925455,0.0012574632651810092,0.0006002768027953462,0.0009161159053461671,0.0011625222923237382,0.00024640638697757104,0.13621721841764817,0.05121766081203547,0.052631495748250996,0.052631495748250996,0.039950283738730975,0.039950283738730975,0.012681212009520097,0.38713384010423896,0.11495071374000485,0.0849995576056129,0.012681212009520097
704,0.0025230961028320244,0.0027178270770019343,0.0020618264017955345,0.001843165704207678,0.0015385320341884693,0.001247734672182716,0.0005954310320249608,0.0009092498255997906,0.001153729468851787,0.00024447964325199635,0.13623579581832793,0.051223663580063424,0.05264312097117423,0.05264312097117423,0.039959444897784434,0.039959444897784434,0.012683676073389874,0.38715463201059663,0.11496622050610877,0.0850121322382647,0.012683676073389874
705,0.002501746828115753,0.0026958233102170348,0.0020446058911065446,0.0018287012950381604,0.001526478969003671,0.0012380780756899817,0.0005906232193481775,0.0009024319425626699,0.0011449991481097513,0.00024256720554708124,0.13625422747537,0.051229617890383675,0.05265465826586275,0.05265465826586275,0.039968537396040435,0.039968537396040435,0.012686120869822393,0.3871752502746146,0.11498160582645066,0.08502460958498653,0.012686120869822393
706,0.00248057820110862,0.0026739941414495633,0.0020275279324531255,0.0018143460650955246,0.0015145167694046952,0.0012284929822553555,0.0005858530828401679,0.0008956619573198787,0.0011363309348527593,0.0002406689775328805,0.13627251448832037,0.051235524122577154,0.052666108257343844,0.052666108257343844,0.03997756171546606,0.03997756171546606,0.012688546541877864,0.38719569633352563,0.1149968706161407,0.08503699036574343,0.012688546541877864
707,0.0024595886932530855,0.002652338228521531,0.002010591363865437,0.0018000992437888297,0.001502644793955198,0.001218978901326357,0.0005811203424624716,0.0008889395723161069,0.0011277244357125308,0.00023878486339642372,0.13629065794897133,0.051241382653405554,0.05267747156669237,0.05267747156669237,0.03998651833503926,0.03998651833503926,0.012690953231653193,0.3872159716128501,0.11501201578383474,0.08504927529556598,0.012690953231653193
708,0.0024387767889255596,0.0026308542390346247,0.001993795032586335,0.0017859600652881333,0.0014908624051985524,0.0012095353452348668,0.0005764247200532655,0.0008822644913562672,0.001119179259197075,0.0002369147678408076,0.13630865894140923,0.05124719385683018,0.05268874881104949,0.05268874881104949,0.03999540773076242,0.03999540773076242,0.012693341080287157,0.38723607752648875,0.11502704223177429,0.08506146508457925,0.012693341080287157
709,0.0024181409853269585,0.0026095408503058574,0.0019771377950020905,0.0017719277685040993,0.0014791689696404162,0.0012001618291864592,0.0005717659393176392,0.0008756364196059781,0.0011106950156902359,0.00023505859608425778,0.1363265185420621,0.05125295810403071,0.052699940603641464,0.052699940603641464,0.040004230375675985,0.040004230375675985,0.012695710227965566,0.38725601547681454,0.11504195085582627,0.0850735604380316,0.012695710227965566
710,0.002397679792374192,0.0025883967493035465,0.0019606185165735703,0.0017580015970675615,0.001467563857731272,0.0011908578712496818,0.0005671437258178788,0.0008690550635919255,0.0011022713174510864,0.00023321625385916084,0.13634423781974714,0.05125867576342388,0.052711047553798365,0.052711047553798365,0.040012986739872046,0.040012986739872046,0.012698060813926408,0.38727578685476455,0.11505674254552267,0.08508556205632346,0.012698060813926408
711,0.0023773917325925643,0.002567420632583624,0.0019442360717678827,0.0017441807993090405,0.0014560464438489352,0.0011816229923452817,0.0005625578069637577,0.0008625201312021063,0.0010939077786131734,0.000231387647411067,0.13636181783571782,0.05126434720068206,0.05272207026697288,0.05272207026697288,0.04002167729050796,0.04002167729050796,0.012700392976464999,0.3872953930399302,0.11507141818409998,0.08509747063503596,0.012700392976464999
712,0.002357275341009089,0.0025466112062262733,0.0019279893439904825,0.0017304646282382194,0.0014446161062810377,0.0011724567162353812,0.0005580079120028371,0.0008560313316859537,0.0010856040151836182,0.00022957268349766446,0.13637925964371092,0.0512699727787517,0.05273300934475901,0.05273300934475901,0.040030302491819984,0.040030302491819984,0.01270270685293911,0.38731483540064787,0.11508597864853846,0.08510928686495942,0.01270270685293911
713,0.002337329165046704,0.0025259671857728993,0.0019118772255177347,0.0017168523415233812,0.001433272227207485,0.0011633585695126048,0.0005534937720107755,0.0008495883756543483,0.0010773596450420737,0.00022777126938772535,0.1363965642899933,0.05127555285787173,0.05274386538491085,0.05274386538491085,0.04003886280513684,0.04003886280513684,0.012705002579774086,0.3873341152940878,0.11510042480960128,0.08512101143212177,0.012705002579774086
714,0.002317551764419386,0.002505487296163421,0.001895898617429933,0.001703343201470809,0.0014220141926828914,0.0011543280815891586,0.0005490151198816493,0.000843190975079516,0.0010691742879395407,0.00022598331286002472,0.13641373281340854,0.05128108779559183,0.05275463898136127,0.05275463898136127,0.040047358688893385,0.040047358688893385,0.012707280292467964,0.387353234066343,0.11511475753187336,0.0851326450178169,0.012707280292467964
715,0.002297941711028145,0.0024851702716738966,0.0018800524295447727,0.0016899364750041514,0.0014108413926189937,0.001145364784685866,0.0005445716903182845,0.0008368388432948144,0.0010610475654970468,0.00022420872220223247,0.13643076624542325,0.051286577946790646,0.05276533072424067,0.05276533072424067,0.04005579059864418,0.04005579059864418,0.012709540125596564,0.3873721930525173,0.11512897767380019,0.08514418829863278,0.012709540125596564
716,0.002278497588857907,0.002465014855854476,0.0018643375803512757,0.0016766314336437583,0.0013997532207670467,0.0011364682138211577,0.0005401632198225998,0.0008305316949944108,0.0010529791012041899,0.00022244740620977924,0.1364476656101733,0.05129202366369383,0.052775941199895635,0.052775941199895635,0.040064158987077124,0.040064158987077124,0.012711782212818587,0.3873909935768127,0.11514308608772637,0.08515564194647963,0.012711782212818587
717,0.002259217993875263,0.0024450198014676783,0.0018487529969441635,0.001663427353485986,0.0013887490747002016,0.001127637906800022,0.0005357894466859633,0.0008242692462328518,0.0010449685204175483,0.00022069927418469666,0.13646443192450974,0.051297425295892055,0.05278647099090768,0.05278647099090768,0.04007246430402707,0.04007246430402707,0.012714006686880684,0.38740963695261627,0.11515708361993404,0.08516700662861784,0.012714006686880684
718,0.0022401015339270874,0.0024251838704269987,0.001833297614958677,0.0016503235151824767,0.00137782835579587,0.0011188734042029138,0.0005314501109795622,0.0008180512144245289,0.0010370154503589614,0.00021896423593443254,0.1364810661980446,0.051302783190358914,0.05279692067611185,0.05279692067611185,0.0400807069964894,0.0400807069964894,0.01271621367962253,0.38742812448258573,0.11517097111068104,0.08517828300768585,0.01271621367962253
719,0.002221146828640012,0.002405505833735839,0.0018179703785058423,0.0016373192039194136,0.001366990469218074,0.0011101742493746269,0.0005271449545447861,0.0008118773183430391,0.0010291195201136806,0.0002172422017706417,0.1364975694331964,0.05130809769146871,0.052807290830615444,0.052807290830615444,0.040088887508633646,0.040088887508633646,0.012718403321981875,0.38744645745873524,0.115184749394239,0.08518947174172788,0.012718403321981875
720,0.0022023525093207504,0.0023859844714267673,0.0018027702401081757,0.0016244137093967535,0.0013562348238997852,0.0011015399884131269,0.000522873720983626,0.0008057472781204451,0.0010212803606283976,0.0002155330825079528,0.1365139426252356,0.05131336914101416,0.05281758202581658,0.05281758202581658,0.040097006281817074,0.040097006281817074,0.012720575743999582,0.3874646371625203,0.11519841929893118,0.08520057348422162,0.012720575743999582
721,0.0021837172188572673,0.002366618572501099,0.0017876961606358337,0.0016116063258074412,0.001345560832525256,0.0010929701701583524,0.000518636155649088,0.0007996608152464344,0.0010134976047091462,0.00021383678946271185,0.1365301867623296,0.051318597878224,0.05282779482942286,0.05282779482942286,0.040105063754598276,0.040105063754598276,0.012722731074824661,0.3874826648649213,0.11521198164717018,0.08521158888410575,0.012722731074824661
722,0.002165239611620783,0.0023474069348688063,0.0017727471092431962,0.001598896351816605,0.0013349679115123405,0.0010844643461809808,0.0005144320056356233,0.0007936176525673817,0.0010057708870190847,0.00021215323445170306,0.13654630282558766,0.05132378423978049,0.05283792980546995,0.05283792980546995,0.04011306036275074,0.04011306036275074,0.012724869442719288,0.38750054182652766,0.11522543725549543,0.08522251858580733,0.012724869442719288
723,0.002146918353368607,0.0023283483652887503,0.0017579220633058873,0.0015862830905407383,0.0013244554809948121,0.0010760220707711622,0.0005102610197695753,0.0007876175142853135,0.0009980998440761604,0.00021048232979084712,0.13656229178910584,0.051328928559836846,0.052847987514340146,0.052847987514340146,0.040120996539276414,0.040120996539276414,0.012726990975063805,0.38751826929762007,0.11523878693461055,0.08523336322926914,0.012726990975063805
724,0.002128752121147796,0.002309441679309235,0.001743220008358229,0.001573765849526868,0.0013140229648046756,0.001067642900927224,0.0005061229485996435,0.0007816601259567791,0.000990484114250657,0.00020882398829387807,0.13657815462001124,0.051334031170034544,0.052857968512780906,0.052857968512780906,0.04012887271441927,0.04012887271441927,0.012729095798361713,0.3875358485182531,0.1152520314894205,0.08524412344997685,0.012729095798361713
725,0.0021107396031996226,0.002290685701208888,0.0017286399380311264,0.0015613439407317123,0.0013036697904544772,0.0010593263963443464,0.0005020175443873653,0.0007757452144916286,0.000982923337762627,0.00020717812327099872,0.13659389227850652,0.05133909239952054,0.052867873353923414,0.052867873353923414,0.04013668931567884,0.04013668931567884,0.012731184038244652,0.3875532807183367,0.11526517171906854,0.08525479987898613,0.012731184038244652
726,0.0020928794988648567,0.0022720792639378596,0.0017141808539903813,0.0015490166805008285,0.0012933953891196136,0.001051072119403211,0.000497944561097617,0.0007698725081516993,0.0009754171566792146,0.00020554464852751557,0.13660950571791383,0.051344112574964414,0.05287770258730104,0.05287770258730104,0.040144446767823756,0.040144446767823756,0.012733255819477362,0.38757056711771704,0.11527820841697309,0.08526539314294956,0.012733255819477362
727,0.0020751705184898464,0.002253621209059347,0.0016998417658754305,0.0015367833895477564,0.0012831991956206428,0.0010428796351586223,0.0004939037543891335,0.0007640417365494134,0.0009679652149118665,0.00020392347836245333,0.13662499588471885,0.05134909202057539,0.05288745675886783,0.05288745675886783,0.04015214549290527,0.04015214549290527,0.012735311265962636,0.3875877089262569,0.11529114237086428,0.08527590386414359,0.012735311265962636
728,0.0020576113833333937,0.002235310386691436,0.0016856216912385122,0.0015246433929331554,0.0012730806484055955,0.0010347485113281075,0.0004898948816050474,0.0007582526306462871,0.0009605671582134368,0.00020231452756714995,0.13664036371861432,0.05135403105811928,0.05289713641101695,0.05289713641101695,0.040159785910270765,0.040159785910270765,0.012737350500746262,0.38760470734391556,0.11530397436282049,0.08528633266049518,0.012737350500746262
729,0.0020402008254744187,0.002217145655449267,0.0016715196554842502,0.00151259602004394,0.0012630391895322927,0.0010266783182804908,0.00048591770176344867,0.0007525049227513539,0.0009532226341751858,0.0002007177114238322,0.13665561015254366,0.05135893000693533,0.05290674208259908,0.05290674208259908,0.04016736843657723,0.04016736843657723,0.012739373646021934,0.3876215635608279,0.11531670516930455,0.08529668014560846,0.012739373646021934
730,0.0020229375877204043,0.002199125882387517,0.0016575346918096601,0.0015006406045724135,0.0012530742646506676,0.0010186686290244477,0.0004819719755479654,0.0007467983465195036,0.000945931292223676,0.0001991329457041728,0.1366707361127441,0.051363789183952964,0.05291627430894083,0.05291627430894083,0.04017489348580474,0.04017489348580474,0.012741380823136172,0.3876382787573827,0.11532933556119987,0.08530694692879126,0.012741380823136172
731,0.002005820423516616,0.0021812499429432024,0.0016436658411445727,0.001488776484495405,0.001243185322985094,0.0010107190191970393,0.00047805746529836526,0.000741132636949738,0.0009386927836175668,0.00019756014666782917,0.13668574251878984,0.051368608903708445,0.05292573362186307,0.05292573362186307,0.040182361469269935,0.040182361469269935,0.012743372152593213,0.38765485410430084,0.11534186630384638,0.0853171336150815,0.012743372152593213
732,0.001988848096856091,0.0021635167208788005,0.0016299121520924715,0.001477003002053407,0.001233371817316725,0.0010028290670522277,0.00047417393500117895,0.0007355075303833454,0.0009315067614443094,0.00019599923106096442,0.1367006302836348,0.051373389478361425,0.05293512054969925,0.05293512054969925,0.040189772795639435,0.040189772795639435,0.012745347754059892,0.38767129076271223,0.11535429815707623,0.08532724080527347,0.012745347754059892
733,0.0019720193821903854,0.0021459251082256866,0.0016162726808717435,0.0014653195037297203,0.0012236332039658403,0.0009949983534493737,0.0004703211502803462,0.0007299227645019954,0.000924372880616746,0.00019445011611475102,0.13671540031365534,0.05137813121771144,0.05294443561731369,0.05294443561731369,0.04019712787094327,0.04019712787094327,0.012747307746370501,0.38768758988423313,0.1153666318752494,0.085337269095944,0.012747307746370501
734,0.001955333064341082,0.0021284740052278884,0.001602746491257341,0.0014537253402296037,0.0012139689427742048,0.0009872264618417186,0.0004664988783878845,0.0007243780783257552,0.0009172907978696125,0.00019291271954385774,0.13673005350869263,0.05138283442921424,0.05295367934611986,0.05295367934611986,0.04020442709858829,0.04020442709858829,0.012749252247531649,0.38770375261104184,0.11537886820728906,0.0853472190794785,0.012749252247531649
735,0.001938787938412042,0.002111162320286157,0.0015893326545228506,0.001442219866459434,0.0012043784970874407,0.0009795129782648525,0.0004627068881945809,0.0007188732122110293,0.000910260171755949,0.00019138695954492002,0.13674459076209494,0.05138749941799812,0.05296285225409855,0.05296285225409855,0.040211670879371546,0.040211670879371546,0.012751181374727088,0.3877197800759544,0.1153910078967168,0.08535709134409691,0.012751181374727088
736,0.0019223828097024017,0.002093988969902352,0.0015760302493829708,0.0014308024415058754,0.0011948613337374142,0.0009718574913251669,0.00045894495018070785,0.0007134079078484245,0.0009032806626434187,0.00018987275479499452,0.13675901296075954,0.05139212648688007,0.052971954855816114,0.052971954855816114,0.04021885961149366,0.04021885961149366,0.012753095244322537,0.38773567340249965,0.11540305168168767,0.08536688647387956,0.012753095244322537
737,0.0019061164936203046,0.0020769528786241417,0.0015628383619363895,0.001419472428615061,0.0011854169230246358,0.0009642595921882972,0.00045521283642676317,0.0007079819082605399,0.0008963519327105377,0.00018837002444999817,0.1367733209851746,0.05139671593638188,0.052980987662442545,0.052980987662442545,0.04022599369057214,0.04022599369057214,0.012754993971870486,0.38775143370499343,0.11541500029502505,0.08537660504879281,0.012754993971870486
738,0.0018899878155973636,0.002060052978990015,0.0015497560856090659,0.0014082291951717882,0.0011760447387006792,0.0009567188745675532,0.0004515103206042345,0.0007025949577996861,0.0008894736459428177,0.00018687868814313202,0.13678751570946077,0.051401268064746146,0.05298995118176965,0.05298995118176965,0.04023307350965475,0.04023307350965475,0.012756877672114987,0.3877670620886128,0.1154268544642553,0.0853862476447147,0.012756877672114987
739,0.0018739956110038474,0.0020432882114746085,0.0015367825210979113,0.0013970721126787295,0.0011667442579506178,0.0009492349347123399,0.0004478371779663891,0.0006972468021455324,0.0008826454681288225,0.00018539866598329054,0.13680159800141248,0.05140578316795219,0.05299884591822908,0.05299884591822908,0.040240099459232744,0.040240099459232744,0.012758746458996419,0.3877825596494689,0.1154386149116423,0.08539581483346037,0.012758746458996419
740,0.001858138725064584,0.0020266575244343426,0.001523916776314866,0.0013860005567356598,0.0011575149613754806,0.0009418073713965702,0.0004441931853390891,0.0006919371883026855,0.0008758670668561418,0.00018392987855345668,0.13681556872253928,0.051410261539731855,0.05300767237291037,0.05300767237291037,0.0402470719272542,0.0402470719272542,0.012760600445656252,0.3877979274746799,0.1154502823542218,0.08540530718280749,0.012760600445656252
741,0.0018424160127755759,0.0020101598740533697,0.0015111579663313714,0.0013750139070187026,0.0011483563329747278,0.0009344357859070694,0.00044057812111163245,0.0006866658645981996,0.0008691381115072822,0.00018247224690908298,0.13682942872810663,0.05141470347158525,0.05301643104357893,0.05301643104357893,0.040253991299137225,0.040253991299137225,0.012762439744441786,0.38781316664244303,0.11546185750383556,0.08541472525652145,0.012762439744441786
742,0.001826826338821321,0.0019937942242898325,0.001498505213323235,0.001364111547259596,0.001139267860128749,0.0009271197820319746,0.0004369917652276207,0.0006814325806790201,0.0008624582732554792,0.00018102569257645948,0.1368431788671768,0.051419109252796365,0.053025122424694,0.053025122424694,0.040260857957783204,0.040260857957783204,0.012764264466910877,0.38782827822210636,0.11547334106716531,0.08542406961438052,0.012764264466910877
743,0.0018113685774928331,0.0019775595468224305,0.0014859576465158849,0.0013532928652249814,0.0011302490335813858,0.0009198589660491277,0.00043343389917585286,0.0006762370875093621,0.0008558272250604301,0.0001795901375510684,0.1368568199826494,0.05142347917044864,0.05303374700742656,0.05303374700742656,0.040267672283589996,0.040267672283589996,0.012766074723836642,0.38784326327423957,0.1154847337457666,0.08543334081220084,0.012766074723836642
744,0.0017960416126063551,0.001961454820997295,0.0014735144021300137,0.0013425572526957132,0.0011212993474224748,0.0009126529467144655,0.00042990430598124685,0.000671079137368025,0.000849244641663951,0.0001781655042959263,0.13687035291130165,0.0514278135094404,0.05304230527967716,0.05304230527967716,0.04027443465446509,0.04027443465446509,0.012767870625212153,0.3878581228507047,0.11549603623610241,0.08544253940186133,0.012767870625212153
745,0.001780844337422763,0.0019454790337751714,0.0014611746233276074,0.0013319041054461953,0.00111241829907042,0.0009055013352504062,0.00042640277019578816,0.0006659584838456451,0.0008427101995855588,0.000176751715739914,0.1368837784838286,0.051432112552500214,0.0530507977260938,0.0530507977260938,0.04028114544583877,0.04028114544583877,0.012769652280255112,0.387872857994726,0.11550724922957664,0.08545166593132848,0.012769652280255112
746,0.0017657756545676473,0.0019296311796789076,0.0014489374601583567,0.0013213328232237415,0.0011036053892547887,0.000898403745334234,0.00042292907788950653,0.0006608748818418856,0.00083622357711798,0.00017534869527609468,0.13689709752488305,0.05143637658020217,0.053059224828089654,0.053059224828089654,0.04028780503067723,0.04028780503067723,0.012771419797412512,0.3878874697409592,0.11551837341256735,0.08546072094468099,0.012771419797412512
747,0.0017508344759520748,0.0019139102607412472,0.0014368020695064519,0.001310842809727965,0.0010948601219989368,0.0008913597930864835,0.00041948301664148063,0.0006558280875625684,0.0008297844543225884,0.00017395636676002032,0.13691031085311528,0.051440605870981065,0.05306758706386083,0.05306758706386083,0.04029441377949565,0.04029441377949565,0.012773173284365273,0.3879019591155608,0.1155294094664599,0.08546970498213433,0.012773173284365273
748,0.0017360197226940187,0.0018983152864529278,0.0014247676150377557,0.0013004334725901959,0.0010861820046026607,0.0008843690970593238,0.0004160643755308713,0.0006508178585167459,0.0008233925130247729,0.0001725746545080273,0.13692341928121257,0.05144480070114748,0.05307588490840406,0.05307588490840406,0.040300972060371275,0.040300972060371275,0.012774912848032874,0.38791632713625585,0.11554035806767989,0.0854786185800652,0.012774912848032874
749,0.001721330325040454,0.0018828452737110822,0.0014128332671473531,0.0012901042233529282,0.001077570547624881,0.0008774312782249436,0.0004126729451279838,0.0006458439535137164,0.0008170474368092373,0.00017120348329552112,0.13693642361593847,0.05144896134490279,0.053084118833534304,0.053084118833534304,0.040307480238956445,0.040307480238956445,0.012776638594577954,0.38793057481240617,0.11555121988772592,0.08548746227103579,0.012776638594577954
750,0.0017067652222901117,0.001867499246767942,0.001400998202907477,0.0012798544774492993,0.001069025264866355,0.0008705459599639397,0.00040930851748535876,0.0006409061326599832,0.0008107489110152334,0.00016984277835525063,0.136949324658172,0.051453088074354066,0.0530922893079024,0.0530922893079024,0.04031393867849158,0.04031393867849158,0.01277835062941091,0.38794470314507756,0.11556199559320217,0.08549623658381804,0.01277835062941091
751,0.0016923233627168877,0.001852276237179842,0.0013892616060158034,0.0012696836541826013,0.001060545673352422,0.0008637127680537071,0.0004059708861288933,0.0006360041573561577,0.0008044966227317298,0.0001684924653755724,0.13696212320294648,0.05145718115952892,0.053100396797012554,0.053100396797012554,0.040320347739818185,0.040320347739818185,0.012780049057194463,0.3879587131271066,0.11557268584585083,0.08550494204341767,0.012780049057194463
752,0.0016780037034938987,0.0018371752837565269,0.0013776226667441217,0.0012595911767058266,0.0010521312933157807,0.0008569313306568343,0.00040265984604899153,0.0006311377902938112,0.0007982902607925163,0.00016715247049870543,0.1369748200394883,0.05146124086839021,0.05310844176323987,0.05310844176323987,0.040326707781391746,0.040326707781391746,0.012781733981848219,0.3879726057431668,0.11558329130258435,0.08551357917109821,0.012781733981848219
753,0.0016638052106181809,0.0018221954325107542,0.0013660805818873681,0.0012495764720012491,0.0010437816481793003,0.0008502012783095036,0.0003993751936917449,0.0006263067954522717,0.0007921295157712477,0.00016582272031897627,0.13698741595125535,0.0514652674668507,0.053116424665847796,0.053116424665847796,0.040333019159294686,0.040333019159294686,0.012783405506553207,0.3879863819698342,0.1155938126155175,0.08552214848440479,0.012783405506553207
754,0.001649726858836027,0.0018073357366081987,0.001354634554713029,0.001239638970860041,0.0010354962645388658,0.0008435222439098968,0.0003961167269501435,0.0006215109380953715,0.0007860140799764267,0.00016450314188105547,0.13699991171597536,0.051469261218787615,0.05312434596100551,0.05312434596100551,0.04033928222724921,0.04033928222724921,0.012785063733756397,0.38800004277565303,0.11560425043199929,0.08553065049718789,0.012785063733756397
755,0.0016357676315689532,0.001792595256317652,0.0013432837949109051,0.001229778107861927,0.001027274672146259,0.0008368938627066091,0.0003928842451553174,0.0006167499847681431,0.0007799436474463278,0.00016319366267818507,0.13701230810568396,0.051473222386057116,0.053132206101805274,0.053132206101805274,0.04034549733663016,0.04034549733663016,0.012786708765175207,0.38801358912120015,0.11561460539464467,0.08553908571962698,0.012786708765175207
756,0.0016219265208402929,0.0017779730589615188,0.00133202751854324,0.0012199933213548789,0.0010191164038920763,0.0008303157722870688,0.00038967754906780945,0.0006120237032934675,0.0007739179139438651,0.00016189421065039794,0.13702460588676257,0.05147715122850867,0.05314000553827974,0.05314000553827974,0.04035166483647784,0.04035166483647784,0.012788340701801989,0.38802702195914923,0.11562487814136614,0.08554745465825404,0.012788340701801989
757,0.0016082025272024137,0.00176346821886661,0.0013208649479952053,0.0012102840534348473,0.0010110209957886827,0.0008237876125659679,0.0003864964408688788,0.0006073318627686737,0.0007679365769514024,0.00016060471418272902,0.13703680581997613,0.051481048003999344,0.053147744717419176,0.053147744717419176,0.040357785073510774,0.040357785073510774,0.012789959643908493,0.38804034223433465,0.11563506930540506,0.08555575781597692,0.012789959643908493
758,0.0015945946596645471,0.0017490798173152267,0.001309795311925745,0.001200649749925537,0.0010029879869532044,0.0008173090257737003,0.000383340724151836,0.0006026742335620923,0.0007619993356655109,0.00015932510210341883,0.13704890866051048,0.051484912968408035,0.05315542408318869,0.05315542408318869,0.04036385839213846,0.04036385839213846,0.01279156569105032,0.3880535508838146,0.11564517951536295,0.08556399569210259,0.01279156569105032
759,0.0015811019356212314,0.0017348069424965409,0.0012988178452187748,0.001191089860358223,0.0009950169195905604,0.0008108796564448123,0.00038021020391340994,0.000598050587309563,0.0007561058909916723,0.00015805530368210964,0.13706091515800972,0.051488746375649555,0.053163044076545346,0.053163044076545346,0.040369885134474086,0.040369885134474086,0.012793158942071356,0.38806664883693387,0.11565520939523248,0.08557216878236032,0.012793158942071356
760,0.0015677233807813594,0.0017206486894582654,0.001287931788934733,0.001181603837951609,0.0009871073389765338,0.0008044991514064619,0.0003771046865451463,0.0005934606969108977,0.0007502559455389319,0.0001567952486280345,0.1370728260566133,0.051492548477688686,0.05317060513545526,0.05317060513545526,0.04037586564034718,0.04037586564034718,0.012794739495108176,0.38807963701538606,0.11566515956442838,0.08558027757892477,0.012794739495108176
761,0.0015544580290978247,0.0017066041600586166,0.001277136390262484,0.0011721911395917318,0.0009792587934408829,0.0007981671597668925,0.0003740239798248386,0.0005889043365263004,0.0007444492036144997,0.00015554486708819953,0.13708464209499283,0.051496319524554135,0.05317810769491065,0.05317810769491065,0.04038180024731629,0.04038180024731629,0.012796307447594456,0.3880925163332754,0.11567503063781814,0.08558832257043883,0.012796307447594456
762,0.0015413049226977661,0.0016926724629185653,0.0012664309024715684,0.0011628512258119094,0.0009714708343504946,0.0007918833329039179,0.00037096789290799097,0.0005843812815727452,0.0007386853712183047,0.00015430408964555974,0.13709636400638875,0.05150005976435238,0.053185552186946795,0.053185552186946795,0.04038768929068155,0.04038768929068155,0.012797862896265338,0.38810528769717795,0.11568482322575255,0.0855963042420365,0.012797862896265338
763,0.0015282631118134005,0.0016788527133743787,0.0012558145848648023,0.0011535835607727359,0.0009637430160925792,0.000785647324453421,0.00036793623631931424,0.0005798913087203115,0.0007329641560374998,0.0001530728473171885,0.13710799251864686,0.05150376944328146,0.05319293904065898,0.05319293904065898,0.04039353310349728,0.04039353310349728,0.012799405937161794,0.3881179520062026,0.11569453793409605,0.08560422307536554,0.012799405937161794
764,0.001515331654713441,0.0016651440334304471,0.0012452867027312182,0.0011443876122421224,0.0009560748960579081,0.0007794587902978676,0.00036492882194425413,0.000575434195888481,0.0007272852674409221,0.0001518510715524413,0.1371195283542546,0.05150744880564465,0.05320026868221935,0.05320026868221935,0.04039933201658449,0.04039933201658449,0.012800936665634966,0.38813051015205124,0.11570417536425698,0.08561207954861007,0.012800936665634966
765,0.0015025096176350965,0.0016515455517124,0.0012348465272993508,0.0011352628515753878,0.0009484660346240952,0.0007733173885548344,0.00036194546302055274,0.0005710097222423937,0.0007216484164735073,0.00015063869423111373,0.137130972230377,0.051511098093864095,0.05320754153489376,0.05320754153489376,0.04040508635854337,0.04040508635854337,0.01280245517635049,0.3881429630190786,0.11571373611321756,0.08561987413651305,0.01280245517635049
766,0.0014897960747166455,0.0016380564034205057,0.0012244933356908604,0.001126208753695397,0.0009409159951389223,0.0007672227795655532,0.0003589859741298432,0.0005666176681890671,0.0007160533158506611,0.00014943564766159423,0.13714232485889277,0.0515147175484943,0.05321475801905849,0.05321475801905849,0.04041079645576579,0.04041079645576579,0.012803961563292802,0.38815531148435156,0.1157232207735638,0.0856276073103986,0.012803961563292802
767,0.0014771901079305815,0.001624675730283356,0.001214226410874496,0.0011172247970727494,0.0009334243439037094,0.0007611746258834716,0.0003560501711892772,0.0005622578153735765,0.0007104996799525879,0.00014824186457901157,0.13715358694642973,0.0515183074082356,0.053221918552217,0.053221918552217,0.040416462632447685,0.040416462632447685,0.012805455919769419,0.38816755641770845,0.11573262993351519,0.08563527953819426,0.012805455919769419
768,0.0014646908070173228,0.0016114026805118344,0.0012040450416203941,0.0011083104637060184,0.000925990650156731,0.0007551725922628307,0.00035313787144318704,0.0005579299466752014,0.0007049872248185789,0.0001470572781433777,0.13716475919440047,0.05152186790994749,0.05322902354901653,0.05322902354901653,0.04042208521060142,0.04042208521060142,0.01280693833841521,0.3881796986818172,0.11574196417695422,0.0856428912844531,0.01280693833841521
769,0.0014522972694194836,0.0015982364087533656,0.0011939485224547117,0.0010994652391020418,0.000918614486056678,0.0007492163456472611,0.00035024889345478005,0.000553633846203534,0.0006995156681412598,0.0001458818219377261,0.13717584229903754,0.05152539928866192,0.05323607342126471,0.05323607342126471,0.04042766451006817,0.04042766451006817,0.012808408911196643,0.3881917391322333,0.11575122408345578,0.08565044301037572,0.012808408911196643
770,0.0014400086002167034,0.0015851760760464463,0.0011839361536145894,0.001090688612256265,0.0009112954266661668,0.0007433055551583967,0.00034738305709786777,0.0005493692992945552,0.0006940847292608004,0.00014471542996624548,0.13718683695142855,0.05152890177759647,0.053243068577946126,0.053243068577946126,0.04043320084853021,0.04043320084853021,0.01280986772941602,0.3882036786174578,0.11576041022831635,0.08565793517383219,0.01280986772941602
771,0.0014278239120610239,0.0015722208497754558,0.001174007241003447,0.0010819800756331384,0.0009040330499352963,0.0007374398920845089,0.00034454018354862894,0.0005451360925066767,0.0006886941291590862,0.0001435580366524099,0.13719774383755112,0.051532375608167445,0.053250009425238734,0.053250009425238734,0.04043869454152315,0.04043869454152315,0.012811314883715683,0.38821551797899395,0.115769523182583,0.08566536822938377,0.012811314883715683
772,0.0014157423251128151,0.001559369903625746,0.0011641610961466034,0.0010733391251465665,0.0008968269366852519,0.0007316190298691594,0.0003417200952774064,0.0005409340136167501,0.0006833435904538545,0.00014240957683710485,0.13720856363830744,0.05153582101000293,0.053256896366530325,0.053256896366530325,0.040444145902448214,0.040444145902448214,0.012812750464082208,0.388227258051404,0.11577856351308236,0.08567274262830461,0.012812750464082208
773,0.0014037629669772453,0.0015466224175390078,0.0011543970361472253,0.0010647652601404136,0.0008896766705919597,0.0007258426440998745,0.00033892261604053853,0.000536762851616045,0.0006780328373927945,0.0001412699857767498,0.1372192970295589,0.051539238210955705,0.053263729802434864,0.053263729802434864,0.04044955524258438,0.04044955524258438,0.012814174559850578,0.38823889966236547,0.1157875317824492,0.0856800588186033,0.012814174559850578
774,0.001391884972641284,0.001533977577668914,0.0011447143836425975,0.0010562579833690653,0.0008825818381697888,0.0007201104124968398,0.0003361475708722249,0.0005326223967061967,0.0006727615958476139,0.0001401391991414175,0.1372299446821603,0.05154262743711611,0.053270510130808794,0.053270510130808794,0.04045492287110054,0.04045492287110054,0.012815587259708347,0.3882504436327269,0.11579642854915512,0.0856873172450443,0.012815587259708347
775,0.0013801074844112424,0.0015214345763370379,0.0011351124667607147,0.0010478168009780443,0.0008755420287553036,0.0007144220149016169,0.0003333947860764267,0.0005285124402951229,0.0006675295933080728,0.00013901715301295028,0.137240507261994,0.05154598891282483,0.05327723774676727,0.05327723774676727,0.0404602490950676,0.0404602490950676,0.012816988651699762,0.38826189077656337,0.11580525436753682,0.08569451834916927,0.012816988651699762
776,0.0013684296518508396,0.0015089926119890465,0.0011255906190771935,0.0010394412224846853,0.000868556834491067,0.0007087771332658828,0.0003306640892188017,0.0005244327749929129,0.000662336558875986,0.0001379037838830734,0.13725098543000377,0.051549322860685594,0.05328391304270035,0.05328391304270035,0.04046553421947056,0.04046553421947056,0.01281837882322989,0.38827324190123097,0.11581400978782437,0.08570166256931828,0.01281837882322989
777,0.001356850631719794,0.0014966508891511648,0.0011161481795725011,0.0010311307607588662,0.0008616258503094945,0.0007031754516401914,0.00032795530911867407,0.0005203831946076875,0.0006571822232591932,0.00013679902865150595,0.1372613798422286,0.05155262950157778,0.05329053640828911,0.05329053640828911,0.04047077854722048,0.04047077854722048,0.01281975786106872,0.3882844978074217,0.11582269535616928,0.08570875034065094,0.01281975786106872
778,0.0013453695879129342,0.0014844086183869133,0.0011067844925895006,0.0010228849320037987,0.0008547486739167587,0.0006976166561627591,0.00032526827584103895,0.000516363494141433,0.000652066318765502,0.0001357028246240692,0.1372716911498362,0.05155590905466897,0.0532971082305217,0.0532971082305217,0.04047598237916656,0.04047598237916656,0.012821125851355235,0.38829565928921744,0.11583131161467237,0.08571578209516734,0.012821125851355235
779,0.0013339856913998248,0.0014722650162541156,0.0010974989077913073,0.001014703255736877,0.0008479249057767472,0.0006921004350482741,0.0003226028206886024,0.0005123734697858074,0.0006469885792966002,0.000134615109510793,0.13728191999915623,0.051559161737427375,0.053303628893709355,0.053303628893709355,0.040481146014107974,0.040481146014107974,0.012822482879601476,0.38830672713414327,0.11583985910141155,0.08572275826172897,0.012822482879601476
780,0.0013226981201649032,0.001460219305262176,0.001088290780119459,0.001006585254770587,0.000841154149095072,0.0006866264785767303,0.00031995877619385595,0.0005084129189179218,0.0006419487403419418,0.00013353582142402014,0.1372920670317136,0.05156238776563426,0.053310098779502324,0.053310098779502324,0.040486269748805835,0.040486269748805835,0.012823829030696584,0.3883177021232212,0.11584833835046932,0.08572967926607945,0.012823829030696584
781,0.0013115060591481233,0.0014482707138296234,0.0010791594697523938,0.0009985304551934744,0.0008344360098031316,0.0006811944790822866,0.000317335976111187,0.0005044816400960972,0.0006369465389726061,0.00013246489887650903,0.1373021328842613,0.0515655873533962,0.05331651826690574,0.05331651826690574,0.04049135387799502,0.04049135387799502,0.012825164388910824,0.3883285850310224,0.11585674989196026,0.08573654553086522,0.012825164388910824
782,0.0013004087001861008,0.0014364184762419244,0.0010701043420642362,0.0009905383863511757,0.0008277700965422276,0.0006758041309421511,0.000314734255409024,0.0005005794330555972,0.0006319817138351318,0.0001314022807795348,0.13731211818881323,0.05156876071315731,0.05332288773229547,0.05332288773229547,0.04049639869439598,0.04049639869439598,0.012826489037899588,0.38833937662571993,0.11586509425205829,0.08574335747565605,0.012826489037899588
783,0.001289405241953757,0.0014246618326095614,0.001061124767583888,0.0009826085808275096,0.0008211560206477334,0.0006704551305654919,0.00031215345026201714,0.0004967060987043368,0.0006270540051453258,0.00013034790644098922,0.13732202357267673,0.0515719080557114,0.05332920754943382,0.05332920754943382,0.040501404488726536,0.040501404488726536,0.012827803060707384,0.3883500776691406,0.11587337195302372,0.08575011551696547,0.012827803060707384
784,0.0012784948899064558,0.0014130000288263746,0.0010522201219544233,0.00097474057442563,0.0008145933961333189,0.0006651471763823748,0.00030959339804325465,0.00049286143911857,0.0006221631546820493,0.00012930171556347952,0.137331849658485,0.05157502959021402,0.05333547808948527,0.05333547808948527,0.04050637154971358,0.04050637154971358,0.012829106539771793,0.38836068891681635,0.11588158351323019,0.08575682006827112,0.012829106539771793
785,0.001267676856222632,0.0014014323165281687,0.0010433897858927834,0.0009669339061492423,0.0008080818396752289,0.0006598799688327271,0.00030705393731651466,0.0004890452575385548,0.0006173089057809808,0.0001282636482424262,0.13734159706422924,0.05157812552419445,0.053341699721032095,0.053341699721032095,0.040511300164104765,0.040511300164104765,0.012830399556927427,0.38837121111803585,0.11588972944719153,0.08576347154003494,0.012830399556927427
786,0.001256950359746902,0.0013899579530515808,0.0010346331451497736,0.0009591881181838832,0.0008016209705966158,0.0006546532103553301,0.00030453490782855253,0.00048525735836419813,0.0006124910033283582,0.00012723364496416024,0.13735126640329073,0.05158119606356761,0.0533478728100899,0.0533478728100899,0.04051619061668015,0.04051619061668015,0.012831682193409851,0.3883816450158948,0.11589781026558828,0.08577007033972327,0.012831682193409851
787,0.001246314625933659,0.0013785762013932108,0.0010259495904703549,0.0009515027558782631,0.0007952104108519301,0.0006494666053768387,0.0003020361505014238,0.00048149754715067953,0.0006077091937546991,0.0001262116466040198,0.13736085828447256,0.0515842414126459,0.053353997720123184,0.053353997720123184,0.04052104319026379,0.04052104319026379,0.012832954529859492,0.38839199134734625,0.11590582647529424,0.08577661687182682,0.012832954529859492
788,0.0012357688867911435,0.0013672863301690092,0.001017338517554233,0.0009438773677256739,0.0007888497850113641,0.0006443198603008302,0.0002995575074248432,0.00047776563060405655,0.0006029632250285029,0.00012519759442444653,0.13737037331203134,0.05158726177415091,0.05336007481206073,0.05336007481206073,0.0405258581657353,0.0405258581657353,0.012834216646325532,0.388402250843251,0.11591377857940276,0.08578311153788058,0.012834216646325532
789,0.0012253123808259876,0.0013560876135739264,0.0010087993270167406,0.0009363115053454606,0.0007825387202453531,0.0006392126834968812,0.000297098821848579,0.0004740614165768508,0.0005982528466499324,0.0001241914300730818,0.1373798120857086,0.05159025734922516,0.053366104444311016,0.053366104444311016,0.04053063582204134,0.04053063582204134,0.012835468622269777,0.38841242422842653,0.11592166707725288,0.08578955473648359,0.012835468622269777
790,0.0012149443529882293,0.0013449793313418178,0.0010003314243500108,0.0009288047234645585,0.0007762768463091336,0.0006341447852896743,0.0002946599381748838,0.00047038471406361603,0.0005935778096444789,0.00012319309558086306,0.13738917520076205,0.05159322833744365,0.05337208697277752,0.05337208697277752,0.04053537643620711,0.04053537643620711,0.012836710536570508,0.3884225122216967,0.11592949246445533,0.08579594686331855,0.012836710536570508
791,0.0012046640546167905,0.0013339607687056052,0.0009919342198844408,0.0009213565798990962,0.0007700637955273571,0.0006291158779481353,0.0002922407019509606,0.0004667353331964892,0.0005889378665566092,0.00012220253336012022,0.1373984632479967,0.0515961749368254,0.053378022750873964,0.053378022750873964,0.04054008028334775,0.04054008028334775,0.012837942467526316,0.3884325155359402,0.11593725523291842,0.08580228831117145,0.012837942467526316
792,0.0011944707433854177,0.001323031216357694,0.0009836071287504437,0.000913966635536064,0.0007638992027787625,0.0006241256756745986,0.0002898409598614651,0.0004631130852407246,0.000584332771443397,0.00012121968620267263,0.1374076768137957,0.05159909734384491,0.05338391212953953,0.05338391212953953,0.040544747636679715,0.040544747636679715,0.012839164492859918,0.388442434878139,0.1159449558708737,0.08580857946995094,0.012839164492859918
793,0.0011843636832490796,0.0013121899704106443,0.0009753495708404856,0.0009066344543150496,0.000757782705480905,0.0006191738945940053,0.000287460559721044,0.0004595177825902123,0.0005797622798681386,0.0001202444972779265,0.13741681648015105,0.05160199575344352,0.05338975545725397,0.05338975545725397,0.040549378767532125,0.040549378767532125,0.012840376689721945,0.3884522709494265,0.11595259486290148,0.08581482072670768,0.012840376689721945
794,0.0011743421443908182,0.0013014363323580935,0.0009671609707714067,0.0008993596032100403,0.0007517139435749431,0.0006142602527431307,0.0002850993504669093,0.0004559492387629811,0.0005752261488939541,0.00011927691013097319,0.1374258828246942,0.05160487035904073,0.05339555308005265,0.05339555308005265,0.04055397394535803,0.04055397394535803,0.012841579134694725,0.38846202444513495,0.11596017268995629,0.08582101246565361,0.012841579134694725
795,0.0011644054031690497,0.0012907696090359317,0.0009590407578470262,0.0008921416522112927,0.0007456925595104845,0.0006093844700598441,0.0002827571821514485,0.0004524072683966869,0.000570724137077375,0.00011831686868068828,0.1374348764207263,0.0516077213525454,0.05340130534154159,0.05340130534154159,0.04055853343774566,0.04055853343774566,0.012842771903796034,0.3884716960548426,0.11596768982939204,0.08582715506818105,0.012842771903796034
796,0.0011545527420653116,0.0012801891125837268,0.000950988366021025,0.0008849801743072705,0.0007397181982304894,0.0006045462683723995,0.0002804339059348708,0.00044889168724408736,0.000566256004461919,0.00011736431721783175,0.13744379783724842,0.051610548924366915,0.05340701258291236,0.05340701258291236,0.04056305751042963,0.04056305751042963,0.012843955072482842,0.3884812864624211,0.11597514675498714,0.08583324891288165,0.012843955072482842
797,0.0011447834496324514,0.0012696941604063987,0.0009430032338601089,0.0008778747454666492,0.0007337905071562332,0.0005997453713887592,0.0002781293740778898,0.0004454023121685026,0.0005618215125716519,0.00011641920040314948,0.13745264763899148,0.05161335326342627,0.05341267514295698,0.05341267514295698,0.04056754642730207,0.04056754642730207,0.01284512871565502,0.3884907963460813,0.11598254393696945,0.08583929437556537,0.01284512871565502
798,0.0011350968204432536,0.001259284075136141,0.000935084804507448,0.000870824944620391,0.000727909136172328,0.0005949815046859491,0.0002758434399344417,0.0004419389611392638,0.0005574204244047395,0.00011548146326547594,0.13746142638644615,0.05161613455716705,0.053418293358082694,0.053418293358082694,0.04057200045042376,0.04057200045042376,0.012846292907659053,0.3885002263784199,0.11598988184204101,0.08584529182927926,0.012846292907659053
799,0.001125492155039503,0.001248958184594591,0.0009272325256463894,0.0008638303536438872,0.0007220737376118032,0.0005902543956994471,0.00027357595794443994,0.00043850145322714933,0.0005530525044269878,0.00011455105119983862,0.13747013463589236,0.05161889299156639,0.05342386756232674,0.05342386756232674,0.04057641984003515,0.04057641984003515,0.012847447722291707,0.388509577226465,0.11599716093340273,0.08585124164432612,0.012847447722291707
800,0.0011159687598814765,0.001238715821755242,0.0009194458494644454,0.0008568905573391703,0.000716283966241246,0.000585563773712604,0.0002713267836265661,0.0004350896085998096,0.0005487175185653735,0.00011362790996556404,0.1374787729394288,0.051621628751145836,0.05342939808737101,0.05342939808737101,0.04058080485456742,0.04058080485456742,0.012848593232803705,0.38851884955172145,0.11600438167077885,0.08585714418828311,0.012848593232803705
801,0.001106525947297864,0.0012285563247061032,0.0009117242326175498,0.0008500051434171958,0.0007105394792460014,0.0005809093698460991,0.0002690957735710965,0.0004317032485171806,0.000544415234201566,0.00011271198568438559,0.1374873418450022,0.051624342018982104,0.053434885262556665,0.053434885262556665,0.04058515575065342,0.04058515575065342,0.01284972951190336,0.38852804401021607,0.11601154451044127,0.08586299982602023,0.01284972951190336
802,0.0010971630354361128,0.0012184790366126007,0.0009040671361945866,0.0008431737024801933,0.000704839936215432,0.0005762909170474279,0.0002668827854327652,0.0004283421953268875,0.0005401454201654408,0.00011180322483855336,0.13749584189643638,0.051627032976717814,0.05344032941489868,0.05344032941489868,0.04058947278313859,0.04058947278313859,0.012850856631760204,0.38853716125254223,0.11601864990523372,0.0858688089197187,0.012850856631760204
803,0.0010878793482131917,0.0012084833056807207,0.0008964740256821829,0.0008363958280040882,0.0006991849991282378,0.0005717081500804252,0.0002646876779236629,0.0004250062724596383,0.0005359078467285843,0.00011090157426894612,0.13750427363346118,0.051629701804572145,0.05344573086910034,0.05344573086910034,0.04059375620509186,0.04059375620509186,0.01285197466400859,0.38854620192390416,0.11602569830459587,0.08587457182888916,0.01285197466400859
804,0.0010786742152667725,0.0011985684851203938,0.0008889443709297701,0.0008296711163209937,0.0006935743323378374,0.0005671608055148212,0.00026251031080617234,0.00042169530442460844,0.0005317022855977939,0.00011000698117318551,0.13751263759174123,0.05163234868135138,0.05345108994756762,0.05345108994756762,0.040598006267816455,0.040598006267816455,0.012853083679751279,0.38855516666416096,0.11603269015458716,0.08588028891038997,0.012853083679751279
805,0.0010695469719068228,0.001188733933109118,0.0008814776461149075,0.000822999166601773,0.0006880076025578088,0.0005626486217158336,0.0002603505448859393,0.0004184091168048165,0.0005275285099085691,0.00010911939310375266,0.13752093430290444,0.05163497378445944,0.0534564069704236,0.0534564069704236,0.040602223220860705,0.040602223220860705,0.01285418374956301,0.38856405610787026,0.11603962589791053,0.08588596051844512,0.01285418374956301
806,0.0010604969590676113,0.0011789790127558198,0.0008740733297088688,0.0008163795808386733,0.0006824844788473909,0.0005581713388337932,0.00025820824200488,0.000415147536252492,0.0005233862942185993,0.0001082387579661073,0.13752916429457046,0.0516375772899083,0.05346168225552268,0.05346168225552268,0.040606407312028754,0.040606407312028754,0.012855274943494048,0.3885728708843314,0.1160465059739361,0.08589158700466228,0.012855274943494048
807,0.0010515235232601162,0.0011693030920649542,0.0008667309044424874,0.0008098119638280303,0.0006770046325970468,0.0005537286987938057,0.00025608326503422454,0.0004119103904844358,0.0005192754145012453,0.00010736502401680955,0.13753732809037886,0.051640159372328354,0.053466916118464866,0.053466916118464866,0.04061055878739128,0.04061055878739128,0.012856357331073709,0.3885816116176285,0.11605333081872458,0.08589716871805061,0.012856357331073709
808,0.0010426260165248382,0.0011597055439008378,0.0008594498572722624,0.0008032959231530447,0.0006715677375140875,0.0005493204452854484,0.00025397547786759617,0.0004086975082773729,0.0005151956481390174,0.00010649813986164448,0.13754542621001714,0.0516427202049787,0.05347210887260988,0.05347210887260988,0.04061467789129613,0.04061467789129613,0.012857430981313877,0.3885902789266729,0.11606010086505056,0.08590270600503855,0.012857430981313877
809,0.0010338037963850126,0.0011501857459522184,0.0008522296793467193,0.0007968310691666297,0.0006661734696083569,0.0005449463237525028,0.00025188474541412676,0.00040550871946329965,0.0005111467739170492,0.00010563805445374957,0.13755345916924866,0.05164525995975737,0.05347726082909127,0.05347726082909127,0.0406187648663789,0.0406187648663789,0.012858495962712494,0.38859887342524563,0.1160668165424257,0.0859081992094914,0.012858495962712494
810,0.0010250562258002163,0.0011407430806970771,0.000845069865973027,0.0007904170149743311,0.0006608215071779787,0.0005406060813827226,0.0002498109335916083,0.000402343854924824,0.0005071285720165692,0.00010478471709174521,0.13756142747994032,0.05164777880721151,0.053482372296830435,0.053482372296830435,0.04062281995357354,0.04062281995357354,0.012859552343257032,0.38860739572203906,0.11607347827712179,0.08591364867272892,0.012859552343257032
811,0.0010163826731203684,0.0011313769353676632,0.0008379699165838671,0.0007840533764173191,0.0006555115307951644,0.0005362994670976387,0.00024775390931968023,0.0003992027465905011,0.0005031408240083695,0.00010393807741786835,0.13756933165009005,0.05165027691654743,0.0534874435825506,0.0534874435825506,0.04062684339212279,0.04062684339212279,0.01286060019042795,0.3886158464206988,0.11608008649219358,0.08591905473354275,0.01286060019042795
812,0.001007782512040119,0.00112208670191576,0.0008309293347045561,0.0007777397720554526,0.0006502432232920834,0.0005320262315423997,0.00024571354051305277,0.00039608522743016315,0.0004991833128462726,0.00010309808541610939,0.13757717218385423,0.051652754455640625,0.053492474990790684,0.053492474990790684,0.040630835419588694,0.040630835419588694,0.012861639571202128,0.38862422611986464,0.11608664160750153,0.08592441772821373,0.012861639571202128
813,0.0009992551215536258,0.0011128717769781791,0.0008239476279204159,0.0007714758231504158,0.0006450162697467941,0.0005277861270756496,0.00024368969607476608,0.00039299113145024547,0.000495255822860598,0.00010226469141035247,0.1375849495815748,0.051655211591045753,0.05349746682391915,0.05349746682391915,0.040634796271863,0.040634796271863,0.01286267055205629,0.38863253541321163,0.11609314403973445,0.08592973799052915,0.01286267055205629
814,0.0009907998859097105,0.001103731561842486,0.000817024307844393,0.0007652611536489276,0.0006398303574692384,0.0005235789077594422,0.00024168224588948543,0.0003899202936891081,0.0004913581397516275,0.00010143784606251925,0.1375926643398063,0.051657648488006504,0.05350241938214775,0.05350241938214775,0.0406387261831775,0.0406387261831775,0.012863693198970393,0.38864077488949084,0.11609959420243192,0.08593501585179991,0.012863693198970393
815,0.0009824161945673976,0.001094665462412951,0.000810158890084924,0.000759095390166024,0.0006346851759872969,0.0005194043293491921,0.00023969106081683192,0.00038687255021235394,0.0004874900505830704,0.0001006175003707163,0.13760031695134278,0.0516600653104654,0.05350733296354527,0.05350733296354527,0.04064262538611439,0.04064262538611439,0.012864707577431017,0.38864894513256926,0.11610599250600662,0.08594025164087751,0.012864707577431017
816,0.0009741034421518273,0.0010856728891767257,0.0008033508942140461,0.0007529781619684134,0.0006295804170329066,0.000515262149283664,0.0002377160126847493,0.0003838477381081438,0.00048365134377553005,0.00009980360566738614,0.13760790790524444,0.05166246222107357,0.0535122078640511,0.0535122078640511,0.04064649411161651,0.04064649411161651,0.012865713752434725,0.3886570467214701,0.11611233935776649,0.085945445684171,0.012865713752434725
817,0.0009658610284105426,0.001076753257170248,0.0007965998437357502,0.0007469091009579043,0.0006245157745282417,0.0005111521266749981,0.00023575697428290614,0.000380845695482509,0.0004798418090999712,0.00009899611361746216,0.13761543768686413,0.051664839381200416,0.05351704437748886,0.05351704437748886,0.04065033258899759,0.04065033258899759,0.012866711788491398,0.38866508023041224,0.11611863516193682,0.08595059830566384,0.012866711788491398
818,0.0009576883581701456,0.0010679059859458665,0.0007899052660545752,0.0007408878416549081,0.0006194909445719556,0.000507074022298774,0.00023381381935613405,0.0003778662614546613,0.0004760612376711888,0.00009819497621652744,0.1376229067778737,0.051667196950943246,0.05352184279557986,0.05352184279557986,0.04065414104595241,0.04065414104595241,0.012867701749627572,0.3886730462288496,0.1161248803196821,0.0859557098269306,0.012867701749627572
819,0.0009495848412933214,0.001059130499538691,0.0007832666924444426,0.0007349140211820131,0.0006145056254254857,0.0005030275985841119,0.0002318864225979012,0.0003749092761523018,0.0004723094219412794,0.00009740014578897757,0.13763031565629025,0.051669535089136805,0.05352660340795657,0.05352660340795657,0.04065791970856696,0.04065791970856696,0.012868683699389738,0.3886809452815101,0.11613107522912781,0.08596078056715359,0.012868683699389738
820,0.000941549892636224,0.0010504262264336625,0.0007766836580177281,0.0007289872792476341,0.0006095595174994211,0.0004990126196038126,0.00022997465964382156,0.0003719745807069279,0.0004685861556931155,0.00009661157498618752,0.13763766479650208,0.05167185395336278,0.053531326502175985,0.053531326502175985,0.04066166880132849,0.04066166880132849,0.012869657700847628,0.38868877794843454,0.11613722028538206,0.08596581084313942,0.012869657700847628
821,0.0009335829320062252,0.001041792599532845,0.0007701557016945702,0.0007231072581297339,0.0006046523233399324,0.0004950288510645343,0.00022807840706519968,0.0003690620172491398,0.0004648912340338228,0.00009582921678468288,0.13764495466929455,0.05167415369995922,0.05353601236373292,0.05353601236373292,0.040665388547135556,0.040665388547135556,0.01287062381659749,0.38869654478501464,0.11614331588055705,0.08597080096933546,0.01287062381659749
822,0.0009256833841200186,0.0010332290561229345,0.0007636823661724134,0.0007172736026596198,0.0005997837476152644,0.000491076060297009,0.00022619754236261083,0.00036617142890394615,0.00046122445338826144,0.00009505302448431522,0.13765218574187585,0.05167643448402987,0.05354066127607326,0.05354066127607326,0.040669079167308046,0.040669079167308046,0.012871582108765336,0.3887042463420316,0.11614936240379045,0.08597575125784611,0.012871582108765336
823,0.00091785067856208,0.0010247350378429876,0.0007572631978957843,0.0007114859602058135,0.0005949534971022914,0.000487154016246297,0.0002243319439595165,0.0003633026597860698,0.00045758561149251184,0.00009428295170644197,0.13765935847790245,0.0516786964594535,0.05354527352060714,0.05354527352060714,0.040672740881597086,0.040672740881597086,0.012872532639010179,0.38871188316569333,0.1161553602412666,0.08598066201844907,0.012872532639010179
824,0.0009100842497434778,0.0010163099906523659,0.000750897747026299,0.0007057439806579945,0.0005901612806731348,0.0004832624894620792,0.0002224814911959153,0.0003604555549952542,0.000453974507387365,0.00009351895239211071,0.1376664733375045,0.05168093977889309,0.05354984937672206,0.05354984937672206,0.040676373908194945,0.040676373908194945,0.012873475468527244,0.3887194557976723,0.11616130977623762,0.08598553355861153,0.012873475468527244
825,0.0009023835368610329,0.0010079533647988966,0.0007445855674129007,0.0007000473164110183,0.0005854068092818444,0.00047940125208898924,0.00022064606432202916,0.00035762996061157,0.0004503909414118181,0.00009276098080024808,0.1376735307773111,0.05168316459380505,0.053554389121795935,0.053554389121795935,0.040679978463744895,0.040679978463744895,0.012874410658051165,0.38872696477514257,0.11616721138904434,0.08599036618350615,0.012874410658051165
826,0.0008947479838568242,0.0009996646147872469,0.0007383262165623249,0.0006943956223490085,0.0005806897959511414,0.00047557007785698407,0.00021882554449202454,0.00035482572369072304,0.0004468347151965763,0.00009200899150585327,0.1376805312504752,0.05168537105444827,0.05355889303121005,0.05355889303121005,0.04068355476335101,0.04068355476335101,0.012875338267859167,0.3887344106308167,0.11617306545713717,0.08599516019602704,0.012875338267859167
827,0.0008871770393780358,0.0009914431993475116,0.0007321192556097915,0.0006887885558295221,0.0005760099557592253,0.00047176874207175345,0.00021701981375776881,0.000352042692259364,0.00044330563165756025,0.00009126293939819632,0.1376874752066987,0.051687559309893195,0.05356336137836202,0.05356336137836202,0.040687103020587916,0.040687103020587916,0.012876258357774225,0.38874179389298236,0.11617887235509668,0.08599991589680561,0.012876258357774225
828,0.0008796701567371448,0.0009832885814040138,0.0007259642492899223,0.0006832257766677906,0.0005713670058266424,0.0004679970216051689,0.00021522875506262186,0.00034928071531039955,0.00043980349498942077,0.00009052277967902124,0.137694363092257,0.051689729508030774,0.053567794434678594,0.053567794434678594,0.04069062344751051,0.04069062344751051,0.012877170987168207,0.38874911508553844,0.11618463245465427,0.08600463358422633,0.012877170987168207
829,0.0008722267938724458,0.0009752002280443149,0.000719860765907881,0.0006777069471210337,0.0005667606653032184,0.0004642546948857714,0.00021345225223526237,0.0003465396427983062,0.00043632811065906014,0.00008978846786075392,0.13770119535002368,0.0516918817955814,0.053572192469628487,0.053572192469628487,0.04069411625466361,0.04069411625466361,0.012878076214964998,0.3887563747280313,0.11619034612471253,0.08600931355444238,0.012878076214964998
830,0.0008648464133089097,0.0009671776104884356,0.0007138083773107357,0.0006722317318728483,0.000562190655355053,0.00046054154188929924,0.00021169018998354918,0.00034381932563444636,0.0004328792853991615,0.00008905995976471516,0.1377079724194949,0.051694016318103754,0.053576555750735076,0.053576555750735076,0.040697581651091594,0.040697581651091594,0.012878974099643605,0.3887635733356904,0.11619601373136557,0.08601395610139125,0.012878974099643605
831,0.0008575284821193728,0.0009592202040582843,0.0007078066588590418,0.0006667997980176718,0.0005576566991515776,0.0004568573441292545,0.00020994245388841743,0.0003411196156823874,0.000429456827201726,0.0000883372115193386,0.13771469473681364,0.05169613322000359,0.053580884543589065,0.053580884543589065,0.04070101984434794,0.04070101984434794,0.012879864699241253,0.3887707114194635,0.11620163563791912,0.08601856151681014,0.012879864699241253
832,0.0008502724718860552,0.0009513274881472941,0.0007018551893986431,0.0006614108150453191,0.0005531585218526761,0.00045320188464751,0.00020820893039780926,0.00033844036575322455,0.0004260605453116184,0.00008762017955839392,0.13772136273479382,0.05169823264454247,0.05358517911186108,0.05358517911186108,0.04070443104050476,0.04070443104050476,0.012880748071356446,0.3887777894860521,0.11620721220491063,0.08602313009025143,0.012880748071356446
833,0.000843077858662404,0.0009434989461902656,0.00069595355123269,0.0006560644548255942,0.0005486958505958679,0.000449574948004955,0.0002064895068206394,0.0003357814296009065,0.00042269025022012157,0.00008690882061921508,0.13772797684294427,0.05170031473384645,0.0535894397173142,0.0535894397173142,0.04070781544416229,0.04070781544416229,0.01288162427315203,0.38878480803794613,0.11621274379012916,0.08602766210909792,0.01288162427315203
834,0.0008359441229352606,0.0009357340656334141,0.0006901013300938743,0.0006507603915929766,0.0005442684144835548,0.00044597632027218155,0.0002047840713207952,0.00033314266191756604,0.0004193457536585,0.00008620309174093397,0.13773453748749254,0.051702379628914656,0.0535936666198164,0.0535936666198164,0.0407111732584583,0.0407111732584583,0.012882493361358223,0.38879176757345846,0.11621823074863512,0.08603215785857797,0.012882493361358223
835,0.0008288707495873469,0.0009280323379046215,0.0006842981151168766,0.000645498301931381,0.0005398759445703293,0.0004424057890202102,0.00020309251291117101,0.00033052391832885414,0.0004160268685915734,0.00008550295026271927,0.13774104509140847,0.05170442746962786,0.05359786007735298,0.05359786007735298,0.04071450468507747,0.04071450468507747,0.012883355392275633,0.3887986685867594,0.11622367343277995,0.08603661762178069,0.012883355392275633
836,0.0008218572278600694,0.0009203932583838907,0.0006785434988110281,0.0006402778647589928,0.0005355181738503469,0.0004388631433112558,0.0002014147214477372,0.0003279250553892792,0.0004127334092112999,0.00008480835382202075,0.1377475000744278,0.051706458394756974,0.0536020203460389,0.0536020203460389,0.04071780992426076,0.04071780992426076,0.01288421042177826,0.38880551156791054,0.11622907219222565,0.08604104167967089,0.01288421042177826
837,0.0008149030513166381,0.000912816326374002,0.0006728370770331817,0.0006350987613131763,0.0005311948372447605,0.0004353481736895333,0.00019975058762364322,0.0003253459305775511,0.00040946519093037006,0.00008411926035281901,0.13775390285307537,0.05170847254197145,0.053606147680131014,0.053606147680131014,0.04072108917481465,0.04072108917481465,0.012885058505316481,0.38881229700289865,0.11623442737396415,0.086045430311104,0.012885058505316481
838,0.0008080077178054971,0.0009053010450713693,0.0006671784489607939,0.0006299606751354583,0.0005269056715892179,0.0004318606721721036,0.00019810000296335492,0.0003227864022919303,0.00040622203037581105,0.00008343562808388085,0.1377602538406885,0.051710470047847686,0.053610242332040314,0.053610242332040314,0.040724342634120426,0.040724342634120426,0.01288589969792001,0.38881902537366897,0.1162397393223366,0.0860497837928409,0.01288589969792001
839,0.000801170729424066,0.0008978469215370963,0.0006615672170652144,0.000624863292056586,0.0005226504156214211,0.00042840043223976,0.0001964628598168262,0.0003202463298455829,0.00040300374538260284,0.00008275741553702,0.13776655344743985,0.05171245104787732,0.053614304552344075,0.053614304552344075,0.040727570498143344,0.040727570498143344,0.012886734054200847,0.38882569715815857,0.1162450083790525,0.08605410239956261,0.012886734054200847
840,0.0007943915924827856,0.0008904534666682305,0.0006560029870851816,0.0006198063001816579,0.0005184288099687495,0.0004249672488279539,0.00019483905135370423,0.00031772557346194144,0.0003998101549873051,0.00008208458152536373,0.1377728020803604,0.051714415676475486,0.0536183345897979,0.0536183345897979,0.0407307729614418,0.0407307729614418,0.012887561628356218,0.3888323128303292,0.11625023488320871,0.08605838640388501,0.012887561628356218
841,0.0007876698174694697,0.0008831201951692144,0.000650485368000525,0.0006147893898753308,0.0005142405971359449,0.000421560918317762,0.00019322847155756902,0.00031522399427007155,0.0003966410794216965,0.00008141708515162498,0.13777900014336222,0.051716364066989026,0.05362233269134777,0.05362233269134777,0.04073395021717642,0.04073395021717642,0.012888382474171471,0.3888388728602001,0.1162554191713084,0.0860626360763733,0.012888382474171471
842,0.0007810049190139588,0.000875846625523533,0.0006450139720060691,0.0006098122537470993,0.0005100855214928585,0.00041818123852689295,0.00019163101522020655,0.0003127414543000454,0.0003934963401064257,0.00008075488580638032,0.13778514803726097,0.0517182963517046,0.05362629910214199,0.05362629910214199,0.040737102457119125,0.040737102457119125,0.012889196645022988,0.38884537771388,0.11626056157727975,0.08606685168555647,0.012889196645022988
843,0.0007743964158530714,0.0008686322799655558,0.0006395884144857408,0.0006048745866366501,0.0005059633292622619,0.0004148280087007347,0.0001900465779359156,0.0003102778164783218,0.00039037575964467555,0.00008009794316635375,0.13779124615979843,0.0517202126618568,0.053630234065543056,0.053630234065543056,0.04074022987166213,0.04074022987166213,0.012890004193881052,0.3888518278536,0.11626566243249468,0.08607103349794173,0.012890004193881052
844,0.000767843830795853,0.000861476684452572,0.0006342083139868777,0.0005999760855992904,0.0005018737685077186,0.0004115010295034422,0.00018847505609584836,0.00030783294462313326,0.0003872791618158395,0.00007944621719270625,0.1377972949056648,0.05172211312763616,0.0536341378231395,0.0536341378231395,0.04074333264982691,0.04074333264982691,0.012890805173312715,0.38885822373774487,0.11627072206578731,0.08607518177802874,0.012890805173312715
845,0.000761346690689119,0.0008543793686370196,0.0006288732921947345,0.00059511644989145,0.0004978165891215195,0.0004082001030090658,0.00018691634688238439,0.0003054067034398802,0.00038420637156921154,0.00007879966812933138,0.1378032946665208,0.05172399787819712,0.053638010614757654,0.053638010614757654,0.04074641097927314,0.04074641097927314,0.012891599635484642,0.3888645658208847,0.11627574080347239,0.08607929678832377,0.012891599635484642
846,0.0007549045263832878,0.0008473398658389048,0.0006235829739071887,0.0005902953809562578,0.0004937915428126793,0.0004049250326927199,0.0001853703482635381,0.00030299895851653303,0.0003811572150176896,0.00007815825650115667,0.13780924583101972,0.05172586704166594,0.053641852678473344,0.053641852678473344,0.04074946504630754,0.04074946504630754,0.012892387632165936,0.38887085455380666,0.11628071896936361,0.08608337878935386,0.012892387632165936
847,0.0007485168726985062,0.0008403577130184123,0.0006183369870096417,0.0005855125824091912,0.0004897983830949958,0.0004016756234217921,0.0001838369589873994,0.00030060957631904156,0.0003781315194314927,0.00007752194311245122,0.13781514878482928,0.05172772074514858,0.05364566425062352,0.05364566425062352,0.040752495035892705,0.040752495035892705,0.012893169214730948,0.38887709038354573,0.11628565688479174,0.0860874280396808,0.012893169214730948
848,0.0007421832683910573,0.0008334324507487046,0.0006131349624501153,0.0005807677600238007,0.00048583686527517124,0.00039845168144719324,0.0001823160785766077,0.000298238424186753,0.0003751291132318921,0.00007689068904513919,0.13782100391065338,0.051729559114738456,0.053649445565817834,0.053649445565817834,0.040755501131655894,0.040755501131655894,0.012893944434162072,0.3888832737534158,0.11629055486862269,0.08609144479591502,0.012893944434162072
849,0.0007359032561200561,0.0008265636231889096,0.0006079765342145416,0.0005760606217175062,0.00048190674644099527,0.00039525301439464767,0.0001808076073228588,0.0002958853703278378,0.0003721498259849572,0.00007626445565711944,0.13782681158825363,0.05173138227552422,0.05365319685695015,0.05365319685695015,0.04075848351589776,0.04075848351589776,0.012894713341052523,0.3888894051030403,0.11629541323727545,0.0860954293127295,0.012894713341052523
850,0.000729676382414425,0.0008197507780572956,0.000602861339302246,0.0005713908775374691,0.0004780077854495899,0.0003920794312560243,0.00017931144628144502,0.0002935502838147243,0.0003691934883953156,0.00007564320458059135,0.13783257219447081,0.05173319035159745,0.05365691835521,0.05365691835521,0.04076144236960104,0.04076144236960104,0.012895475985609094,0.3888954848683825,0.11630023230473986,0.08609938184287344,0.012895475985609094
851,0.0007235021976401491,0.0008129934666046314,0.0005977890177016196,0.0005667582396465359,0.0004741397429157165,0.0003889307423807083,0.00017782749726582783,0.0002912330345795419,0.0003662599322999286,0.00007502689772038675,0.1378382861032462,0.051734983466060265,0.05366061029009395,0.05366061029009395,0.04076437787243919,0.04076437787243919,0.0128962324176549,0.3889015134817755,0.11630501238259436,0.086103302637186,0.0128962324176549
852,0.0007173802559678095,0.0008062912435877318,0.0005927592123659821,0.0005621624223092565,0.0004703023812001444,0.0003858067594670131,0.00017635566284224366,0.0002889334934095736,0.00036334899066188173,0.00007441549725230816,0.13784395368564267,0.05173676174103292,0.053664272889416956,0.053664272889416956,0.04076729020278498,0.04076729020278498,0.012896982686632105,0.3889074913719525,0.11630975378002352,0.0861071919446098,0.012896982686632105
853,0.0007113101153403896,0.000799643667243187,0.0005877715691896329,0.0005576031418779755,0.00046649546439808063,0.00038270729555363363,0.00017489584632434196,0.0002866515319427177,0.00036046049756419086,0.00007380896562147321,0.13784957530986577,0.05173852529766135,0.053667906379323574,0.053667906379323574,0.040770179537719074,0.040770179537719074,0.012897726841604628,0.3889134189640761,0.11631445680383552,0.08611105001220448,0.012897726841604628
854,0.0007052913374413555,0.0007930502992612744,0.0005828257369840875,0.0005530801167789957,0.0004627187583276619,0.00037963216501113976,0.0001734479517678561,0.00028438702266295846,0.00035759428820362387,0.00007320726554066546,0.13785515134128457,0.05174027425612459,0.05367151098429922,0.05367151098429922,0.040773046053038504,0.040773046053038504,0.012898464931260843,0.388919296679768,0.1163191217584795,0.08611487708516002,0.012898464931260843
855,0.0006993234876630055,0.0007865107047600519,0.0005779213674545012,0.0005485930674988165,0.00045897203051850725,0.00037658118353351024,0.00017201188396530643,0.0002821398388958472,0.0003547501988845386,0.00007261035998869143,0.13786068214245237,0.05174200873564227,0.05367508692718125,0.05367508692718125,0.040775889923265134,0.040775889923265134,0.012899197003916249,0.3889251249371378,0.11632374894606277,0.08611867340681013,0.012899197003916249
856,0.0006934061350750878,0.0007800244522596321,0.0005730581151762751,0.0005441417165704434,0.0004552550502003324,0.00037355416812970776,0.00017058754844073584,0.00027990985480399284,0.00035192806701273694,0.00007201821220874414,0.13786616807312735,0.05174372885448192,0.0536786344291701,0.0536786344291701,0.040778711321654094,0.040778711321654094,0.012899923107516136,0.3889309041508124,0.11632833866636796,0.08612243921864547,0.012899923107516136
857,0.0006875388523936832,0.0007735911136566354,0.0005682356375718461,0.0005397257885597714,0.000451567588291625,0.00037055093711529425,0.00016917485144447736,0.0002776969453825626,0.0003491277310893355,0.00007143078570677293,0.13787160949029306,0.05174543472996632,0.053682153709840225,0.053682153709840225,0.04078151042020214,0.04078151042020214,0.012900643289638223,0.38893663473196416,0.11633289121686997,0.08612617476032677,0.012900643289638223
858,0.000681721215950352,0.0007672102641988222,0.0005634535948876573,0.0005353450100520407,0.0004479094173883811,0.00036757131010408696,0.0001677736999479539,0.00027550098645479326,0.0003463490307046531,0.00007084804424985986,0.13787700674817865,0.051747126478480766,0.053685644987151115,0.053685644987151115,0.04078428738965596,0.04078428738965596,0.012901357597495292,0.3889423170883399,0.11633740689275289,0.08612988026969792,0.012901357597495292
859,0.0006759528056615413,0.0007608814824599014,0.0005587116501713086,0.0005309991096383648,0.0004442803117529022,0.0003646151079998551,0.0001663840016385099,0.0002733218546675124,0.00034359180653211483,0.00007026995186460244,0.13788236019827918,0.05174880421548025,0.05368910847745816,0.05368910847745816,0.04078704239952051,0.04078704239952051,0.01290206607793779,0.3889479516242887,0.11634188598692677,0.08613355598279897,0.01290206607793779
860,0.0006702332049982513,0.0007546043503145162,0.0005540094692488867,0.0005266878179023315,0.0004406800473026534,0.00036168215298805695,0.00016500566491427487,0.0002711594274866711,0.000340855900322174,0.00006969647283550293,0.13788767018937556,0.05175046805549663,0.053692544395523484,0.053692544395523484,0.04078977561806719,0.04078977561806719,0.012902768777456436,0.3889535387407904,0.11634632879004429,0.08613720213387896,0.012902768777456436
861,0.0006645620009559585,0.0007483784529134042,0.000549346720702471,0.0005224108674066761,0.0004371084015991817,0.0003587722685276178,0.0001636385988790585,0.0002690135831928868,0.000338141154896251,0.00006912757170336425,0.1378929370675546,0.05175211811214577,0.053695952954526706,0.053695952954526706,0.040792487212342056,0.040792487212342056,0.01290346574218479,0.3889590788354829,0.11635073559051731,0.08614081895540884,0.01290346574218479
862,0.0006589387840247927,0.0007422033786587323,0.0005447230758478178,0.0005181679926800256,0.0004335651538370957,0.0003558852793427482,0.00016228271333727757,0.00026688420087699776,0.00033544741414069,0.00006856321326369226,0.13789816117622866,0.05175375449813456,0.05369933436607567,0.05369933436607567,0.040795177348173985,0.040795177348173985,0.012904157017901824,0.3889645723026899,0.1163551066745333,0.08614440667809412,0.012904157017901824
863,0.0006533631481599675,0.0007360787191796039,0.0005401382087122167,0.0005139589302037166,0.0004300500848331044,0.00035302101141480277,0.00016093791878891403,0.00026477116043562856,0.0003327745230007333,0.0000680033625651048,0.13790334285615546,0.051755377325267936,0.053702688840217075,0.053702688840217075,0.04079784619018276,0.04079784619018276,0.01290484265003446,0.38897001953344834,0.11635944232607168,0.08614796553088755,0.01290484265003446
864,0.00064783469075246,0.0007300040693077392,0.0005355917960125225,0.000509783418398684,0.00042656297701511737,0.0003501792919741794,0.00015960412642450475,0.000262674342566767,0.0003301223274745142,0.00006744798490774727,0.1379084824454575,0.051756986704455825,0.05370601658544708,0.05370601658544708,0.04080049390178711,0.04080049390178711,0.01290552268366011,0.38897542091553544,0.11636374282692001,0.0861514957410017,0.01290552268366011
865,0.0006423530125999391,0.000723979027053325,0.0005310835171333585,0.0005056411976124213,0.0004231036144114041,0.00034735994949225917,0.00015828124812016222,0.000260593628765353,0.00032749067460706774,0.00006689704584171484,0.13791358027964148,0.05175858274572007,0.053709317808721825,0.053709317808721825,0.04080312064521278,0.04080312064521278,0.012906197163509188,0.3889807768334955,0.11636800845669017,0.08615499753392145,0.012906197163509188
866,0.0006369177178779397,0.000718003193581036,0.0005266130541054911,0.0005015320101060128,0.000419671782639814,0.00034456281367338634,0.0001569691964326265,0.0002585289013188786,0.00032487941248435985,0.00006635051116548136,0.1379186366916176,0.051760165558201274,0.0537125927154679,0.0537125927154679,0.04080572658150043,0.04080572658150043,0.012906866133967606,0.3889860876686669,0.11637223949283428,0.08615847113341636,0.012906866133967606
867,0.0006315284141112802,0.0007120761731862237,0.000522180091584374,0.000497455600041237,0.0004162672688970556,0.000341787715446889,0.0001556678845943481,0.0002564800433030007,0.0003222883902273354,0.00006580834692433487,0.13792365201171866,0.0517617352501656,0.05371584150959274,0.05371584150959274,0.04080831187051362,0.04080831187051362,0.012907529639079261,0.38899135379920796,0.11637643621066067,0.08616191676155309,0.012907529639079261
868,0.0006261847121457233,0.000706197573271274,0.0005177843168288602,0.0004934117134677413,0.0004128898619480358,0.0003390344869591397,0.00015437722650860162,0.0002544469385771653,0.0003197174579859851,0.00006527051940881991,0.13792862656771906,0.051763291929011544,0.05371906439349502,0.05371906439349502,0.04081087667094665,0.04081087667094665,0.012908187722548503,0.3889965756001238,0.11638059888334965,0.08616533463870756,0.012908187722548503
869,0.0006208862261198748,0.0007003670043221311,0.0005134254196800824,0.0004894000983102872,0.0004095393521152582,0.00033630296156565687,0.0001530971367446303,0.00025242947178024446,0.0003171664669334309,0.00006473699515318653,0.13793356068485374,0.05176483570127663,0.05372226156807488,0.05372226156807488,0.04081342114033242,0.04081342114033242,0.012908840427742591,0.3890017534432921,0.11638472778196912,0.08616872498357715,0.012908840427742591
870,0.0006156325734373221,0.0006945840798849878,0.0005091030925404991,0.0004854205043560668,0.00040621553126828124,0.0003335929738232458,0.000151827530532821,0.0002504275283261854,0.0003146352692600313,0.00006420774093384595,0.13793845468583685,0.051766366672644074,0.053725433232744216,0.053725433232744216,0.040815945435050224,0.040815945435050224,0.012909487797694123,0.3890068876974888,0.11638882317549028,0.08617208801319282,0.012909487797694123
871,0.0006104233747390063,0.0006888484165431398,0.0005048170303531044,0.0004814726832420901,0.00040291819281323483,0.0003309043594821804,0.00015056832375990968,0.0002484409943996722,0.00031212371816750526,0.00006368272376783313,0.1379433088908804,0.0517678849479494,0.053728579585436816,0.053728579585436816,0.040818449710333486,0.040818449710333486,0.012910129875103461,0.3890119787284142,0.11639288533080296,0.08617542394293105,0.012910129875103461
872,0.0006052582538758301,0.0006831596338940045,0.0005005669305808026,0.0004775563884426421,0.0003996471316823966,0.0003282369554784248,0.00014931943296421724,0.0002464697569518004,0.0003096316678630764,0.00006316191091127602,0.13794812361771283,0.051769390631187,0.05373170082261849,0.05373170082261849,0.040820934120277486,0.040820934120277486,0.012910766702341139,0.38901702689871775,0.11639691451273108,0.08617873298652587,0.012910766702341139
873,0.0006001368378814961,0.000677517354526302,0.0004963524931859444,0.00047367137525681076,0.00039640214432382667,0.00032559059992589515,0.00014808077533091558,0.00024451370369576455,0.00030715897355363607,0.00006264526985787158,0.13795289918159725,0.05177088382551664,0.053734797139297116,0.053734797139297116,0.040823398817847,0.040823398817847,0.012911398321450251,0.3890220325680236,0.11640091098404791,0.08618201535608065,0.012911398321450251
874,0.0005950587569455759,0.0006719212039973983,0.0004921734206100249,0.00046981740079608483,0.00039318302869106105,0.0003229651321087611,0.00014685226868732374,0.00024257272310255814,0.00030470549143992684,0.00006213276833736873,0.13795763589534982,0.051772364633269945,0.053737868729032655,0.053737868729032655,0.04082584395488396,0.04082584395488396,0.01291202477414883,0.38902699609295543,0.11640487500549115,0.08618527126207991,0.01291202477414883
875,0.0005900236443868056,0.0006663708108108091,0.0004880294177535411,0.0004659942239720216,0.0003899895842328637,0.0003203603924737877,0.00014563383149823395,0.00024064670439668767,0.0003022710787107456,0.00006162437431405797,0.1379623340693578,0.051773833155956815,0.05374091578394705,0.05374091578394705,0.04082826968211498,0.04082826968211498,0.012912646101832204,0.3890319178271615,0.11640880683577806,0.086188500913401,0.012912646101832204
876,0.0005850311366266095,0.000660865806393863,0.00048392019195600756,0.0004622016054839844,0.00038682161188303667,0.0003177762226227169,0.0001444253828612675,0.00023873553755189905,0.00029985559353716703,0.00006112005598526799,0.1379669940115975,0.0517752894942718,0.05374393849473416,0.05374393849473416,0.04083067614915895,0.04083067614915895,0.012913262345575344,0.38903679812133907,0.1164127067316204,0.08619170451732573,0.012913262345575344
877,0.0005800808731628459,0.0006554058250755241,0.00047984545297613085,0.0004584393078069495,0.00038367891405028873,0.00031521246530468903,0.00014322684250226052,0.00023683911328691812,0.0002974588950667871,0.00006061978177986897,0.13797161602765234,0.05177673374810041,0.05374693705066953,0.05374693705066953,0.04083306350453447,0.04083306350453447,0.012913873546135197,0.38904163732325864,0.11641657494773923,0.08619488227955197,0.012913873546135197
878,0.0005751724965437757,0.0006499905040643719,0.0004758049129721397,0.0004547070951793826,0.00038056129460816156,0.00031266896440870377,0.00014203813077067888,0.00023495732306120417,0.00029508084341798706,0.00006012352035678289,0.13797620042073042,0.051778166016525434,0.0537499116396202,0.0537499116396202,0.040835431895667344,0.040835431895667344,0.012914479743952996,0.3890464357777884,0.11642041173687973,0.08619803440420501,0.012914479743952996
879,0.0005703056523422514,0.0006446194834267379,0.00047179828648227025,0.000451004733591184,0.00037746855888501406,0.0003101455649561211,0.000140859168635063,0.00023309005907071748,0.00029272129967421813,0.00005963124060350063,0.1379807474916822,0.051779586397833144,0.053752862448054384,0.053752862448054384,0.04083778146889796,0.04083778146889796,0.012915080979156564,0.3890511938269181,0.1164242173498258,0.0862011610938491,0.012915080979156564
880,0.0005654799891301246,0.0006392924060649988,0.0004678252904054058,0.00044733199077170326,0.00037440051365406415,0.00030764211309320175,0.00013968987767850157,0.00023123721424370044,0.0002903801258783064,0.00005914291163460593,0.1379852575390181,0.0517809949895195,0.05375578966105113,0.05375578966105113,0.04084011236948867,0.04084011236948867,0.012915677291562599,0.38905591180978294,0.11642799203541465,0.08620426254949866,0.012915677291562599
881,0.0005606951584528697,0.0006340089176960229,0.00046388564398186906,0.0004436886361778219,0.0003713569671234881,0.0003051584560836871,0.00013853018009413485,0.00022939868223647265,0.000288057185026779,0.00005865850279030632,0.13798973085892582,0.05178239188829628,0.05375869346230991,0.05375869346230991,0.040842424741631106,0.040842424741631106,0.012916268720678945,0.389060590062687,0.1164317360405512,0.08620733897062959,0.012916268720678945
882,0.0005559508148044223,0.0006287686668297726,0.0004599790687743669,0.00044007444098210504,0.00036833772892657675,0.0003026944423014185,0.00013737999868068657,0.00022757435742923993,0.0002857523410642108,0.00005817798363497087,0.1379941677452876,0.05178377719009722,0.053761574034160174,0.053761574034160174,0.04084471872845347,0.04084471872845347,0.012916855305706848,0.3890652289191268,0.11643544961022242,0.08621039055519042,0.012916855305706848
883,0.0005512466156022311,0.0006235713047480577,0.0004561052886490846,0.0004364891780610214,0.00036534261011194935,0.0003002499212229965,0.00013623925683802502,0.00022576413492191749,0.00028346545887759233,0.00005770132395567488,0.13799856848969744,0.051785150990084024,0.05376443155757082,0.05376443155757082,0.04084699447202777,0.04084699447202777,0.012917437085543198,0.38906982870981455,0.11643913298751168,0.08621341749961343,0.012917437085543198
884,0.0005465822211625199,0.0006184164854834415,0.00045226402975693077,0.0004329326219832311,0.00036237142313382383,0.0002978247434204784,0.0001351078785627528,0.00022396791052996728,0.00028119640429071874,0.00005722849376075151,0.13800293338147804,0.0517865133826524,0.053767266212159597,0.053767266212159597,0.04084925211337699,0.04084925211337699,0.012918014098782755,0.38907438976270103,0.1164427864136128,0.08621641999882566,0.012918014098782755
885,0.0005419572946757602,0.0006133038657982982,0.00044845502051493003,0.00042940454899794133,0.00035942398184234396,0.00029541876055411603,0.00013398578844382538,0.00022218558078024973,0.00027894504405859993,0.00005675946327835024,0.13800726270769786,0.05178786446143803,0.0537700781762025,0.0537700781762025,0.04085149179248229,0.04085149179248229,0.012918586383720362,0.3890789124029986,0.11644641012784414,0.08621939824625986,0.012918586383720362
886,0.0005373715021823499,0.0006082331051640198,0.00044467799158776295,0.00042590473702332974,0.00035650010147396307,0.00029303182536513195,0.00013287291165819785,0.00022041704290688978,0.0002767112458618921,0.000056294202955002366,0.13801155675318785,0.05178920431932247,0.05377286762664309,0.05377286762664309,0.040853713648290095,0.040853713648290095,0.012919153978353146,0.38908339695320365,0.11645000436766256,0.0862223524338654,0.012919153978353146
887,0.0005328245125484992,0.0006032038657403716,0.0004409326758694528,0.0004224329656350354,0.0003535995986418838,0.000290663791668535,0.00013176917396650042,0.0002186621948471575,0.0002744948783013508,0.00005583268345419331,0.13801581580055808,0.05179053304843905,0.053775634739101706,0.053775634739101706,0.04085591781871917,0.04085591781871917,0.012919716920382697,0.3890878437331195,0.1164535693686773,0.08622528275211906,0.012919716920382697
888,0.0005283159974423196,0.0005982158123549974,0.00043721880846519666,0.0004189890160547167,0.0003507222913265543,0.0002883145143459749,0.00013067450170874183,0.0002169209352373633,0.0002722958108923052,0.000055374875654941944,0.13802004013021443,0.05179185074017872,0.05377837968788472,0.05377837968788472,0.04085810444066764,0.04085810444066764,0.012920275247217238,0.3890922530598782,0.11645710536466372,0.08622818939003575,0.012920275247217238
889,0.0005238456313101154,0.0005932686124830699,0.00043353612667334075,0.00041557267113867633,0.00034786799886622,0.00028598384933863525,0.00012958882180004108,0.00021519316340876777,0.00027011391405915453,0.000054920750650386816,0.13802423002037498,0.05179315748519581,0.053781102645993645,0.053781102645993645,0.04086027365002001,0.04086027365002001,0.012920828995973788,0.38909662524796285,0.11646061258757699,0.08623107253517921,0.012920828995973788
890,0.0005194130913528759,0.0005883619362270884,0.00042988436996749913,0.0004121837153665531,0.0003450365419475317,0.00028367165364016596,0.00012851206172638714,0.00021347877938350632,0.0002679490591298856,0.000054470279746379285,0.13802838574708637,0.051794453373413804,0.053783803785134233,0.053783803785134233,0.0408624255816541,0.0408624255816541,0.012921378203480292,0.3891009606092296,0.11646409126756566,0.08623393237367259,0.012921378203480292
891,0.000515018057502967,0.0005834954562968219,0.00042626327997881354,0.00040882193483008007,0.00034222774259620823,0.00028137778528965375,0.00012744414954042631,0.0002117776838705288,0.0002658011183306124,0.00005402343446008363,0.13803250758424004,0.05179573849403107,0.053786483275725536,0.053786483275725536,0.04086456036944794,0.04086456036944794,0.012921922906277757,0.3891052594529293,0.11646754163298513,0.086236769090209,0.012921922906277757
892,0.0005106602124010189,0.000578668847989396,0.0004226726004783546,0.0004054871172219092,0.00033944142416775556,0.00027910210336463167,0.00012638501385727754,0.00021008977826155386,0.00026366996478013795,0.00005358018651858409,0.13803659580358835,0.05179701293552647,0.05378914128690884,0.05378914128690884,0.040866678146286646,0.040866678146286646,0.012922463140622358,0.3891095220857291,0.11647096391041109,0.0862395828680619,0.012922463140622358
893,0.0005063392413730103,0.0005738817891695236,0.0004191120773596624,0.00040217905182450195,0.00033667741133823996,0.00027684446797412684,0.00012533458385037509,0.00020841496462703846,0.00026155547248453724,0.000053140507857498795,0.13804065067476057,0.051798276785665044,0.05379177798655664,0.05379177798655664,0.04086877904406926,0.04086877904406926,0.012922998942487544,0.3891137488117339,0.11647435832465276,0.08624237388909554,0.012922998942487544
894,0.0005020548324075464,0.000569133960249878,0.00041558145862142566,0.0003988975294990855,0.00033393553009511694,0.0002746047402517467,0.00012429278924733878,0.00020675314571216245,0.00025945751633176315,0.00005270437061960069,0.13804467246527882,0.05179953013150355,0.05379439354128149,0.05379439354128149,0.04087086319371553,0.04087086319371553,0.012923530347566119,0.3891179399325075,0.11647772509876615,0.08624514233377528,0.012923530347566119
895,0.0004978066761333286,0.0005644250441716071,0.000412080494350299,0.00039564234267467496,0.0003312156077281144,0.0002723827823488034,0.00012325956032587155,0.0002051042249328283,0.0002573759720862737,0.00005227174715344537,0.13804866144057382,0.051800773059396024,0.0537969881164448,0.0537969881164448,0.04087293072517265,0.04087293072517265,0.012924057391272316,0.38912209574709367,0.1164810644540671,0.0862478883811778,0.012924057391272316
896,0.0004935944657968158,0.0005597547263849897,0.00040860893670385633,0.0003924132853371608,0.00032851747282017056,0.00027017845742747674,0.00012223482790968407,0.00020346810637167614,0.00025531071638368194,0.00005184261001200582,0.13805261786400055,0.05180200565499928,0.053799561876165664,0.053799561876165664,0.04087498176742198,0.04087498176742198,0.01292458010874385,0.38912621655203716,0.11648437661014438,0.08625061220900129,0.01292458010874385
897,0.0004894178972400735,0.0005551226948302295,0.00040516653989368,0.00038921015301846104,0.000325840955238426,0.00026799162965401456,0.00012121852336444652,0.0002018446947741139,0.000253261626725428,0.000051416931951314125,0.13805654199685394,0.05180322800327838,0.0538021149833295,0.0538021149833295,0.040877016448485695,0.040877016448485695,0.01292509853484397,0.3891303026414042,0.11648766178487258,0.08625331399357557,0.01292509853484397
898,0.0004852766688788113,0.00055052863991839,0.00040175306016858417,0.0003860327427857389,0.00032318588612527003,0.0002658221641919718,0.00012021057859376719,0.00020023389554436313,0.0002512285814734732,0.000050994685929110074,0.13806043409838412,0.05180444018851202,0.05380464759959675,0.05380464759959675,0.04087903489543344,0.04087903489543344,0.012925612704163484,0.38913435430680315,0.11649092019442496,0.08625599390987211,0.012925612704163484
899,0.000481170481680606,0.0005459722545124657,0.00039836825579797234,0.0003828808532306846,0.0003205520978894408,0.00026366992719548685,0.00011921092603519786,0.00019863561474151996,0.00024921145984501666,0.00005057584510349671,0.13806429442581197,0.05180564229429795,0.05380715988541149,0.05380715988541149,0.04088103723438888,0.04088103723438888,0.012926122651022776,0.3891383718374048,0.11649415205328621,0.08625865213151403,0.012926122651022776
900,0.0004770990391433086,0.0005414532339085918,0.0003950118870553266,0.00037975428445886184,0.0003179394241971791,0.0002615347858025961,0.00011821949865626583,0.0001970497590756318,0.00024721014190723454,0.000050160382831602764,0.13806812323434428,0.05180683440355831,0.053809652000009936,0.053809652000009936,0.04088302359053629,0.04088302359053629,0.01292662840947381,0.3891423555199628,0.1164973575742651,0.08626128883078599,0.01292662840947381
901,0.00047306204727363445,0.0005369712758173889,0.0003916837162018288,0.0003766528380791182,0.00031534769996343574,0.00025941660812858584,0.00011723622995053249,0.0001954762359037894,0.0002452245085720414,0.00004974827266825204,0.13807192077718888,0.05180801659854487,0.05381212410142901,0.05381212410142901,0.04088499408812705,0.04088499408812705,0.012927130013302125,0.38914630563883335,0.11650053696850708,0.08626390417864402,0.012927130013302125
902,0.0004690592145659345,0.0005325260803454436,0.0003883835074701122,0.0003735763171930597,0.0003127767613431321,0.0002573152632593817,0.00011626105393367817,0.00019391495322623465,0.00024325444159087429,0.00004933948836463966,0.13807568730556968,0.051809188960844375,0.05381457634651473,0.05381457634651473,0.040886948850486084,0.040886948850486084,0.012927627496028807,0.38915022247599534,0.11650369044550672,0.0862664983447253,0.012927627496028807
903,0.00046509025198114584,0.0005281173499769235,0.00038511102704814264,0.00037052452638458886,0.0003102264457224738,0.00025523062124497577,0.00011529390513961321,0.00019236581968248398,0.0002412998235494992,0.00004893400386701526,0.1380794230687416,0.05181035157138371,0.05381700889093064,0.05381700889093064,0.040888888000018345,0.040888888000018345,0.012928120890912453,0.38915410631107,0.11650681821312016,0.0862690714973579,0.012928120890912453
904,0.00046115487292592075,0.0005237447895553253,0.00038186604306322775,0.00036749727170950607,0.0003076965917103172,0.0002531625530928909,0.0001143347186166153,0.00019082874454746742,0.0002393605378628404,0.00004853179331537302,0.13808312831400546,0.051811504510435105,0.053819421889166136,0.053819421889166136,0.04089081165821517,0.04089081165821517,0.012928610230951123,0.3891579574213404,0.11650992047757738,0.08627162380357034,0.012928610230951123
905,0.0004572527932319322,0.0005194081062653565,0.0003786483255661545,0.00036449436068517437,0.0003051870391295885,0.00025111093076168195,0.00011338342992349253,0.00018930363772768358,0.0002374364687698322,0.000048132831042148636,0.13808680328672254,0.05181264785762127,0.05382181549454476,0.05382181549454476,0.04089271994566064,0.04089271994566064,0.012929095548884276,0.38916177608177105,0.11651299744349448,0.08627415542910127,0.012929095548884276
906,0.00045338373113535426,0.0005151070096149476,0.0003754576465154526,0.0003615156022802469,0.0003026976290087555,0.0002490756271544746,0.00011243997512577245,0.00018779040975737028,0.00023552750132829338,0.000047737091570923127,0.1380904482303294,0.0518137816919205,0.05382418985923246,0.05382418985923246,0.04089461298203792,0.04089461298203792,0.012929576877194699,0.3891655625650267,0.11651604931388578,0.08627666653840889,0.012929576877194699
907,0.0004495474072565166,0.0005108412114173963,0.00037229377976178405,0.00035856080690445727,0.000300228203573351,0.0002470565161125406,0.00011150429079191676,0.0001862889717946911,0.0002336335214098246,0.00004734454961513353,0.1380940633863522,0.05181490609167176,0.05382654513424574,0.05382654513424574,0.04089649088613549,0.04089649088613549,0.012930054248110409,0.3891693171414919,0.11651907629017587,0.08627915729468043,0.012930054248110409
908,0.0004457435445797307,0.0005066104257736415,0.0003691565010324568,0.00035562978639847194,0.0002977786062375488,0.0002450534724089105,0.00011057631398956157,0.00018479923561793782,0.00023175441569472824,0.00004695518007679044,0.13809764899442123,0.05181602113457968,0.05382888146945984,0.05382888146945984,0.040898353775853435,0.040898353775853435,0.01293052769360656,0.38917304007928943,0.1165220785722116,0.08628162785984156,0.01293052769360656
909,0.00044197186843328686,0.0005024143690546659,0.0003660455879160627,0.00035272235402380525,0.00029534868159579117,0.00024306637174202232,0.00010965598228178306,0.00018332111362174877,0.0002298900716669512,0.00004656895804520244,0.1381012052922852,0.05181712689771957,0.05383119901361679,0.05383119901361679,0.04090020176820962,0.04090020176820962,0.012930997245407328,0.3891767316442998,0.11652505635827397,0.08628407839456564,0.012930997245407328
910,0.0004382321064696206,0.000498252759884028,0.0003629608198472376,0.00034983832445279584,0.000292938275414468,0.00024109509072940753,0.00010874323372338843,0.0001818545188133432,0.0002280403776090505,0.00004618585879570731,0.13810473251582545,0.05181822345754239,0.053833497914333464,0.053833497914333464,0.04090203497934584,0.04090203497934584,0.01293146293498778,0.38918039210017896,0.11652800984508993,0.08628650905828307,0.01293146293498778
911,0.00043452398864564693,0.0004941253191205206,0.0003599019780915437,0.00034697751375864516,0.000290547234623647,0.00023913950690141318,0.00010783800685723209,0.0001803993648087716,0.0002262052225971817,0.000045805857788410106,0.13810823089906998,0.05181931088987962,0.05383577831810955,0.05383577831810955,0.04090385352453397,0.04090385352453397,0.012931924793575737,0.38918402170837746,0.11653093922784408,0.08628892000919036,0.012931924793575737
912,0.00043084724720326067,0.0004900317698409568,0.0003568688457304728,0.000344139739405517,0.0002881754073088555,0.00023719949869496038,0.00010694024071055669,0.00017895556582918205,0.00022438449649611012,0.000045428930666928064,0.13811170067420758,0.0518203892699482,0.05383804037033552,0.05383804037033552,0.04090565751818206,0.04090565751818206,0.012932382852153621,0.3891876207281583,0.11653384470019032,0.08629131140425937,0.012932382852153621
913,0.00042720161665000227,0.00048597183732308123,0.0003538612076465689,0.00034132482023869836,0.0002858226427029127,0.00023527494544733918,0.00010604987479135928,0.00017752303669710273,0.00022257808995424503,0.00004505505325714229,0.13811514207160164,0.051821458672355304,0.05384028421530048,0.05384028421530048,0.04090744707384035,0.04090744707384035,0.01293283714146029,0.3891911894166156,0.11653672645426341,0.08629368339924633,0.01293283714146029
914,0.00042358683373988686,0.0004819452490286068,0.0003508788505086708,0.0003385325764748213,0.00028348879117781286,0.00023336572739003937,0.00010516684908478203,0.0001761016928327404,0.00022078589439869666,0.00004468420156595624,0.13811855531980402,0.05182251917110322,0.05384250999620002,0.05384250999620002,0.04090922230420732,0.04090922230420732,0.012933287691992862,0.3891947280286921,0.11653958468069044,0.0862960361487008,0.012933287691992862
915,0.0004200026374543955,0.0004779517345863752,0.00034792156275727194,0.000335762829692145,0.000281173704236659,0.00023147172564261747,0.00010429110404952764,0.00017469145025029518,0.0002190078020303562,0.00004431635178006103,0.13812194064556876,0.05182357083959407,0.05384471785514401,0.05384471785514401,0.04091098332113565,0.04091098332113565,0.012933734534008522,0.3891982368171972,0.11654241956860222,0.08629836980597469,0.012933734534008522
916,0.00041644876898362757,0.0004739910257756408,0.00034498913458999814,0.0003330154028208986,0.0002788772345056466,0.00022959282220659944,0.00010342258061429927,0.00017329222555429122,0.00021724370581899867,0.000043951480264707445,0.1381252982738657,0.05182461375063456,0.053846907933164316,0.053846907933164316,0.040912730235638156,0.040912730235638156,0.012934177697526323,0.3892017160328247,0.11654523130564458,0.08630068452323111,0.012934177697526323
917,0.0004129249717076123,0.00047006285650947737,0.00034208135794720106,0.0003302901201336839,0.0002765992357260973,0.00022772889995941926,0.00010256122017426478,0.0001719039359359239,0.00021549349949840868,0.00004358956356248479,0.1381286284278939,0.0518256479764407,0.053849080370222506,0.053849080370222506,0.040914463157893696,0.040914463157893696,0.01293461721232897,0.3892051659241706,0.11654802007798963,0.08630298045145318,0.01293461721232897
918,0.00040943099117777865,0.0004661669628183063,0.0003391980264976677,0.00032758680723593797,0.00027433956274654307,0.00022587984264839289,0.0001017069645875452,0.00017052649916942284,0.00021375707756152924,0.00004323057839210642,0.13813193132909524,0.051826673588642444,0.05385123530521749,0.05385123530521749,0.040916182197253056,0.040916182197253056,0.012935053107964594,0.38920858673775005,0.1165507860703469,0.08630525774045278,0.012935053107964594
919,0.00040596657509858205,0.00046230308283354575,0.00033633893562444396,0.00032490529105645526,0.0002720980715148589,0.000224045534884728,0.00010085975617172736,0.0001691598336084315,0.0002120343352556335,0.00004287450164720201,0.1381352071971676,0.05182769065828832,0.0538533728759931,0.0538533728759931,0.04091788746224475,0.04091788746224475,0.012935485413748515,0.38921197871801505,0.11655352946597436,0.08630751653887926,0.012935485413748515
920,0.0004025314733092864,0.00045847095677137967,0.00033350388241077213,0.00032224539983796913,0.00026987461907044565,0.0002222258621375689,0.00010001953770040034,0.0001678038581824027,0.0002103251685775193,0.00004252131039511661,0.13813845625007817,0.05182869925585004,0.05385549321934566,0.05385549321934566,0.04091957906058084,0.04091957906058084,0.012935914158764987,0.3892153421073713,0.1165562504466895,0.0863097569942281,0.012935914158764987
921,0.0003991254377659001,0.0004546703269166467,0.0003306926656261411,0.0003196069631277924,0.0002676690635364618,0.00022042071072807663,0.00009918625239971588,0.00016645849239301064,0.0002086294742687269,0.000042170981875716276,0.13814167870407656,0.05182969945122705,0.05385759647103143,0.05385759647103143,0.04092125709916266,0.04092125709916266,0.012936339371868938,0.3892186771461954,0.1165589491928802,0.08631197925284947,0.012936339371868938
922,0.00039574822252326557,0.000450900937606847,0.00032790508571244845,0.00031698981176851666,0.000265481264112104,0.0002186299678235443,0.00009835984394497243,0.00016512365631057903,0.00020694714981077953,0.00004182349350020053,0.13814487477370785,0.051830691313751044,0.05385968276577412,0.05385968276577412,0.04092292168408659,0.04092292168408659,0.012936761081687695,0.3892219840728517,0.11656162588351557,0.08631418345995676,0.012936761081687695
923,0.00039239958371729947,0.00044716253521626684,0.00032514094477027386,0.00031439377788876994,0.0002633110810649365,0.0002168535214315473,0.00009754025645722275,0.00016379927057052552,0.00020527809342044687,0.000041478822849921384,0.13814804467182554,0.05183167491219049,0.05386175223727222,0.05386175223727222,0.040924572920649695,0.040924572920649695,0.012937179316622697,0.3892252631237088,0.1165642806961567,0.086316369759635,0.012937179316622697
924,0.0003890792795473838,0.00044345486814022055,0.0003224000465452622,0.00031181869489403316,0.0002611583757232689,0.00021509126039412832,0.00009672743449990495,0.00016248525636982253,0.00020362220404503156,0.00004113694767520907,0.13815118860960443,0.05183265031475506,0.05386380501820642,0.05386380501820642,0.0409262109133554,0.0409262109133554,0.012937594104851196,0.38922851453315643,0.11656691380696735,0.08631853829484931,0.012937594104851196
925,0.0003857870702589059,0.0004397776867794079,0.00031968219641461646,0.0003092643974575139,0.0002590230104685822,0.00021334307438201713,0.0000959213230754969,0.00016118153546347427,0.00020197938135767864,0.000040797845894204416,0.13815430679655338,0.05183361758910006,0.053865841240246876,0.053865841240246876,0.0409278357659191,0.0409278357659191,0.012938005474327947,0.38923173853362186,0.11656952539072458,0.08632068920745326,0.012938005474327947
926,0.0003825227181259459,0.0004361307435243875,0.0003169872013736991,0.00030673072151107843,0.0002569048487280029,0.0002116088538888849,0.00009512186762219368,0.00015988803016101015,0.00020034952575270792,0.00004046149559169781,0.13815739944052796,0.05183457680233081,0.05386786103406045,0.05386786103406045,0.04092944758127374,0.04092944758127374,0.012938413452786889,0.38923493535558595,0.11657211562082927,0.08632282263819707,0.012938413452786889
927,0.00037928598743411097,0.00043251379274016435,0.0003143148700227409,0.00030421750423624094,0.0002548037549668248,0.0002098884902256329,0.00009432901401060817,0.00015860466332299437,0.00019873253834096915,0.00004012787501797482,0.13816046674774307,0.051835528021007035,0.05386986452931798,0.05386986452931798,0.040931046461575346,0.040931046461575346,0.012938818067742806,0.3892381052275997,0.11657468466931654,0.08632493872673597,0.012938818067742806
928,0.00037607664446351465,0.00042892659075089107,0.0003116650125536569,0.00030172458405521,0.0002527195946810785,0.00020818187551471562,0.00009354270854049453,0.00015733135835755205,0.00019712832094522038,0.00003979696258766837,0.13816350892278542,0.05183647131114714,0.05387185185470139,0.05387185185470139,0.040932632508208576,0.040932632508208576,0.012939219346492985,0.3892412483762999,0.11657723270686621,0.08632703761163822,0.012939219346492985
929,0.0003728944574719003,0.00042536889582468263,0.000309037440736968,0.00029925180062199215,0.0002506522343901483,0.00020648890268449785,0.00009276289793749442,0.00015606803921691152,0.00019553677609552894,0.00003946873687861747,0.13816652616862599,0.05183740673823254,0.053873823137910844,0.053873823137910844,0.04093420582179215,0.04093420582179215,0.012939617316118862,0.38924436502642545,0.11657975990281302,0.08632911943039337,0.012939617316118862
930,0.00036973919667790726,0.000421840468158543,0.0003064319679088284,0.0002967989948135518,0.00024860154162943595,0.00020480946546364598,0.00009198952934990594,0.00015481463039396294,0.00019395780702469547,0.0000391431766307326,0.13816951868663221,0.05183833436721191,0.0538757785056718,0.0538757785056718,0.04093576650218432,0.04093576650218432,0.012940012003487648,0.38924745540083283,0.11658226642515693,0.08633118431942022,0.012940012003487648
931,0.0003666106342444788,0.00041834106986340323,0.0003038484089581567,0.00029436600872102803,0.0002465673849430714,0.0002031434583755531,0.000091222550345475,0.00015357105691883336,0.00019239131766370077,0.000038820260744867474,0.13817248667658036,0.051839254262505415,0.053877718083742046,0.053877718083742046,0.04093731464848826,0.04093731464848826,0.012940403435253956,0.38925051972051194,0.11658475244057322,0.08633323241407485,0.012940403435253956
932,0.0003635085442624101,0.0004148704649492705,0.0003012865803138708,0.0002919526856410069,0.00024454963387667055,0.00020149077673279781,0.0000904619089082092,0.00015233724435547802,0.00019083721263717546,0.0000384999682816975,0.13817543033666757,0.05184016648800887,0.053879641996918685,0.053879641996918685,0.04093885035905745,0.04093885035905745,0.012940791637861404,0.3892535582046015,0.11658721811442264,0.08633526384865861,0.012940791637861404
933,0.0003604327027340359,0.000411428419310487,0.00029874629993222615,0.00028955887006685047,0.00024254815897013906,0.00019985131663163676,0.0000897075534352138,0.00015111311879828802,0.00018929539725889255,0.0000381822784606046,0.13817834986352398,0.05184107110709795,0.05388155036904506,0.05388155036904506,0.040940373731501,0.040940373731501,0.012941176637544221,0.3892565710704046,0.11658966361076141,0.08633727875642594,0.012941176637544221
934,0.00035738288755705563,0.00040801470071109814,0.00029622738728425516,0.00028718440768008046,0.0002405628317505225,0.0001982249749465305,0.00008895943273355004,0.00014989860686871425,0.00018776577752728274,0.00003786717065856858,0.13818124545222465,0.0518419681826323,0.05388344332301765,0.05388344332301765,0.04094188486268898,0.04094188486268898,0.012941558460328828,0.38925955853340394,0.11659208909235111,0.08633927726959226,0.012941558460328828
935,0.00035435887850849597,0.0004046290787703291,0.00029372966334330813,0.00028482914534181807,0.00023859352472490263,0.00019661164932470288,0.0000882174960171153,0.00014869363571190768,0.00018624826012097256,0.00003755462440906495,0.13818411729630145,0.051842857776959635,0.053885320980792926,0.053885320980792926,0.04094338384875767,0.04094338384875767,0.012941937132035413,0.3892625208072768,0.11659449472066861,0.08634125951934173,0.012941937132035413
936,0.00035136045722880874,0.0004012713249481695,0.00029125295057269487,0.0002824929310842785,0.00023664011137333925,0.00019501123818073344,0.0000874816929035452,0.00014749813299337605,0.0001847427523943452,0.000037244619400969234,0.13818696558775487,0.05184373995191981,0.053887183463394134,0.053887183463394134,0.04094487078511479,0.04094487078511479,0.012942312678279503,0.3892654581039102,0.11659688065591586,0.08634322563583498,0.012942312678279503
937,0.00034838740720610344,0.00039794121253106443,0.0002887970729134255,0.0002801756141023203,0.00023470246614185777,0.00019342364069118302,0.0000867519734111374,0.00014631202689565666,0.00018324916237312416,0.00003693713547746758,0.1381897905170657,0.05184461476884884,0.05388903089091808,0.05388903089091808,0.04094634576644472,0.04094634576644472,0.012942685124473512,0.38926837063341596,0.11659924705702959,0.08634517574821679,0.012942685124473512
938,0.00034543951376051326,0.0003946385166177127,0.00028636185577205034,0.0002778770447450492,0.00023278046443548213,0.00019184875678925217,0.0000860282879557972,0.00014513524611500564,0.00018176739874997948,0.00003663215263497391,0.13819259227320674,0.051845482288582954,0.05389086338254181,0.05389086338254181,0.04094780888671368,0.04094780888671368,0.012943054495828287,0.389271258604145,0.11660159408169102,0.08634710998462371,0.012943054495828287
939,0.0003425165640286936,0.00039136301410496957,0.00028394712600859787,0.0002755970745074766,0.00023087398261131267,0.00019028648715947242,0.00008531058734800433,0.00014396771985810338,0.00018029737088015674,0.00003632965102205342,0.13819537104365417,0.05184634257146251,0.05389268105652931,0.05389268105652931,0.04094926023917483,0.04094926023917483,0.012943420817354638,0.38927412222270275,0.11660392188633538,0.0863490284721916,0.012943420817354638
940,0.0003396183469484508,0.00038811448367385526,0.00028155271192460994,0.00027333555602223155,0.00022898289797164897,0.00018873673323243023,0.00008459882278980147,0.0001428093778387764,0.0001788389887771287,0.000036029610938352374,0.13819812701439926,0.05184719567733599,0.05389448403023811,0.05389448403023811,0.04095069991637341,0.04095069991637341,0.012943784113864858,0.3892769616939628,0.11660623062616149,0.08635093133706319,0.012943784113864858
941,0.00033674465324350235,0.00038489270577566714,0.0002791784432512736,0.00027109234305132683,0.00022710708875715743,0.0001871993971795233,0.00008389294587180367,0.00014166015027473517,0.00017739216310826944,0.000035732012833534334,0.1382008603699595,0.051848041665563886,0.05389627242012588,0.05389627242012588,0.04095212801015179,0.04095212801015179,0.012944144409974241,0.389279777221082,0.11660852045514121,0.08635281870439551,0.012944144409974241
942,0.000333895275408365,0.0003816974626181953,0.0002768241511376489,0.00026886729047797837,0.00022524643414008314,0.00018567438190774933,0.00008319290857022916,0.00014051996788432862,0.0001759568051905512,0.000035436837306222665,0.13820357129339,0.05184888059502261,0.05389804634175696,0.05389804634175696,0.04095354461165454,0.04095354461165454,0.012944501730102576,0.3892825690055145,0.11661079152602878,0.0863546906983673,0.012944501730102576
943,0.00033107000769337115,0.0003785285381520408,0.0002744896681389912,0.000266660254298478,0.00022340081421750606,0.00018416159105452709,0.00008249866324395102,0.00013938876188331441,0.00017453282698626368,0.00003514406510294936,0.1382062599662948,0.05184971252410831,0.05389980590980887,0.05389980590980887,0.04095494981133339,0.04095494981133339,0.012944856098475638,0.38928533724702585,0.11661304399037019,0.08635654744218639,0.012944856098475638
944,0.00032826864608981185,0.0003753857180570364,0.00027217482820516854,0.00026447109161411897,0.00022157011000464117,0.00018266092898254932,0.00008181016263156974,0.00013826646398164578,0.0001731201410987558,0.00003485367711711013,0.13820892656883776,0.05185053751074075,0.05390155123807873,0.05390155123807873,0.04095634369895222,0.04095634369895222,0.012945207539126667,0.38928808214370725,0.11661527799851236,0.08635838905809694,0.012945207539126667
945,0.0003254909883152058,0.0003722687897287677,0.0002698794666691722,0.0002622996606231743,0.00021975420342818232,0.00018117230077466787,0.00008112735984850653,0.00013715300638027442,0.0001717186607682001,0.000034565654387925776,0.1382115712797539,0.05185135561236707,0.05390328243948972,0.05390328243948972,0.04095772636359204,0.04095772636359204,0.012945556075897839,0.3892908038919893,0.11661749369961241,0.08636021566738676,0.012945556075897839
946,0.00032273683379869253,0.0003691775422651957,0.00026760342023572013,0.0002601458206129276,0.0002179529773196898,0.0001796956122288104,0.00008045020838411727,0.00013604832176796955,0.00017032829986737925,0.000034279978099409796,0.13821419427636011,0.051852166885965556,0.0539049996260974,0.0539049996260974,0.040959097893655844,0.040959097893655844,0.012945901732441718,0.38929350268665597,0.1166196912416467,0.0863620273903945,0.012945901732441718
947,0.00032000598366654974,0.00036611176645337876,0.0002653465269699525,0.00025800943195175574,0.00021616631540902095,0.0001782307698529289,0.00007977866209882696,0.00013495234331815318,0.00016894897289749527,0.00003399662957934219,0.13821679573456624,0.051852971388049396,0.05390670290909607,0.05390670290909607,0.040960458376873524,0.040960458376873524,0.012946244532222711,0.3892961787208583,0.1166218707714199,0.0863638243465168,0.012946244532222711
948,0.0003172982407278328,0.00036307125475629404,0.0002631086262862187,0.0002558903560812639,0.00021439410231780415,0.00017677768085997954,0.00007911267522128445,0.0001338650046857515,0.0001675805949840009,0.00003371559029824948,0.13821937582888577,0.05185376917467038,0.05390839239882504,0.05390839239882504,0.04096180790030671,0.04096180790030671,0.012946584498518505,0.389298832186128,0.11662403243457399,0.08636560665421532,0.012946584498518505
949,0.0003146134094601357,0.00036005580129975715,0.00026088955893695546,0.0002537884555084717,0.00021263622355295554,0.00017533625316293417,0.00007845220234553762,0.00013278624000406239,0.0001662230818724532,0.000033436841868390914,0.1382219347324466,0.051854560301422596,0.05391006820477488,0.05391006820477488,0.04096314655035357,0.04096314655035357,0.012946921654421488,0.38930146327239085,0.11662617637559716,0.08636737443102392,0.012946921654421488
950,0.00031195129599547296,0.00035706520185943997,0.0002586891670016541,0.0002517035937980511,0.0002108925655002384,0.00017390639536982267,0.00007779719842822847,0.000131715983881639,0.00016487634992438967,0.000033160366042750785,0.1382244726170017,0.05185534482344605,0.05391173043559361,0.05391173043559361,0.04096447441275361,0.04096447441275361,0.012947256022840171,0.3893040721679802,0.11662830273783269,0.08636912779355554,0.012947256022840171
951,0.0003093117081062805,0.0003540992538479855,0.0002565072938759177,0.0002496356355646151,0.00020916301541786496,0.0001724880167788068,0.00007714761878580834,0.00013065417139918945,0.00016354031611322628,0.00003288614471403691,0.13822698965293967,0.05185612279543034,0.05391337919909285,0.05391337919909285,0.040965791572592426,0.040965791572592426,0.0129475876265006,0.3893066590596502,0.11663041166348768,0.08637086685750925,0.0129475876265006
952,0.000306694455191535,0.0003511577563022191,0.0002543437842606069,0.00024758444646505765,0.00020744746143014047,0.00017108102737328464,0.00007650341909177305,0.00012960073810649257,0.0001622148980201777,0.000032614159913685216,0.13822948600929533,0.051856894271618194,0.05391501460225398,0.05391501460225398,0.04096709811430642,0.04096709811430642,0.01294791648794774,0.3893092241325889,0.11663250329364186,0.08637259173767704,0.01294791648794774
953,0.00030409934826299126,0.0003482405098704555,0.00025219848415107315,0.00024554989319094375,0.00020574579252114923,0.0001696853378170261,0.00007586455537391768,0.0001285556200193296,0.0001609000138301999,0.000032344393810870376,0.13823196185375997,0.051857659305809115,0.05391663675123418,0.05391663675123418,0.040968394121687485,0.040968394121687485,0.012948242629546877,0.3893117675704315,0.11663457776825616,0.08637430254795078,0.012948242629546877
954,0.00030152619993153523,0.00034534731679990144,0.0002500712408264796,0.0002435318434609499,0.00020405789852848236,0.0001683008594493389,0.00007523098401161105,0.00012751875361643198,0.00015959558232795444,0.00003207682871152256,0.13823441735269187,0.051858417951362853,0.05391824575137248,0.05391824575137248,0.04096967967788768,0.04096967967788768,0.012948566073484985,0.38931428955527303,0.11663663522618137,0.08637599940132895,0.012948566073484985
955,0.00029897482439365303,0.00034247798092415207,0.0002479619028392083,0.00024153016601335497,0.00020238367013700716,0.00016692750428026515,0.00007460266173308985,0.00012649007583644497,0.00015830152289379504,0.00003181144705735016,0.13823685267112648,0.05185917026120297,0.05391984170719576,0.05391984170719576,0.04097095486542384,0.04097095486542384,0.012948886841772101,0.3893167902676813,0.11663867580516665,0.08637768240992344,0.012948886841772101
956,0.0002964450374180145,0.0003396323076507818,0.0002458703200043531,0.00023954473059858023,0.0002007229988726778,0.00016556518498580836,0.00007397954561277191,0.00012546952407490743,0.00015701775549977593,0.000031548231424868605,0.13823926797278663,0.0518599162878203,0.0539214247224247,0.0539214247224247,0.040972219766182205,0.040972219766182205,0.012949204956242674,0.3893192698867097,0.11664069964186802,0.08637935168496624,0.012949204956242674
957,0.0002939366563321697,0.0003368101039490278,0.0002437963433892984,0.0002375754079717795,0.00019907577709638708,0.0001642138149031905,0.00007336159306858903,0.00012445703618124725,0.00015574420070568225,0.00003128716452443509,0.13824166342009261,0.05186065608327643,0.0539229948999797,0.0539229948999797,0.04097347446142295,0.04097347446142295,0.012949520438556923,0.3893217285899097,0.11664270687185674,0.0863810073368161,0.012949520438556923
958,0.00029144950000935905,0.0003340111783375667,0.0002417398253033813,0.00023562206988547816,0.0001974418979978591,0.0001628733080261394,0.0000727487618593388,0.0001234525504557929,0.00015448077965508214,0.00003102822919928934,0.13824403917417233,0.05186138969920712,0.05392455234198675,0.05392455234198675,0.04097471903178476,0.04097471903178476,0.012949833310202167,0.38932416655334356,0.1166446976296277,0.08638264947496513,0.012949833310202167
959,0.00028898338885543373,0.0003312353408723824,0.00023970061928763872,0.0002336845890822613,0.00019582125558958261,0.00016154357900020588,0.00007214101008205548,0.0001224560056468006,0.00015322741407140076,0.000030771408424600246,0.13824639539487119,0.05186211718682571,0.0539260971497833,0.0539260971497833,0.04097595355728932,0.04097595355728932,0.01295014359249416,0.3893265839515966,0.11664667204860768,0.0863842782080454,0.01295014359249416
960,0.00028653814479588776,0.0003284824031347255,0.00023767858010463686,0.0002317628392875106,0.0001942137447007848,0.00016022454311811072,0.00007153829616939992,0.00012146734094749756,0.000151984026254016,0.000030516685306518517,0.138248732240762,0.05186283859692653,0.05392762942392402,0.05392762942392402,0.04097717811734579,0.04097717811734579,0.012950451306578407,0.38932898095778945,0.11664863026116358,0.08638589364383539,0.012950451306578407
961,0.0002841135912629995,0.0003257521782191635,0.00023567356372838373,0.00022985669520218964,0.00019261926097144535,0.00015891611631512148,0.0000709405788870682,0.00012048649599314078,0.00015075053907437586,0.000030264043081235147,0.13825104986915487,0.051863553979888226,0.05392914926418656,0.05392914926418656,0.04097839279075526,0.04097839279075526,0.012950756473431472,0.3893313577435905,0.11665057239861058,0.08638749588926657,0.012950756473431472
962,0.0002817095531830818,0.0003230444807217207,0.00023368542733432325,0.00022796603249567745,0.0001910377008463504,0.00015761821516445854,0.00007034781733121895,0.00011951341085809172,0.00014952687597213744,0.000030013465114045784,0.1382533484361069,0.051864263385677095,0.0539306567695773,0.0539306567695773,0.0409795976557152,0.0409795976557152,0.012951059113862285,0.3893337144792278,0.1166524985912203,0.08638908505042972,0.012951059113862285
963,0.00027932585696384036,0.0003203591267281074,0.00023171402928941082,0.00022609072779865,0.0001894689615691865,0.00015633075687273074,0.00006975997092591932,0.00011854802605290668,0.00014831296095132757,0.000029764934898420962,0.13825562809643185,0.051864966863850406,0.05393215203833702,0.05393215203833702,0.04098079278982378,0.04098079278982378,0.012951359248513426,0.3893360513335012,0.11665440896822876,0.08639066123258136,0.012951359248513426
964,0.00027696233048183863,0.0003176959338020378,0.00022975922914226908,0.00022423065869600945,0.00018791294117667394,0.00015505365927540014,0.00006917699942060934,0.00011759028252144282,0.0001471087185765249,0.00002951843605508214,0.13825788900370983,0.05186566446355967,0.05393363516794653,0.05393363516794653,0.040981978270084304,0.040981978270084304,0.01295165689786241,0.3893383684737941,0.11665630365784445,0.0863922245401501,0.01295165689786241
965,0.00027461880307006923,0.0003150547209736365,0.00022782088761342425,0.00022238570371986064,0.00018636953849273955,0.00015378684083227592,0.00006859886288758475,0.00011664012163797988,0.00014591407396906338,0.000029273952331083542,0.1382601313102968,0.05186635623355387,0.0539351062551323,0.0539351062551323,0.04098315417290952,0.04098315417290952,0.01295195208222296,0.38934066606608553,0.11665818278725622,0.08639377507674285,0.01295195208222296
966,0.0002722951055056302,0.00031243530872793147,0.00022589886658562125,0.00022055574234253504,0.00018483865312272875,0.00015253022062303723,0.00006802552171949782,0.00011569748520435746,0.00014472895280325722,0.000029031467598899797,0.13826235516733398,0.051867042222182747,0.053936565395871994,0.053936565395871994,0.0409843205741259,0.0409843205741259,0.012952244821746272,0.3893429442749617,0.11666004648264114,0.08639531294515118,0.012952244821746272
967,0.0002699910699975057,0.00030983751899343496,0.00022399302909421778,0.00021874065496966136,0.00018332018544765625,0.00015128371834278477,0.00006745693662687659,0.00011476231544712793,0.00014355328130264718,0.00002879096585551929,0.1382645607247574,0.051867722477399944,0.05393801268540003,0.05393801268540003,0.04098547754897794,0.04098547754897794,0.01295253513642226,0.38934520326362754,0.11666189486917236,0.08639683824735742,0.01295253513642226
968,0.0002677065301744499,0.0003072611751308097,0.00022210323931765643,0.000216940322933283,0.00018181403661849584,0.00015004725429762112,0.00006689306863566188,0.00011383455501472482,0.00014238698623626807,0.000028552431221543286,0.1382667481313071,0.05186839704676621,0.05393944821821305,0.05393944821821305,0.04098662517213241,0.04098662517213241,0.012952823046080815,0.38934744319391845,0.11666372807102683,0.08639835108454084,0.012952823046080815
969,0.0002654413210729738,0.0003047061019216212,0.00022022936256801436,0.00021515462848502176,0.0001803201085505083,0.00014882074940025951,0.00006633387908476226,0.00011291414697464675,0.00014122999491493745,0.00002831584794029073,0.13826891753453643,0.05186906597745257,0.053940872088075416,0.053940872088075416,0.04098776351768256,0.04098776351768256,0.012953108570393031,0.3893496642263116,0.11666554621139302,0.08639985155708382,0.012953108570393031
970,0.00026319527912543325,0.00030217212555717525,0.00021837126528162973,0.00021338345478928787,0.00017883830391760794,0.00014760412516566103,0.00006577932962362686,0.00011200103481065681,0.0001400822351875655,0.000028081200376908724,0.1382710690808213,0.05186972931624342,0.053942284388024564,0.053942284388024564,0.04098889265915231,0.04098889265915231,0.012953391728872434,0.38935186651993725,0.11666734941247853,0.08640133976457783,0.012953391728872434
971,0.000260968242148218,0.00029965907362743935,0.00021652881500980426,0.00021162668591653572,0.000177368526146767,0.00014639730370670002,0.00006522938220983572,0.00011109516241999734,0.00013894363543748598,0.000027848473017488685,0.13827320291536918,0.05187038710953965,0.05394368521037644,0.05394368521037644,0.04099001266950041,0.04099001266950041,0.012953672540876204,0.38935405023259007,0.1166691377955177,0.08640281580582948,0.012953672540876204
972,0.0002587600493300408,0.00029716677511004827,0.00021470188040958186,0.00020988420683656542,0.00017591067941245808,0.00014520020772985765,0.00006468399910670778,0.00011019647411062012,0.00013781412457880817,0.000027617650468188088,0.13827531918222835,0.05187103940336175,0.05394507464673081,0.05394507464673081,0.040991123621124614,0.040991123621124614,0.01295395102560638,0.3893562155207402,0.11667091148077917,0.08640427977886654,0.01295395102560638
973,0.0002565705412203251,0.00029469506035939276,0.00021289033123460173,0.0002081559034118696,0.00017446466863113404,0.0001440127605309433,0.00006414314288092633,0.00010930491459843187,0.0001366936320527897,0.000027388717454357866,0.13827741802429672,0.05187168624335282,0.0539464527879766,0.0539464527879766,0.04099222558586572,0.04099222558586572,0.012954227202111061,0.38935836253954426,0.11667267058757329,0.08640573178094384,0.012954227202111061
974,0.00025439955971769156,0.00029224376109579086,0.00021109403832602648,0.0002064416623910254,0.00017303039945574543,0.00014283488599084378,0.00006360677640018164,0.00010842042900455506,0.00013558208782423037,0.00002716165881967534,0.13827949958333083,0.05187232767478163,0.05394781972429713,0.05394781972429713,0.040993318635011704,0.040993318635011704,0.012954501089285605,0.3893604914428566,0.1166744152342596,0.08640717190854914,0.012954501089285605
975,0.00025224694805854185,0.0002898127103947413,0.00020931287360354377,0.0002047413714021314,0.0001716077782702953,0.00014166650857130042,0.00006307486283083097,0.000107542962852604,0.0001344794223778867,0.000026936459525282742,0.13828156399995473,0.05187296374254563,0.05394917554517537,0.05394917554517537,0.04099440283930175,0.04099440283930175,0.012954772705873802,0.38936260238323983,0.11667614553825416,0.08640860025740905,0.012954772705873802
976,0.0002501125508057388,0.0002874017426762586,0.00020754671005644126,0.00020305491894628897,0.00017019671218443074,0.00014050755331071338,0.00006254736563557559,0.00010667246206597607,0.00013338556671490726,0.00002671310464893124,0.13828361141366874,0.05187359449117394,0.05395052033939915,0.05395052033939915,0.040995478268930276,0.040995478268930276,0.012955042070469054,0.3893646955119759,0.11667786161603687,0.08641001692249477,0.012955042070469054
977,0.00024799621383738254,0.0002850106936942884,0.0002057954217347545,0.0002013821943911284,0.00016879710902807153,0.00013935794581997356,0.00006202424857115484,0.00010580887296515821,0.00013230045234928866,0.000026491579384130493,0.1382856419628582,0.05187421996483029,0.0539518541950663,0.0539518541950663,0.04099654499355094,0.04099654499355094,0.012955309201515544,0.38936677097907646,0.11667956358315872,0.08641142199802787,0.012955309201515544
978,0.0002458977843356816,0.00028263940052620395,0.0002040588837404866,0.0001997230879643786,0.00016740887734607512,0.00013821761227832157,0.00006150547568605703,0.00010495214226504849,0.0001312240113043521,0.000026271869039303657,0.13828765578480212,0.051874840207316,0.05395317719958979,0.05395317719958979,0.04099760308228059,0.04099760308228059,0.012955574117309385,0.38936882893329383,0.116681251554249,0.08641281557748608,0.012955574117309385
979,0.00024381711077591813,0.00028028770156238164,0.00020233697221889985,0.00019807749074748123,0.00016603192639293821,0.0001370864794292341,0.000060991011318247154,0.00010410221707229272,0.00013015617610924053,0.000026053959036947868,0.13828965301568177,0.051875455262072864,0.05395448943970283,0.05395448943970283,0.040998652603703244,0.040998652603703244,0.012955836835999778,0.38937086952213124,0.11668292564302245,0.08641419775360885,0.012955836835999778
980,0.00024175404291550652,0.0002779554364958561,0.00020062956434987794,0.00019644529466924808,0.0001646661661275345,0.00013596447457633686,0.00006048082009291125,0.00010325904488263616,0.00012909687979543625,0.000025837834912800148,0.13829163379058926,0.05187606517218605,0.05395579100146392,0.05395579100146392,0.04099969362587397,0.04099969362587397,0.012956097375590147,0.38937289289185345,0.11668458596228638,0.08641556861840315,0.012956097375590147
981,0.00023970843178314455,0.0002756424463120538,0.0001989365383393589,0.00019482639249956195,0.0001633115072078882,0.00013485152557934465,0.000059974866920217334,0.00010242257357829024,0.00012804605589329887,0.0000256234823150087,0.13829359824353596,0.05187666998038698,0.053957081970261875,0.053957081970261875,0.041000726216322794,0.041000726216322794,0.012956355753939275,0.3893748991874969,0.11668623262394766,0.08641692826314891,0.012956355753939275
982,0.00023768012966805642,0.0002733485732786048,0.00019725777341083779,0.00019322067784312074,0.00016196786098598368,0.000133747560850028,0.00005947311699309279,0.00010159275142531411,0.00012700363842862368,0.000025410887003309614,0.13829554650746095,0.05187726972905618,0.053958362430820805,0.053958362430820805,0.041001750442058574,0.041001750442058574,0.012956611988762424,0.3893768885528803,0.11668786573901974,0.0864182767784047,0.012956611988762424
983,0.0002356689901093267,0.00027107366093523155,0.00019559314979693862,0.00019162804513322428,0.00016063513950261032,0.00013265250934820625,0.000058975535785018074,0.00010076952707101125,0.00012596956191922008,0.000025200034848208885,0.1382974787142394,0.05187786446022611,0.053959632467205094,0.053959632467205094,0.04100276636957283,0.04100276636957283,0.012956866097632457,0.3893788611306143,0.1166894854176296,0.0864196142540132,0.012956866097632457
984,0.00023367486788532468,0.00026881755408371535,0.00019394254873105529,0.0001900483896256039,0.00015931325548224298,0.00013156630057776725,0.00005848208904783668,0.00009995284954134075,0.00012494376137151052,0.000024990911830169797,0.1382993949946907,0.05187845421558396,0.053960892162824285,0.053960892162824285,0.04100377406484354,0.04100377406484354,0.01295711809798094,0.3893808170621123,0.11669109176902462,0.08642094077910668,0.01295711809798094
985,0.00023169761900321807,0.0002665800987779386,0.00019230585243906048,0.00018848160739229434,0.00015800212232795752,0.00013048886458271312,0.000057992742809581236,0.00009914266823834359,0.00012392617227714912,0.000024783504038805583,0.13830129547858697,0.051879039036474436,0.053962141600438,0.053962141600438,0.041004773593338956,0.041004773593338956,0.012957368007099242,0.38938275648759957,0.11669268490157944,0.08642225644211246,0.012957368007099242
986,0.00022973710068857546,0.00026436114231400326,0.00019068294413108233,0.00018692759531554784,0.00015670165411638126,0.0001294201319432322,0.00005750746337231564,0.00009833893293758348,0.0001229167306096608,0.000024577797672077376,0.13830318029466088,0.05187961896390253,0.05396338086216077,0.05396338086216077,0.04100576502002134,0.04100576502002134,0.01295761584213963,0.38938467954612394,0.11669426492280272,0.08642356133075829,0.01295761584213963
987,0.00022779317137505673,0.00026216053322042414,0.0001890737079933483,0.00018538625108179013,0.00015541176559267825,0.00012836003377179707,0.00005702621730999307,0.00009754159378560258,0.00012191537282109993,0.000024373779035497405,0.13830504957061404,0.051880194038536255,0.05396461002946687,0.05396461002946687,0.041006748409350716,0.041006748409350716,0.01295786162011635,0.3893865863755652,0.11669583193934388,0.08642485553207772,0.01295786162011635
988,0.00022586569069419087,0.0002599781212483976,0.00018747802918009552,0.00018385747317561804,0.00015413237216556905,0.0001273085017092882,0.00005654897146632987,0.00009675060129739177,0.00012092203583872915,0.00002417143454133742,0.13830690343312485,0.051880764300709356,0.053965829183195084,0.053965829183195084,0.04100772382528857,0.04100772382528857,0.012958105357906705,0.3893884771126452,0.11669738605699981,0.08642613913241544,0.012958105357906705
989,0.00022395451946524003,0.000257813757362144,0.00018589579380554739,0.00018234116087383862,0.0001528633899023849,0.00012626546792114353,0.00005607569295269512,0.0000959659063538756,0.00011993665706171789,0.00002397075070784232,0.13830874200785662,0.05188132979042402,0.05396703840355347,0.05396703840355347,0.04100869133130154,0.04100869133130154,0.01295834707225212,0.38939035189293697,0.11669892738072146,0.08642741221743253,0.01295834707225212
990,0.00022205951968514955,0.00025566729372932374,0.00018432688893595545,0.00018083721423954927,0.00015160473552415586,0.00012523086509353353,0.000055606349146015785,0.00009518746019941175,0.00011895917435786067,0.00002377171415844895,0.13831056541946535,0.05188189054735355,0.053968237770124085,0.053968237770124085,0.04100965099036508,0.04100965099036508,0.012958586779759198,0.38939221085087494,0.11670045601462048,0.08642867487211174,0.012958586779759198
991,0.0002201805545185829,0.00025353858371152707,0.00018277120258170662,0.00017934553411625903,0.00015035632640073322,0.00012420462642956162,0.00005514090768669746,0.00009441521443930504,0.00011798952606031506,0.00002357431162101005,0.13831237379160774,0.05188244661084501,0.05396942736186766,0.05396942736186766,0.04101060286496708,0.04101060286496708,0.012958824496900782,0.3893940541197643,0.11670197206197572,0.08642992718076267,0.012958824496900782
992,0.00021831748828804104,0.00025142748185483585,0.00018122862368949466,0.0001778660221220503,0.0001491180805459453,0.00012318668564548994,0.000054679336476560416,0.00009364912103733586,0.00011702765096435916,0.000023378529927023336,0.1383141672469489,0.051882998019921876,0.05397060725712827,0.05397060725712827,0.04101154701711147,0.04101154701711147,0.012959060240016992,0.3893958818317901,0.11670347562523972,0.08643116922702697,0.012959060240016992
993,0.00021647018646406532,0.0002493338438804578,0.00017969904213455576,0.00017639858064378132,0.00014788991661278706,0.00012217697696699037,0.000054221603676791,0.00009288913231330308,0.00011607348832416871,0.00002318435601086567,0.1383159459071701,0.05188354481328664,0.05397177753363791,0.05397177753363791,0.04101248350832184,0.04101248350832184,0.012959294025316263,0.389397694118027,0.11670496680604518,0.08643240109388342,0.012959294025316263
994,0.00021463851565552323,0.0002472575266754322,0.00017818234871296766,0.00017494311283132859,0.0001466717538886429,0.00012117543512542037,0.000053767677705908246,0.00009213520094058126,0.00011512697784961353,0.000022991776909032313,0.13831770989297654,0.051884087029323414,0.053972938268521155,0.053972938268521155,0.04101341239964497,0.04101341239964497,0.012959525868876371,0.38939949110844835,0.11670644570521131,0.0864336228636531,0.012959525868876371
995,0.00021282234359997653,0.0002451983882834067,0.0001766784351340116,0.00017349952259186936,0.0001454635122905427,0.00012018199535412384,0.00005331752723774556,0.00009138727994369221,0.00011418805970307338,0.000022800779759381208,0.13831945932410486,0.051884624706100474,0.05397408953829965,0.05397408953829965,0.04101433375165438,0.04101433375165438,0.012959755786645462,0.3894012729319355,0.11670791242275019,0.08643483461800434,0.012959755786645462
996,0.00021102153915413059,0.0002431562878954848,0.00017518719401259688,0.00017206771458420402,0.00014426511236045067,0.00011919659338475667,0.0000528711211994474,0.0000906453226958908,0.00011325667449627306,0.00002261135180038231,0.13832119431933076,0.05188515788137285,0.05397523141889668,0.05397523141889668,0.04101524762445381,0.04101524762445381,0.012959983794443056,0.3894030397162868,0.1167093670578731,0.08643603643795789,0.012959983794443056
997,0.00020923597228436483,0.00024113108584114312,0.00017370851886174728,0.00017064759421311776,0.00014307647526058724,0.00011821916544363694,0.000052428428769480885,0.00008990928291676494,0.00011233276328713679,0.0000224234803703719,0.13832291499647661,0.05188568659258484,0.053976363985641644,0.053976363985641644,0.04101615407768077,0.04101615407768077,0.012960209907961059,0.38940479158822694,0.11671080970899671,0.08643722840389173,0.012960209907961059
998,0.00020746551405734326,0.00023912264357921835,0.00017224230408514912,0.00016923906762378164,0.00014189752276878316,0.00011724964824811953,0.00005198941937566217,0.00008917911466984978,0.0001114162675766616,0.000022237152906811867,0.13832462147241875,0.051886210876872535,0.053977487313274515,0.053977487313274515,0.04101705317050994,0.04101705317050994,0.012960434142764763,0.3894065286734156,0.11671224047374931,0.08643841059554616,0.012960434142764763
999,0.00020571003663070423,0.00023713082368896342,0.00017078844496976015,0.0001678420416961926,0.0001407281772738662,0.00011628797900299513,0.00005155406269319753,0.000088454772360256,0.00011050712930580988,0.00002205235694555394,0.138326313863095,0.05188673077106629,0.05397860147595028,0.05397860147595028,0.04101794496165664,0.04101794496165664,0.01296065651429383,0.38940825109645644,0.116713659448977,0.08643958309202865,0.01296065651429383
1000,0.00020396941324382905,0.0002351554898611718,0.00016934683767847906,0.00016645642403965245,0.0001395683617710799,0.00011533409539691342,0.00005112232864273909,0.00008773621073231207,0.00010960529085242086,0.000021869080120108847,0.13832799228351195,0.051887246311693225,0.053979706547243336,0.053979706547243336,0.04101882950938024,0.04101882950938024,0.012960877037863286,0.38940995898090613,0.11671506673074974,0.08644074597181868,0.012960877037863286
